Reservoir_Pressure_psi,Reservoir_Temperature_C,Oil_Production_Rate_bbl_day,Gas_Production_Rate_MSCF_day,Water_Cut_percent,Pipeline_Diameter_m,Wall_Thickness_mm,Pipeline_Length_km,Flow_Velocity_m_s,Fluid_Density_kg_m3,Fluid_Viscosity_cP,Corrosion_Rate_mm_year,Internal_Pressure_psi,Temperature_Gradient_C_km,Elevation_Change_m,Pipeline_Age_years,Calculated_Failure_Pressure_psi,Failure_Probability,Leak_Risk_Class
4872.700594236812,106.71736066225962,33962.446716236,12186.33609662458,58.343125867003984,0.5885903191247247,23.271560228053897,8.53911865834863,3.444378446903252,767.7960296984477,25.48384194272362,0.611077242323787,3034.9388301946587,1.2449893089861224,109.00078627388262,17.44605483500909,2571.0255993608453,0.7306599135002956,High
7753.571532049581,103.12636898667579,40037.38846237725,10517.303176698444,15.514772589464961,0.8496042353985065,15.50720963638996,7.502996558422172,0.860146563946715,896.9239402689019,37.59059185311712,1.4307712922516826,3886.1617501354713,2.4572115516353406,-7.542256081609821,5.2719275941174795,1124.8936831622377,0.8667716903139453,High
6659.969709057025,62.307785922579214,13272.92704083245,6119.598256210825,78.51551070193334,0.21258001885276318,19.498205436721687,75.2168433779719,1.5904841515418255,749.2650874682038,28.570672252160325,1.2279736885189336,3569.441101446715,3.341745980030739,115.58333400413841,10.654227193703793,3621.278127250741,0.7689808463577688,High
5993.292420985183,90.71230448635407,31618.830880742946,626.0549768993558,55.18046151623174,0.21680466915035015,13.720965959451757,35.21092195735832,3.9815570591566285,716.794085458506,5.081826572478024,0.8600905131926598,3945.7583302840494,2.234314033331088,-170.5966892789299,35.41442713099106,553.4936146452739,0.8802077364607008,High
3780.0932022121824,94.21760569072714,29015.553174043685,10176.664827065872,14.148349520125883,0.6011365242504768,17.600691550848765,80.64851766692804,2.8790863415546886,736.3047150245947,10.093431602394215,0.48566101723930166,2790.2871935641524,2.1091978655890697,-123.36241283880196,15.073147124895,2052.1630951622783,0.6765190404948945,Medium
3779.972601681013,95.89405028072105,41808.68846262529,6069.70677696374,86.61042517330861,0.9517407880225338,11.811518748422374,46.01461826507067,4.675860778041701,978.9954349402403,11.747081017515038,0.7443392516984314,1648.4815849227102,0.504495465201242,20.613699858544265,25.201553685200363,126.08475071172302,0.9086154362808521,High
3290.4180608409974,112.2155132304599,45398.26596358177,14824.861863855434,46.652891700178856,0.4734979825336788,11.023180395708907,48.034819578846566,2.4293813375360944,865.5252648818654,13.6353484285974,1.188293354807375,1549.9132520812152,4.119320586997013,178.835329901078,26.9726591139743,253.4329699946814,0.8266279065936876,High
7330.880728874676,108.02422920541906,1595.6818023919536,966.952172774428,6.56086066844895,0.39424789022922546,16.564595723390276,53.723847238409505,4.414155646162653,938.9037326438947,28.70476620557471,0.7079988973512163,5610.833970861233,4.502019254096517,-170.09686131128788,31.49134173058917,304.3770251509248,0.8168513641654915,High
6005.575058716044,114.71145835141002,34026.97603388084,11904.142320462923,56.41496139735605,0.6460203908780973,14.962593483679607,72.73798835563487,2.5202994686520688,799.7963502715154,25.69432321144428,0.43764390281272136,3538.820513448453,4.862585882956244,-182.7663135372543,8.129201179579606,2118.4900626179815,0.7502583759077669,High
6540.362888980228,128.83949353879154,3539.954156866722,18858.747631368275,22.78790163115292,0.937403740490528,16.59072738299962,30.982772253822173,4.906617254158934,877.797594365634,10.954841879846237,0.2417608702943479,2547.3464803611814,3.73672123281147,-137.37973002885772,12.887712249962984,1724.974920150526,0.6794935659375613,Medium
3102.922471479012,133.1687164844484,27894.07458879044,3900.9807086742403,72.33241066895722,0.8532350495601613,10.73321162574046,16.550798205685055,4.819254716294946,848.4856401114974,4.3101873293286666,1.760736206440035,1960.574021815012,2.9695654056644805,56.461251544062634,18.485117316869044,140.64119853240842,0.8708936463621094,High
7849.549260809971,124.6310768603845,15094.003723140231,9697.16506963661,73.60398662095716,0.9959352496598979,12.339156636339904,57.82544684318884,1.9811151750023615,983.7213878206883,9.400178019261185,0.8862228217462922,6243.382951069307,1.7117803391391921,-40.40283333190112,15.228801388292668,120.48976079617508,0.750681873076636,High
7162.213204002109,145.99713263594413,16032.05337658492,2282.7288404341944,88.10526202691956,0.12031172488213938,6.677959212578186,36.06287420806023,4.486656516875614,924.2723908162332,49.23468431831156,1.2541645602684308,5097.538957366884,4.996847641835743,130.2209517670745,39.3333040815279,997.4090232481933,0.9083413575316212,High
4061.6955533913806,61.64093244087255,18294.96666916547,12700.797289096376,45.16825779220533,0.20157233024148602,6.045527445444114,47.03667479846355,4.314251183970422,919.1627894489737,23.958800539782143,0.9859166186622424,2732.9953951733473,3.153887845394475,-171.2267394074537,33.56269132533478,595.3198033491927,0.8849302190343027,High
3909.124836035503,77.62001871151915,31443.330003430896,11235.3677716264,40.94611917549634,0.6485209870299598,10.069142593460326,66.459937292044,1.4480617879740327,713.9059808302839,43.49992973040351,1.7464073715323472,1579.3776224338333,3.565193325487008,-121.43436527411957,19.707783430198955,185.03641732485113,0.9008268137641346,High
3917.022549267169,60.68065874803279,17368.44831776969,8443.627722150231,67.81280449018325,0.8385187954004647,6.484937186610916,51.94194540842071,3.3093068035247137,864.9009007011073,42.58887086677332,1.0984003563719396,2891.0364112388197,3.5708277287989296,-79.98943781404174,35.29147641737225,143.10949338075326,0.8541349961634268,High
4521.211214797689,118.27272427391426,36902.25347892374,10666.851918737953,11.92235907077339,0.3567199080760899,7.075494172694814,63.926487624580076,0.8270704201541669,840.0974361705445,26.06445831568081,0.9667550217187355,2544.9645724435163,4.303633080907316,50.692034675514094,14.558464955748574,336.3983822691597,0.73116380414327,High
5623.78215816119,140.82274940549883,20821.841893119614,17983.2058401457,49.222396241381176,0.3152899792307969,21.25856810787874,56.69900020079464,4.265198242625577,978.3526799818583,35.62769771456663,1.8499559709392082,4187.721327227874,0.5435264248111364,74.06907612061889,31.647304631720317,380.60201054521383,0.9127753158096443,High
5159.725093210579,81.91340669186694,4349.3068151879725,4327.738895065808,49.162284011776585,0.8082782194430808,5.7774739403337865,75.28065533392942,1.2854564757657343,777.2025964568597,10.444848510222903,1.4421822961302555,2398.827991924538,1.4911112319411732,-150.31868241449047,9.723348326151692,148.46373082115502,0.7227722705337956,High
4456.14570099021,143.43310903166758,39404.232281721255,940.007978254271,8.05258105293485,0.15074366846790843,18.178855878694854,72.0639786826039,0.8186661562359403,780.9500359873283,34.731438541418505,0.23198431562024607,1475.0979760187133,3.494903000765063,177.52188359669583,31.120559763828272,8724.246316850627,0.12043392591494378,Low
6059.264473611897,65.42406512606047,15002.157905042593,17302.465251632468,37.61856769562222,0.4324443828243266,10.451154976308011,55.74803972181883,2.3009859299246505,823.4038746644501,14.346844383901185,0.36363187778165995,3259.811480680074,4.528155815710555,-63.582345923916336,18.801682724633405,1002.9304831542617,0.7452299587618965,High
3697.469303260209,144.09924241249627,22205.57710036387,11753.783106564177,76.79563187104817,0.5552283003330968,22.430913614162527,69.49578698167215,3.0961496236983956,773.0109140219129,41.77104274095339,1.5763744972494893,1608.0989213177436,3.584024518646103,85.26750520011325,5.192473518697452,3078.8698860843074,0.5638441662254637,Medium
4460.723242676091,91.6460418515671,34586.75027787317,17867.839881505926,77.05382597951943,0.6043138069152911,14.69984569154999,87.98816221589821,4.34712631351897,738.7551753426249,5.102482522336586,1.673344129148109,2933.4369311767505,2.3607108117215607,9.683087579079512,11.65723572766771,198.57232885764736,0.8691728562104103,High
4831.8092164684585,69.12787456042949,17290.35170028689,12140.431856556865,8.93138984277129,0.7557536411134992,11.111529186556515,46.06577233987601,4.884091364847814,957.2244539952403,38.8837949713786,1.09492974988969,3761.820896556604,2.126999731416177,-110.89675458115735,16.68871033691902,158.7819012333126,0.6738369630167312,Medium
5280.34992108518,103.7284583267693,3772.6971511890656,16298.141254214199,8.164879447304777,0.4193611510875924,15.352778713788691,44.212491911135395,2.4777163065643864,867.4829573211748,5.896908421862357,1.1133659034546122,3408.3976285780836,3.8207660372749417,138.4913292461644,30.222423554913046,286.1495388611604,0.8501954537678633,High
6925.8798069650675,83.10989109484572,19322.131303627866,8878.630585425384,23.642592930174178,0.6514159102071465,12.639160380905377,77.60333398097612,0.772011153433716,958.40881568697,44.178272607821135,1.2675465960743746,5149.162839032094,3.8355696371173704,127.29521127677197,3.8463258745070834,1430.1946863064427,0.6908816912003243,Medium
3998.368910791799,85.63856117657306,47277.98055202087,15122.26866012124,78.72894562985941,0.6268378805118607,16.286021293396605,60.342614518989436,3.871020105616418,949.3404296211088,15.906021388615182,0.8838403908224526,2105.189239150132,3.2317609662756066,-41.571258433323976,26.722332808612943,191.43705849750322,0.8291825750163528,High
5571.1721920680575,87.65609684336579,32444.98546762935,18304.30860435219,11.601232656614904,0.5928544905883724,7.290657366526965,11.745644121145911,3.0432796530077186,784.6127064369014,33.06527487669816,1.3635962557329688,3820.8233662850976,1.8116016084380167,35.443034277542154,28.9245319963809,202.4105440795552,0.8600911096147323,High
5962.0728443102125,132.2723308049397,33902.47828469314,11656.397792583022,64.79971223647016,0.676434963827991,24.939810056251023,89.75064149065273,2.5155110518000843,864.3212332972822,24.887611652393712,0.22587770255716724,4301.765043470224,4.663196682757446,-96.86972162562411,26.502933427104306,3362.343348212396,0.7844508016186775,High
3232.2520635999886,108.52451490077291,31981.825528244353,4025.310435966401,9.10490576517929,0.3335042539612687,13.511117553934351,7.924394712575813,1.8917099545648535,724.9653108220211,18.94885411785461,1.9229456923110988,2118.540226189917,2.9834597395338758,75.9406514985206,30.66611588853467,359.81550032623005,0.9446674941537162,High
6037.724259507191,88.01769292404033,10750.614809012402,5741.553493088864,56.08240683730428,0.1761838782261661,11.964612794147374,76.0976538399256,2.7607933752959104,974.5755652092275,32.62664982599132,1.5028080993518942,3344.2268971166236,4.057215603117488,-76.38927495182743,7.948576024890693,681.1065870962199,0.6952235953137484,Medium
3852.620618436458,114.93004049798265,21498.359341011725,4373.569249499413,32.04605692072303,0.2073445048357691,19.2041969663253,77.08544355690972,2.0240582200566393,821.2788145195459,47.42862604701066,1.2660366659779239,2361.398524673327,1.4643871797282424,137.63149375289396,23.897030847458456,578.7469510949815,0.7977345271951076,High
3325.2579649263976,124.45356068008742,37796.050119802596,5313.7120381167915,71.00225666692803,0.302124144388511,12.27798812990665,95.5455531017834,3.9065534048631214,818.1028551667064,3.022217621356471,0.6394808934488666,2162.2606229118483,2.0481835487662754,-113.04595828909028,37.70465294095131,397.1877197794831,0.8527606097909758,High
7744.427686266667,84.53616006601804,5967.271980104798,6475.101262345209,21.032140394282724,0.5501781419705067,21.66548610057515,10.142768798220471,2.947521634216885,790.8266111853859,46.02378993827211,0.330301420038891,3303.3252355151476,4.435607823743041,-194.07863087261435,24.82058652237697,2937.3492180845983,0.760477861031071,High
7828.160165372797,97.21941913728163,14614.786028395902,11325.108841687175,57.52816464509639,0.8563984754914181,14.085414487208505,61.701401774526644,4.445814983693504,838.1991234132112,30.845001096029662,0.8245924980195999,5517.206110115156,0.7254816347298578,-92.59678321283262,24.84211753116517,140.1216880157822,0.7363859970725857,High
7041.986740582306,70.96974840032527,14539.636314826826,11965.83677454474,21.211428111829644,0.7311640078795457,19.3911682653087,45.64485420957003,2.9459476159224893,775.5278159636345,40.55840073768356,1.3265377137423764,5458.682423503457,2.8054189006549795,-123.57900541620532,29.72114604241749,164.12186418750687,0.8044365164090189,High
4523.068845866854,76.30344145812123,22168.927452130793,8816.745071216292,64.22942548009384,0.8101365437818424,7.149064328837731,36.41013071165649,1.5721808600296852,812.4556818390414,19.8098727182796,1.2710823894119907,2409.075379941455,2.6676746592980405,3.314575889969717,13.994965052908503,148.12317864322165,0.7998953310844006,High
3488.3605700319195,121.30060685684845,49038.06830616707,12500.70520650629,78.6310231104674,0.4158780615334823,21.922383711102235,13.580263228411939,4.32991347004465,939.9841145754646,24.12030576704307,0.7714558985804872,2269.2957302614977,3.8805358500863694,-118.51868333736948,28.318560151540083,288.54611747856967,0.7485550253132228,High
6421.1651325607845,76.32945129260642,4307.624787507275,2090.7110494216354,11.412161921408403,0.4641883674836952,19.714359735562198,58.45214136877437,3.0074857021851975,950.2766510755516,43.57368683825704,1.2304399237279282,4292.632063795761,1.7685219676969959,105.27594828779792,36.733119499215384,258.51574146613024,0.8232781185438305,High
5200.762468698007,107.26470453003542,26416.348724649157,2211.870622634119,77.99361197359532,0.4543136973915516,9.234335569239313,50.508868939088295,1.4307846716460255,791.2547432885549,21.32755052068133,1.6293591081794196,3282.3248356779095,1.4858006983681977,-103.45174479839842,1.4249234479883768,1825.8635679681115,0.7478021144490592,High
3610.191174223894,123.81416355501895,9788.869418598311,3850.6744769743395,53.421772897286814,0.27268586596405137,7.905720194915733,14.932673524347305,3.3057851448029996,840.7043291658364,27.198318770705164,0.06230669695183806,2070.652419953463,4.667597774479551,82.7872719650623,34.93440860324575,2521.1747141908213,0.7332737790456422,High
5475.884550556351,69.61892307852695,48563.15072507746,10602.511211786723,11.439944178032157,0.15509499232921484,11.325846974512487,63.18650317422292,2.109725442240924,962.1459328840157,1.9895512311323125,0.9067358853812486,4056.6665719098114,3.0726934338130913,31.388369205489624,9.526114919095505,2079.8944095346174,0.6943838379249139,Medium
3171.942605576092,111.05809976660132,6551.871731645746,4672.896234617115,38.47876698237408,0.6318244835445042,24.521411720638085,75.10554642402916,4.299825255314296,715.8019995489092,8.771302286064072,1.519524904648914,1663.5676596283665,0.9711030572764452,194.49994258875375,18.781007674314633,189.92616323888865,0.8106706810002164,High
7546.60201039391,83.09065053312274,20776.449115717973,6024.045868105258,14.47742641365881,0.9902950150785275,10.136631491341173,77.89143860009658,2.5398488239094426,966.7434885987357,32.44263889076519,1.0968274962221207,2494.54045024958,1.368662729964445,199.96039080369263,34.24156423715288,121.1760113631233,0.8815823569690961,High
4293.899908000085,146.66341877138217,37156.3642568957,8306.100305373384,63.03130999799126,0.25014673445523655,14.122544178932666,91.0104528849306,3.7689861114833754,765.7553036956995,36.13186815212998,1.3064374149788491,3101.3902443856905,4.994717267814117,147.81043332693196,33.13257297080853,479.71843510703053,0.8602984611679366,High
6312.6114217699105,103.51910820479323,35523.16697334482,16331.389418202407,68.29813209761546,0.1420163379093464,5.600404514346726,43.89972047943383,0.9299129343630672,903.5617732643127,29.547445902440472,1.0381860212846306,4021.07436537321,1.3802404831348658,103.99334771950043,35.78517164691618,844.9732035521143,0.8862793114462859,High
4558.555380447055,132.53932947976423,21713.70320780268,770.3116503007723,9.521686824551907,0.8015785136415396,12.944550591324651,95.541913019103,2.282109558360558,874.7655089153801,8.022191777504922,1.9838303439177989,3303.262854744636,3.247139801091554,-45.417434399770514,37.67625491266852,149.70461153561206,0.9677408821492558,High
5600.340105889054,109.52038879406356,17979.684229683193,13162.886994614137,45.55258674251799,0.32732740601625177,16.426400308662053,87.21579348285518,4.924586464125794,865.8822244567756,22.824866000313907,0.11869685761318606,2068.0584310124045,2.3905763554802815,101.31069085252142,18.439121314098585,5219.630604651537,0.26937850278568964,Low
5733.551396716399,63.90712795693373,20483.006549090656,13543.092355293364,73.31625504233254,0.8466794248176355,24.062492250159302,33.16764924727421,4.138071302647168,957.8080674258464,18.399643551796302,0.9871791953270308,1808.2272015212297,4.485195926824259,182.67021483179627,26.59818862123927,141.7301477780053,0.8756191409107318,High
3924.272277627635,116.98362380346201,13949.536894773324,16073.787716954412,84.25467373958969,0.7335430003310639,15.334720898801288,20.131888548198553,1.219733610651179,730.4716430933984,25.287405857719328,0.1919189327378902,3010.651736160347,3.898258665328975,-190.64896984182235,16.22865918051816,1999.0867246109472,0.7422719323973325,High
7847.923138822793,145.62630079859912,11061.313996633191,18688.682311676108,46.2166080067593,0.9511061833457242,21.382146523553757,46.361992632161275,1.7499382226476479,804.1084075976908,43.646122693150616,0.3279732686060052,2934.057136518744,3.1862812831781713,15.16588007909553,14.677951982194466,2090.3874993930895,0.7705261875102098,High
6875.664116805572,114.1450638131698,24668.94518038561,892.6880545111517,85.52513012502664,0.4680345121810048,15.94255285137801,43.18037725581683,1.9841711398536248,861.4758239034297,39.01721049427394,0.7722463173323411,4846.1479783940495,0.5483254180909212,-112.80067824462617,17.83222101330911,556.801463346908,0.8082930816446376,High
7697.494707820945,133.72699734841112,14158.154047312759,3498.7822575077157,48.212007341042685,0.6957728555055708,5.815700268710362,59.69333400646441,3.4266450222295055,943.386656183812,5.115485568068788,0.31952478208596974,5477.575499026798,4.459078433720569,23.150526347540165,29.979969256524363,172.47007992688097,0.793780201068309,High
7474.136752138244,139.5785817013567,15085.621579965256,17780.340234091866,35.47714451399172,0.5183693027319436,11.30016550379548,60.42169207113606,3.90647641770345,764.9329250235014,44.62515069095365,1.9277374602537356,4890.720818568878,2.5010036187742233,-13.421164096443533,20.556189138520562,231.4951895638268,0.8738831098359692,High
5989.499894055425,80.52717947540393,33181.0471102533,9441.111962646799,76.3382815697606,0.6675298275776892,16.510990156622064,76.24876351609765,3.872869739635594,940.8789524122828,24.116590406341356,1.8941116556830666,2189.947467933743,4.692099438583594,30.307432620913744,32.74832730348534,179.76724790778587,0.9337647559449221,High
7609.371175115584,79.0840355917404,48458.329253294716,11509.517459202538,44.368443941228016,0.5046390154069637,24.011879318622487,53.43954507953297,2.7944332533788128,819.8915447481808,37.44924509941392,0.6788581959790015,4822.053280557074,2.7299255578439054,20.384888567489668,30.06352061065008,856.7736957540019,0.77431455732936,High
3442.4625102595974,114.98828899658926,30578.22282740938,13429.030472601375,42.471225950807074,0.2697690217816674,22.182607195024666,14.958150889372726,4.148692420271681,756.6741569301087,7.861922331953255,1.2830979469549824,2563.0623688166443,3.624010201322265,184.0428156674248,1.7986599838515738,8840.785408738247,0.20293718060410842,Low
3979.914312095726,96.99256228260342,4771.993886183347,13741.79878766493,44.128124046884544,0.5571076744030429,9.567112283576954,86.53767687754508,2.466851372408638,927.6959321330448,33.865256759645355,1.0721691079816345,2040.764035325053,0.8118169225998897,20.87444357389444,25.579288127140302,215.3982174605358,0.8699827253694616,High
3226.13644455269,135.58751725800482,4703.597078849281,18668.93786467191,76.21065016827708,0.5757257812936981,9.40219660038327,34.42763540259277,1.0574625438300287,727.2696704423644,12.579974862863438,1.6330180912263796,1634.8718305395998,3.853182440870536,138.4928352499469,18.02627380903505,208.4325626869639,0.8171497980236623,High
4626.651653816321,141.002081105821,47619.73782143273,19940.51363952756,74.8747387519247,0.829543463434145,9.023459342278015,97.27325872912624,3.03998828744216,854.4302122226329,22.480663959905645,1.258616763535715,2412.4710613558564,2.0209821409036532,-72.0718852796614,18.808530576894523,144.65788146075417,0.8180434363048554,High
4943.38644844741,91.80792413724463,15567.248725059348,14543.070488153335,36.31679931961901,0.7619686352142231,23.449977926050064,16.196710324578163,4.78535623070498,719.1627351585665,1.826280634023116,0.010502384436218587,1686.3668092626758,2.0811155644930137,-24.75972448358044,32.91654910092589,3638.618379600285,0.37756175683366244,Medium
4356.745158869479,81.31835030770338,5511.282318041296,6100.813579500441,29.99698738834725,0.6974124615472996,22.053323062034412,96.0338613620878,4.0684714312663015,806.9253565473363,8.428921258593325,1.5287170273633803,3250.187587390408,1.0339513011922548,-11.834609582076041,22.356711457302392,172.06460540404527,0.8751229765322308,High
7143.687545759647,130.24729637194758,30353.184770368698,17655.1718447397,44.27352216352163,0.20204838599731528,20.497668645058976,13.646121653839113,3.104152914615091,880.3230397019178,5.511944163057368,1.496227761379275,5247.69166393053,1.1608571688809102,-88.50878266584812,35.53925111489894,593.9171422116408,0.8998498625149247,High
4783.766633467946,84.73254319933224,31558.79013622304,1459.8078335448513,51.549525876339814,0.7485546615973435,12.854702284484551,26.94843310497065,3.410625471570936,866.834662446164,12.747464473974665,1.0243481840772972,3822.0126484438833,1.3359157529279457,-48.08389540881791,28.799418103275926,160.3089342118738,0.8094563803594067,High
4404.6725484369035,134.03528866623105,32776.736185815724,5006.076631052676,21.450348956519726,0.5502746407190633,15.087614085975336,9.425094498221451,4.687529121660077,821.3966253714,5.900886411191792,1.8068087567337772,2610.1718241141357,1.9769277585714007,39.40523178671009,22.56076034179806,218.07292417326693,0.8594863426357667,High
5713.480415791242,98.13644282838865,14102.699365019524,17999.02149054244,71.45595762440315,0.9046895824955433,14.286634895903056,71.98574893070452,2.427542574957322,828.7143981916347,34.903591304358535,1.8178079493238992,3860.0034764229563,4.513864607490224,32.07510532181294,30.426981069893046,132.64218171827036,0.9590821389741335,High
3704.621124873813,120.07949093623233,1740.4235265092766,5495.734531567422,43.78344891591806,0.9278838407174885,10.067962151187453,85.77837997432022,1.9912736252418681,768.03086600523,2.422955208251749,1.0525842366417504,1486.7976502243876,2.157171072035362,54.574137829392214,2.495612986090885,962.3341545229467,0.7128816483114031,High
7010.984903770199,68.59817824512014,48285.75310326912,4802.695662624095,30.064099357796362,0.14964093154160693,15.100560922975339,46.23675277251814,4.89758704250202,836.7647765272309,31.2692845306249,1.21989658008111,4443.312704831666,3.759632179534483,-59.27283383194356,2.0562625383001016,10097.878826358117,0.3234895457724177,Low
3372.753218398854,116.14733922089158,13293.759238864022,3193.443216234821,9.613889366759155,0.8385774043190309,5.60993095705509,93.20959712903083,4.3854941007965005,985.9764567162503,7.894683710453139,1.993078923130098,2107.520243892629,0.8723637675044214,-73.66740193877716,4.25062374991323,143.09949133132955,0.8336312361899365,High
7934.434683002586,100.65909108635063,34125.288114574825,17252.67927411487,21.496064436324623,0.13392765138040358,7.636207469949183,61.07841181678196,1.9536961307837108,955.1358753351371,47.312911401716946,0.6046522672747209,5955.621330044079,3.1599445967239665,44.647153101665225,18.065047680738562,896.006155287201,0.7300646542577823,High
6861.223846483287,112.79476168579268,35624.86362405677,10251.13605422619,85.43530545803853,0.43045266312552044,22.73179192337893,64.8506778674197,2.587012688124153,743.5698607229032,46.72160958238286,0.65598831219984,4908.494574659105,2.668510540716978,-146.85530062899002,10.18255567945078,4474.960185246932,0.7713070340204735,High
3993.578407670862,75.12127869703771,30890.3634368948,13660.417459556018,27.458971813757394,0.5880699780589712,20.033595340628466,85.31482416157314,2.3678515805350955,708.9342361962763,12.049652023527168,0.37372006630035776,3071.9932230180348,4.90081076129527,-98.78738258714401,39.386190482215596,1084.3986234094266,0.7856096513121417,High
3027.610585618012,126.31863704497638,16332.462316468762,5161.794489463078,15.197336043033179,0.2332907187644147,13.457368181181742,33.1960194799247,1.1709305540214525,980.0572938149892,31.106643612928444,1.7927752089241573,2223.527885230726,4.307934964455333,-183.14890521880193,22.14931542144331,514.3796574315512,0.8806755223587682,High
7077.3071422741705,137.65173697889057,14283.716434439222,15281.788209718721,41.460551248949386,0.7716824313121691,15.343007245677544,38.65524352612445,4.810186957159666,858.0249249642243,2.3722606541504634,1.4915318959990398,5197.198896091058,2.546733975973924,-170.95565896156796,26.83421409716518,155.50438254237815,0.8130859990023798,High
6534.286719238085,79.5065820081698,30285.745852432454,15320.10812676092,27.637896902422384,0.10751923375492473,12.399977719199548,91.06543232349121,2.3194059404889145,861.3513469447923,46.65763860950753,0.22022926925178138,2168.4792594153064,3.9881424382040245,-102.64668829575645,11.87398531362117,10920.812883891509,0.09211791040789026,Low
6645.035840204937,68.61430999681455,43438.686046972885,6595.661485711853,3.164332524407474,0.25173914359063315,19.815597343213447,90.59153212368255,4.438980871870585,934.2153987119567,26.626378101393776,1.9637170288839516,4804.234499618671,1.3686743358219988,-192.18828788123238,13.550079434916743,476.68391291240187,0.7801403251776474,High
6856.3517334297285,62.12747274417028,47389.952717246386,8508.311343700516,29.083069555147553,0.6227171468681281,20.68374358464159,97.76586373908273,1.3521030245629928,794.4066921613979,3.1179344194711707,1.464613799240621,4139.4482916152,3.0305134732630012,-101.8357631650154,14.08301465150508,192.70386338889784,0.8541922793095438,High
3370.2232586704517,117.77743503989393,6189.384415784124,4588.960409888917,48.96977615455217,0.7429488058335632,20.265703804063183,90.67464006195875,2.965418647867489,844.5722706508006,17.78249965739873,1.7025389981138994,1652.1583475880211,0.8357857500591868,61.990529224810416,28.250692500861724,161.5185313682066,0.9498325506659775,High
4792.3286427213625,114.63846324799027,8586.602017288273,19542.939954796635,49.654113481797026,0.9249787924245245,19.45223449668899,17.100343423169285,0.6078262330592141,990.5988739440213,4.7656236312004765,0.10582007045466983,1573.1169194101838,2.066400645132574,-175.55716861242678,19.47454209988303,2256.2381609664017,0.6738779871715546,Medium
3579.3452976256485,109.2027671442663,47292.076680370905,13089.250252639027,32.090302905919984,0.7349469867411614,9.090086773855916,83.25380718301379,3.9389921772903884,901.6446060797222,20.254277529294633,1.0148722286949137,2286.61780880781,1.5163798172997665,-25.305328882143613,21.1896624486729,163.27708278945894,0.8088791591215794,High
7315.517129377968,80.87523865043778,37090.226188404835,18723.605673952552,40.25724806273406,0.7046013432293794,11.759399584809575,43.93465542041144,3.1141125421082525,746.1235095987358,33.82639076590483,1.400210590586808,3395.1379027882776,3.735094168963449,165.24351476781976,24.088116304214466,170.30907072928275,0.8164681203442485,High
6116.49063413779,95.18153963149632,44266.69741665888,6416.018100768097,86.89661264112898,0.4549070317155979,14.3969086996735,99.1261288148641,3.315153125613887,739.968024395306,24.02460549403054,1.0904637032979643,3265.5217620708563,2.7054081104646266,116.51393157016037,30.983654593290463,263.7901628986524,0.8239476116944513,High
4654.490124263246,113.50287016675557,10928.999072631816,15746.87280343935,33.961362950728045,0.10115598297412128,11.615859828553113,49.8666916112361,0.7327439714959405,761.2794274999017,19.802386561253268,1.336628456741562,2982.896176130244,3.879817154816047,-77.8249990820571,4.524420191986648,6605.708395255907,0.461526570196156,Medium
3317.791751430118,104.70901729732525,29791.707684360692,15434.24355575247,23.240413193398467,0.20814333286205977,20.098804003166578,57.614427837710956,1.4496724859387693,930.0135023262153,6.838695231482776,1.6375693865450405,2507.876561069352,2.8188294693415052,169.92219167665883,31.298082576534043,576.525792827225,0.992031206727164,High
4554.911608578311,148.90069681933986,35355.840126456205,13987.28521139756,21.912033966008412,0.5810990902804353,11.587070484999094,55.32861694939586,0.8344889255911108,788.6131011521848,13.002013238989159,0.7549307552907905,3246.3695770926347,0.8891799896823733,-68.14140130091008,22.966167686132014,206.50522777808627,0.7964516718072777,High
4625.916610133735,72.27957773010598,34325.48238690166,19329.960017702608,41.19881514337207,0.7076168972599777,7.764641735706743,35.56501783653639,1.800114421117153,706.416654002524,5.907021099179206,1.6988506644812325,2429.987355039579,3.8091544237963704,-170.993801464975,27.09472234935503,169.58328788453468,0.8795769764908821,High
6648.0308916903205,122.56300986428344,20999.432852468206,8174.329054073153,68.35681338452497,0.47570345550681625,12.980809040966081,12.127098444827226,3.3234755345696794,983.2523090516986,40.56743785117638,0.33420304848292853,3283.406472497465,4.249531687945125,197.62238270724544,13.774518828789716,2113.246669122593,0.7707081529705233,High
6187.787356776065,96.3886891293863,1754.3496928741154,3048.9878100002675,18.538936576962588,0.7576111103755512,24.598288655647607,90.08686688818226,3.0478369294281884,750.9140249184732,7.626751571251406,0.5490632495024858,2598.1892252479515,4.565890516607567,148.0090108756687,16.966086635841517,2420.6879418844846,0.7030759746781537,High
7436.0637128816325,98.53796534330533,29563.376783408894,13598.322755259185,63.83665144266912,0.5696760657989609,9.517628258671518,81.25420218999724,3.254674197260256,702.8674558444205,30.17329496089578,0.09625778365537828,3615.5136389274967,3.0739637538801867,-13.626886679563057,10.01546696650289,1801.7737699840497,0.6711454018550608,Medium
5361.074625809746,124.58379890923587,13401.975419800829,14721.54110930552,1.9034841014474657,0.16675857603488098,17.24317317886458,18.255044153168583,2.9716307212005244,771.1394807149969,17.79428026585345,0.7352093545571498,1905.9863723421427,3.891134115497728,66.55060967696159,39.19269989927881,719.6031703634812,0.9370822999423748,High
3597.9712296915086,122.31925361919326,23062.458061001627,11713.681182446886,37.703968018555145,0.27281462587115396,13.659460996794126,78.79298577825692,1.7286295805413672,770.5086361354402,12.072940848103991,0.7660199941999994,2826.396208953119,3.884199515971822,68.49123114266808,20.38311592790235,439.85911538582286,0.7367006540762802,High
6566.223936114975,149.21303943319697,47921.46973910705,4532.948916101227,69.82785586825082,0.8559984009195486,6.420491352986533,64.45543327480794,1.6002837380499135,826.6015752537169,32.33395353511308,1.6124884884424293,3854.102409775148,1.2008739190952495,-122.20710770781587,39.846999716067316,140.18717776936393,1.0,High
6803.925243084487,71.55548605087127,20552.7305644793,10336.89086255243,30.48596601969883,0.7524214719619955,14.75753211996119,43.86865985217412,1.1167685759146158,976.1169494500111,23.39311315947009,1.3097300338764155,2475.9682729293645,1.2389930935680684,-119.98054673854708,20.101653144389388,159.48508179476988,0.857509308901782,High
5806.385987847481,69.36986844457498,42150.278726556906,6587.699863098023,50.73633913008595,0.9052857883112455,19.04328657296625,29.132009164078458,4.320818937065715,963.7554753337294,20.607127896943396,0.8790778907297766,2766.1797306692165,0.8189847761410676,-12.167718659269696,9.570299310978626,1409.0906776542147,0.7337831930511298,High
6854.835899772805,125.1904935415867,10238.489681713305,8835.597299250438,18.448130954331972,0.2058015242088429,15.264399516556376,86.67423443271208,3.2741571134356002,837.0683664947284,30.049748239718856,1.307706817461259,3931.382550067763,1.9396113581313565,164.62925605507917,20.79064347273741,583.0860605202643,0.7850522191531571,High
5468.977981821954,112.05482253057681,33950.56440322641,13081.762228970947,66.7795852013555,0.9912002811535665,22.442121274931623,71.51788463293504,1.339299556268269,823.269971497542,25.072113796010036,0.11503886752622541,3097.8633013556314,2.6307886448347904,-196.00249005657167,2.5442273001640343,2681.5290514422086,0.5871484131640226,Medium
5613.66414690997,84.67445999038253,48873.34076750823,15031.687482471274,4.705119294188366,0.28846604255494024,10.778740333151653,57.035291399568,1.297442209195578,866.5027259424554,15.870726219026478,0.3687403566765684,1783.7512381081467,4.990540337393976,113.0022543797437,36.2860222554561,415.99350459818925,0.8327767005874702,High
5137.705091792748,67.1477432090088,5992.761942773903,5028.381472576191,76.72883803879503,0.11060188865797782,6.724983426079298,62.90901072035409,4.428660206867615,773.0362035915298,28.394003100497333,1.2576262319310925,3983.8819390600183,2.4394700393067628,-176.98928651413834,32.9234597965832,1084.9724309056298,0.8192130824319458,High
3127.095633720476,67.70924246367875,1407.6771691324086,8403.84453261559,17.837674777950134,0.9976806451481988,23.73131223316012,13.651287297807194,3.842288886934937,715.6554975899088,33.80543025098403,1.2863199702583514,1368.6917357026928,3.768091648283169,-8.711154046752881,29.307000307077104,120.27896961173863,0.8817041915121332,High
3539.457134966522,140.47717871977065,22245.5568389981,5748.650634336769,78.69582285374976,0.3529664969006019,12.56392699056438,50.022377286563234,3.4672958595741714,981.767240851362,2.3079647707558597,1.55052797082778,1090.4796114539831,3.6202866182264057,55.14913322939057,24.78324190225594,339.9756097355408,0.9060215557960949,High
3157.145928433671,77.26805922468687,5538.648669516992,4373.316470306448,31.72763171704656,0.7012175072613039,16.52811102907267,23.40152781464169,2.330888483926849,756.0096954631518,23.82771471647609,0.8119695205166684,1067.816224335367,1.420168776127608,74.70370683298592,23.613535113144163,171.1309240818524,0.8485256362578427,High
6182.052056318902,89.10344059039687,37670.83313413533,15776.050789918849,65.04152170270379,0.25901408275867466,20.84006252260392,24.79644950583841,1.678890039253329,759.5202187737149,3.8264809445936447,1.447882652266151,3648.0131642406222,0.7632821815224639,-176.60829455363546,39.87240034909905,463.2952722953095,0.8742324132490993,High
4571.779905381633,80.39907620042892,45812.88452857939,18230.427541521352,28.73027680075696,0.6222056789792275,11.48627327751161,67.82387641725234,4.907528434007707,841.7380986561843,10.133865289337443,1.371120861794777,1686.4965089519667,2.9570303819011436,-32.5585530464127,11.841899926777579,192.86227055476013,0.8621339506714292,High
5542.853455823513,91.94966752487436,22267.027662729182,7719.527620849246,81.53205041111828,0.9136314878091033,19.323290763552222,91.56933442425736,4.087578087602601,847.4840034520992,28.464927969820682,1.9271528229559995,1778.4932428778343,3.6513751654151423,33.53490420092987,31.40769024925754,131.3439845289933,1.0,High
7537.832369630465,66.24814584714841,13676.870465616606,15149.939025288453,11.397341296653693,0.38816305068559476,7.708376996356561,43.35687799544292,1.858006504113244,705.5302629102226,43.443256848013455,0.4381091505851115,3692.1300443362234,4.992133055838152,-173.58178507759723,23.67478603833264,309.14843591642597,0.7826924236358541,High
4246.461145744375,106.71538118174433,22285.76263132388,17991.408142606015,16.066781034533882,0.7032285784399233,10.825874944110105,24.736180936158085,4.314041583253227,744.3864216321912,44.25747828023576,1.1078423318677526,2596.2039468983376,2.1137497352652685,-145.9621773618761,39.05934120659652,170.6415291969702,0.854178510148525,High
5051.914615178149,66.08513072329934,36448.94307465005,16999.422105339516,44.37271126429221,0.2691132299185749,7.894212722730398,66.63095903748214,3.9151937687660667,813.4464455682225,4.427256496792932,1.207511239799834,1798.0769568724513,4.533640529364935,65.45959580161542,33.284324148631846,445.9089582340793,0.8707672803051304,High
6777.755692715244,132.03208570401256,1443.6539174381778,4064.861076514905,7.374459513433152,0.6623158588468527,21.224611168027156,87.76276940328019,1.8368624744509927,905.1192080531617,21.536149228048625,1.9973092910190993,3095.1564568394256,2.2186960514113387,8.655278636260675,39.94247940659412,181.18243493207308,0.9970634638789552,High
4143.990827458112,81.03408737193897,29883.24548475016,19147.691689510546,17.638216623158574,0.40280531663575914,9.452984704535707,76.09028610663663,2.419487844087379,768.5255370495807,29.567317667223012,0.4103564429116369,2108.795443879855,3.602352687937308,-135.26853549268378,23.944674784035406,297.91066563431497,0.7742821936478685,High
3384.899549143965,108.60107231440595,31051.292559481575,7845.1905883745185,84.93897439908129,0.2900874327291565,19.348071108104207,87.53193690097578,1.33679050425962,826.9043338725288,8.206425322966826,1.0512038597349116,1285.3480712956298,3.192138187326734,14.095734765893383,8.977214344252467,4099.945446038856,0.2315809092060375,Low
4448.75726456884,139.20711788053126,32246.72409790084,7115.192892889809,87.88406950330985,0.3818638456332717,23.865967944913052,55.97269374602594,0.9997359997014921,867.20351941494,38.50617862049381,0.6989087623501413,2460.327145476877,0.7384045698616861,165.0769493777663,20.64379439209462,2965.8233207614553,0.7657345519448079,High
3806.106436270022,118.57896321424747,12859.081919062983,1717.4108819167166,33.86333963973797,0.2609569616570194,15.55544418137754,76.42824321507314,3.7524291477786353,966.5777483869877,37.467527663424704,1.0565270074722097,1303.9988731898582,0.8527479213661633,-193.76496608985443,28.73333422797241,459.84594255706514,0.844782033977054,High
7648.488261712865,107.96620078962017,35988.58344552821,9980.386255045218,83.0957418912542,0.9117244970540945,15.800583845213755,18.306133139098964,1.7038033580924,797.821150698137,45.26370967163294,0.4719359181851808,2472.4445651377546,0.5934384037600744,57.05350939434186,31.200055061081937,141.64242150049432,0.8164492218495399,High
7040.601897822085,89.1900377803838,5478.182830257044,2625.76550499811,49.03422081060886,0.457468197685416,14.22067136195624,38.08608845950319,4.190267145858141,740.067479759045,1.415814592088708,0.10474863307070134,3942.1575056203674,2.1687533806729524,-170.53982615786322,1.0198895716217993,3702.247997527826,0.5904408538972825,Medium
6167.018782552117,89.97017217523782,10764.24648687324,5346.526508084807,24.276821928639034,0.3207513744769306,11.517802867872856,42.00717062574463,4.980239201814918,846.7816677692824,11.61752795546113,1.1494052532564007,2614.4982783118653,3.8561047194470484,-197.42022281411965,20.696056451589467,374.12154568531946,0.8015114717344639,High
7357.302950938589,120.25382596783712,43996.03228606961,6680.381124461987,63.21588489725388,0.5035670569143397,14.513100618498342,53.573095893373285,0.844789162683419,924.0164805052186,41.532148998020766,0.678350088563056,2558.0378844267807,1.2773992729582522,-139.7382045357465,10.174148618855217,1813.811899885018,0.6898377090562658,Medium
7018.360384495572,149.47254250990508,37197.43438560175,16272.113308087839,59.301162591737146,0.388482550125846,17.056150645335187,93.26225422439825,2.628658062876651,732.95792711582,33.858422490519835,0.372063389479383,3593.0937706047775,3.2263383577275313,-30.83734725843229,35.12156149693675,1232.087288250408,0.9086771231385751,High
3932.850294430179,119.56552708644408,1673.5321465559173,17572.02868271998,89.021278719786,0.7699773284319934,24.719831443413188,88.05817322110656,4.109281516898614,827.4050475090881,44.82510283122605,0.6546317764952871,2979.410851757072,1.7997250101398505,120.93759959278117,6.963312317958914,3142.1329204287513,0.7667650722094823,High
7462.794992449889,110.20050756330224,13170.43675812021,6398.093190498659,23.854255866835498,0.9740979206969449,23.755291186364484,17.77992176747253,4.050279034435551,705.335542378745,3.8018030719830596,0.10806760088101239,4941.0883799652975,4.086466807905825,-87.28580135817654,26.991793733418504,2567.0954450915283,0.773530048834749,High
5696.711209578254,125.75854592153215,11505.917666665064,17244.61336426919,60.485355239556185,0.4942302910278822,22.243059165862434,21.415016928834003,3.919987212489358,710.0677544941753,30.2512343201057,1.9013800458393055,4032.1775267073963,4.09278267051346,50.26928495550345,11.37642542267207,242.80179134797336,0.9132855815606779,High
7037.200775820313,101.86850510553464,14269.510073811656,17216.003278710927,4.682137952650221,0.8749300599750164,22.782610714097167,38.97585221094658,2.070477208858599,844.8860089649997,28.883282169790036,1.1664843507967884,5179.077131816524,3.989365317348906,-35.53734481787734,14.905143585356617,740.081186679578,0.831097219955356,High
7480.456499617466,65.41281083407067,13130.428743714434,15410.693532505034,10.228143482704747,0.6092767662036576,14.35698366584086,32.620667259614024,2.5423396505827354,789.4591894452789,2.748046401666086,1.6313896758805795,5881.986704803789,2.8617508121061954,-106.26728321359681,37.68181116951695,196.95482686416548,0.9606115814113455,High
4590.01737485932,110.60671342901188,4063.788491399441,3360.55472329604,0.3526537455983936,0.24151209858481015,18.148886543549295,63.40324054984492,3.177357608036616,953.5321897016237,26.162581768711693,0.8520052131199835,3128.6627293237434,1.7805501953593326,5.698845713143442,10.3774768909151,4624.474974791767,0.5741434555328055,Medium
3550.259622638384,146.1862756054842,23488.085313244195,13961.295514564215,89.95146129537058,0.7215604678732074,22.901334458724282,90.76372453763176,4.882732626079657,880.6462918379362,30.866495254186287,1.8075961884567096,2145.080926469045,4.142498197453856,118.98579614904929,4.705107711094296,2394.2109361348816,0.779946978165279,High
4139.675812709708,75.77726481218937,36903.94026452209,18927.96925932109,72.204632743273,0.5620910474132381,12.85901529982706,96.41769645889575,1.973962719223218,836.179888522897,10.373365535903254,0.9718032608889842,1998.2750828255953,1.3374525287265868,132.99694802245767,3.7021111563248077,1977.1796719178287,0.695327219298174,Medium
5135.5389431312815,122.10044017385991,30729.854511154383,13809.539335959564,70.80507132601868,0.6855458709268931,24.235249566909374,67.09228049084652,4.654147494725859,822.3806113162889,14.393149573108484,1.152151191179332,2007.0796404886637,1.803918209128952,138.6078127508947,20.679989293879025,175.04299141610153,0.7619613069327205,High
7090.0738296124655,78.08403197931509,33970.71176130591,6966.528557602762,45.87534677593617,0.9007186713144985,13.31572124138366,84.62512413310324,1.7121061318122235,849.173644056869,32.37701996858911,0.9886700203246871,4561.256750070715,1.3277646777227972,-64.57687497800825,26.026747809087233,133.2269484598042,0.754692627347574,High
7303.652916281717,108.22449160257732,4976.309748275718,10261.29668990121,27.006037461489594,0.4963911135904415,17.021653307864312,54.894209021925725,4.950835094631671,712.1316493637984,23.94674643239796,1.4692238087766267,5824.480558731502,3.5339457217444146,117.38242588630123,13.7644520992646,241.7448594758863,0.8403806087023369,High
3034.7606526559534,68.70088046820476,47623.04479866257,13091.638345345546,13.613785601640833,0.9110598608956201,19.19609426544744,24.791059951703772,3.5161865907241627,967.838006926198,43.04266922084801,1.137645594428104,1619.589069176055,3.5880621265211814,-115.12861795643686,27.92012992993015,131.7147260576639,0.8695904252110018,High
5553.736512887828,100.53338426323666,42086.09985830822,10456.122970205819,25.620726496181728,0.7756021128534893,24.011840261518767,54.845399148880354,2.585801661613479,999.4909467201875,17.77670653445023,0.5504818579249915,3675.6832189666566,3.4362949675403884,95.3700404971533,3.3803150243562743,3427.175527159557,0.611628481495356,Medium
5087.055015743896,128.05469960057215,40449.42560628747,2839.0823637539115,33.83740997362252,0.5397444332901863,9.89232548104532,57.73284713657685,3.260256926286222,754.4461374576096,14.066323261021857,0.29962366733206613,2785.3977702204784,2.370206600891005,179.35377050904668,34.436051151992196,222.3274435059965,0.7648486971713582,High
4110.539052353652,91.28143718150838,41326.20644704661,6585.248870714403,68.06790872822647,0.6428999220921673,19.922619564772845,75.53346860028788,1.7263902606809305,736.1148894323859,49.258431076897295,1.2161875338771255,2120.9013180822826,0.9507695324064496,-194.50246612361713,32.84612117983028,186.65424567090957,0.9439104729445721,High
3599.326836668414,119.84205520384963,46702.814898505305,16146.722595795834,48.56956100128372,0.39302301926711036,15.416311722881645,25.888884022198162,1.7337823588015997,743.0732390345786,45.64565273637409,0.9834681234786021,1818.2100540614754,4.600263130317595,-23.854427528480784,39.43435458429134,305.3256275517144,0.8516337595934889,High
4688.07585701814,131.59049647107562,27668.444339571186,17297.65189886259,6.973526389993442,0.9852375697648967,10.37114281241282,39.98948629823951,1.0109954472957223,898.3081174703102,2.420644504950013,0.20099163642526477,2589.2821535592047,2.784789338055072,59.10839536560184,37.52369425517197,344.59028191784677,0.8162575801150764,High
7714.548519562596,143.44600375315073,10813.818875513669,3177.3506379536193,1.6226108063021016,0.7006160467453564,20.532136795927812,39.5826095753838,1.0132263396742944,898.4322515352324,38.76570215002173,0.7972787569286041,3729.581748407513,2.3313748770999116,80.71030819502118,14.891689392838195,1483.1477346483641,0.7446974066103763,High
4616.014660103776,81.11778736699083,31222.396784774515,19071.54167177513,9.209896158065684,0.13946216724696692,16.04444560347693,96.14676159541067,2.064522836610101,954.3772486835232,6.406403917434945,1.0344050797809026,3112.9787133431664,3.1497120196173194,-129.5648966923191,16.57173997660751,860.4484095496503,0.8116173814142136,High
5593.953108716831,95.93843242283774,37401.19318972901,6912.041048047882,36.94488423276414,0.39395971517320794,18.219476412993515,47.1747712310383,3.9328496505336723,925.5479165278759,2.3467745466391765,1.6555175353129241,4123.504293122938,1.3675569611859761,188.87331009543715,30.09262905165212,304.59967194168803,0.8732095161567315,High
6515.094794475889,73.71744119973756,37157.95227434725,13415.117905249039,83.98736253441164,0.6609829903831518,11.45802137155802,76.73392689332391,3.235870254191731,834.9069020108019,14.411080282351096,0.16144110110839108,4830.5691710644105,1.0964695059719347,46.1061471883892,6.229228106244345,1897.6042795240478,0.6517944237353479,Medium
4818.14801189647,149.3235151942538,26551.002184177127,15160.590346155283,57.366223308829944,0.15069995001931583,14.6254790365521,76.32708123057171,0.9616305214895937,883.8566084695956,14.19794807399411,0.7035057430095458,1993.9874552709546,2.324863496560746,-134.26375950869289,13.24657369954856,4225.433409664969,0.40314663934769557,Medium
7858.910413604804,143.43008711318657,4354.477247345325,16332.951575438727,72.16433098879637,0.1214957721872285,17.34708501976134,30.226697556307933,4.335064362391599,906.4854011104023,41.14661935500127,1.6470856841936667,5878.1079540917535,1.5224931234495973,-191.7909953149939,5.623096542050282,7985.821786837123,0.752600733646085,High
7812.236474710556,108.59614172525036,19184.533983076264,18942.119193405637,41.97371350540937,0.5050218155750223,13.09821628539688,59.32762049031455,3.206154321455299,853.8209410855675,35.82269505119892,1.3003636242254417,3677.8104381535536,1.5993063254172406,113.30567951591036,18.740571513840425,237.61349767309937,0.8276929128898769,High
4258.91147912682,135.78299649387793,46117.56381470451,6601.931186562041,32.54994748755385,0.39942116172340303,8.967450796954026,89.95877486527156,4.823850095531509,842.695295335491,49.0988619392687,0.5870170603895357,1936.3304272966725,4.516301695003382,-168.11810422181637,22.52816691552739,300.4347578436501,0.7885730066462959,High
5486.242529461928,106.8862179544838,29637.996578113874,17240.87586375531,9.756033544496045,0.49446874722984935,24.23280984630608,50.143783348410196,3.515834603350434,893.529233692796,35.864132115279105,1.6922168928250583,3639.4527541597167,2.888416297336212,-143.5796315719054,9.235258328547344,2088.2411051475683,0.9249840953778842,High
4504.391549083848,116.12271192024838,27378.26521952996,3067.894617006037,78.83397199675845,0.33642397889200465,15.229350800852348,94.78616319754188,1.2882868866688146,867.2423646926961,21.49452210954635,0.9916542253197578,2037.5532743858846,2.6756107894550802,29.932010742276248,2.038635789650095,4711.101408284892,0.43985093333395175,Medium
4424.202471887338,68.0211988904415,14173.822204727483,14248.297673895058,70.48440261251126,0.24824597224868283,19.678407405754008,25.37353178579535,2.6320251303852,893.1826916007731,35.24745538631563,1.0017202637078164,1444.4277928789347,3.602658171778688,41.402201379847895,29.0548774382704,483.3915286238313,0.8134856065134127,High
3184.434736772664,127.97433784471271,19053.997075912368,14968.565725522725,15.13062878379526,0.7202290212823039,13.220943871121163,12.045115048532919,3.418239188962419,883.8564321890092,49.9734942921337,1.9534088050087648,1550.2111272420816,4.7819665115453285,74.75484743695938,1.7802014126205719,1623.397414284421,0.6820506109592843,Medium
6047.821669899484,71.49421352717113,44871.95836850529,13715.603203425748,46.103450748863445,0.5631140046410205,12.102635280514328,89.68811794875118,0.6271911547248996,915.7589681540965,35.79695224556387,1.894761841440393,3995.994146936977,1.0048935401175383,-42.5943949345517,38.96270174820589,213.10072029996627,1.0,High
5513.395116144307,134.34608672272753,33656.68932881495,5420.1373546354835,43.86373271291204,0.28013879012443016,13.1432859693425,85.52971380641058,0.5670961886966355,892.8410526348628,38.3223864430356,0.7234800399059894,2555.344013593217,4.250905551991657,109.55946758672917,9.642683012953423,2641.6894035663977,0.724320217043072,High
3257.393756249947,130.38252789033473,39581.96431086431,17524.341366796467,56.25823974178758,0.38763048363399855,13.183932875712996,99.29603821371525,1.0823135026935555,855.9227459311802,46.97988574432271,0.2897524660395338,2002.5789959695842,3.1280863094053064,189.74343984635544,26.892103592535353,1669.1812756015217,0.8159397901019253,High
4393.232321183057,123.78702279686789,23262.925730315103,3792.7400357227025,85.1568204592135,0.6326271168969934,15.883602318839072,69.54238137068047,1.6324899577046184,904.539043385316,6.568911804272484,0.6580767972334072,2767.998735544008,1.1577440921532678,-91.56202276804679,17.955317323359576,771.5681783590811,0.769828561325881,High
7541.3294298332685,63.25443424722859,31882.11375335174,1545.8784346562013,52.179429758623165,0.16500641344523007,15.869397399627264,93.9853530333792,2.4329710558430397,834.8445895556284,35.534430378938616,0.07066168801966219,5029.071318430209,1.8371719341004624,81.21144661517837,3.3272805531471805,11369.947976779447,0.24242409846277121,Low
4197.809453334862,87.28155203507957,13170.79682841717,14490.567316932287,48.619554010075674,0.23270770833956161,14.943076317657432,83.56015738299052,2.6934821319190476,772.5013677917804,42.689491940405,0.0513280945536785,3142.3342121778396,2.6706263740913276,171.38746095806272,19.41516065874423,7191.785720431794,0.3670702006990804,Medium
3724.4743604561154,83.68013129197585,35567.580683890825,9771.776447038306,4.529063964119755,0.16592104369665112,7.695715698348762,85.22050164640825,1.1211242402205355,700.4254660401747,47.764551410823756,0.7970890511403241,1922.8800015212398,3.610297150598403,74.51470504681708,21.153664737575184,723.2355663058189,0.8489162579696972,High
5447.263801387815,92.41227667243672,21952.46535146353,17057.41138919418,5.6616728416221545,0.831085599442707,14.921509570010622,59.06844919315549,3.5302621060212385,867.989244143753,11.337495195873268,1.882629447167496,2087.4788537129466,1.591731576290535,72.44379945770379,34.33264511562187,144.38945889625236,0.890598167355809,High
7928.252270553004,67.88784720874547,22684.730225922533,7976.244250636049,16.861211219411,0.7771683098908083,8.38207800841303,41.32463680208753,3.1826212776344067,877.1965679825923,25.692521378487967,1.7440011090520935,3642.73744492121,2.906954669604154,-110.49097236591736,29.56161371626802,154.40670762406657,0.8813778701295703,High
4210.276357557502,144.32620407279563,32816.7939042672,3781.4324759004,2.922369452257345,0.7779816386913314,7.522715725915303,93.78301689161178,1.825088444785221,991.6146894327144,34.34718753457961,1.0277712394960699,2172.8546957520266,3.5810223233713776,14.052080127877161,4.0927965153820685,511.51703536977004,0.7179614585620835,High
6360.677737029393,109.84220166411387,46877.75045197741,16810.62275316246,66.90176060130112,0.7446928091284253,23.652914346823355,46.05113168350997,0.5614694754588141,808.4435002282827,13.125918745565535,1.1348004985299531,4178.620108914083,2.5193333788137777,25.009137441832053,9.157344653858338,2136.9061023594286,0.7641883677703488,High
6808.098076643588,87.49718795922212,4136.310983822425,11203.737816981398,65.09972735945668,0.7024468813028822,17.099000262954085,56.18783988871856,0.8494156190898083,818.2399728484935,30.42317029926343,0.02180765852465239,2087.0977818918927,4.383616825040791,80.0518249823811,13.163619684382962,2872.0063516397913,0.6003657377618202,Medium
4188.1877199619985,95.7283365366855,41412.418630003376,4189.31795161192,12.245061098847865,0.5292927238403575,18.189801162491683,47.380859176892834,2.2626264897987776,760.5398744026571,13.62136034240197,0.4388473001091934,1917.7405485217955,4.4125659627818195,198.72857995847306,5.539899772127959,3572.7597364903495,0.44783251221262804,Medium
6641.081743059298,100.2482286454352,15326.772410197462,14547.487972435692,75.24710107157529,0.6780503471564034,13.035873406667275,58.65773982621872,1.1928845802455776,721.1602885711966,17.339394006050718,0.059300512599423656,4581.823686551602,2.618110479382006,-186.54247098249516,18.81906376566513,2109.558972199315,0.7498305766665054,High
4838.915663596266,114.05349000245556,22752.053270812514,10466.71595054526,13.930743136150078,0.1345253993091772,23.179617838297283,49.69798250427108,2.195688227665869,931.8413478585221,22.634416129032388,1.511533670063821,3074.7866234244393,4.878165696840048,-173.90693549300528,39.38805844363888,892.0248563931503,1.0,High
6161.529152967898,106.4111484926848,2073.7531099754387,12284.103153686236,27.105802829762293,0.6593179803911061,17.758609791593308,9.556918065050208,3.326821720296598,774.9043193017975,26.930314838581783,0.2998351340927305,4102.777335710202,0.8401329158245129,-168.8199722276325,21.0698988582727,2082.354344769909,0.7642784117752103,High
6167.6485538044735,142.74527758929756,15751.257813881339,9487.517595028346,22.407920924522852,0.8000899349831895,20.38339739047175,88.79457767073137,2.9625684254567757,882.6714583090113,23.01892770963238,1.7394037339288657,4353.7763251886145,0.5151307024532148,97.19165379558274,29.933404564603602,149.98313908613449,0.8809907122932491,High
5678.873420373792,104.72671346152472,25628.930888876395,16659.825184451125,33.5076388715743,0.5503225243459512,12.371249380554277,47.21741279699813,1.540291474118274,906.3319106636445,25.16658046960853,1.2902153842148185,3927.6102790238474,2.2130071871176358,-145.45848195569698,27.6345741102745,218.0539496227561,0.8598255977129635,High
3451.4488502720415,149.29422133409815,3752.627790024512,16676.472955819474,22.919738930096567,0.4217619955845132,24.20023761638251,60.94964660819813,2.0472012106643858,841.3710061874943,15.630849058126339,0.46654316626626957,2212.694807328086,3.2049367761762917,48.9807497961381,34.14654596859338,2352.8151032226983,0.8063743431346497,High
7176.51247794619,136.62824619705862,25063.69073977509,14333.082025575532,44.00558337946069,0.34968406132088126,21.4092258031663,18.222841262008767,3.2631403930189276,962.9056339081575,8.789289607108898,0.323863430995667,3730.5719799491,3.331400708523474,-70.13244884261661,9.41321612815877,6300.760496263656,0.5343109198147233,Medium
4603.90032485868,78.76594629216022,46428.42081406294,2555.326859231014,36.66670932192169,0.6785218451458742,22.078969260290872,5.321845558350718,4.373847626195519,833.1384522939186,3.3201488890151323,1.2589731548368757,3645.3644303838973,2.6440058133222286,-17.0720175157156,30.3992242060281,176.8550281151249,0.8973018381855251,High
3932.592551999271,143.75356931795247,6164.267687282456,16857.65030712934,88.79125417013938,0.7235210787669178,8.443885348515085,28.30255889614608,3.8894604743249475,785.4725869125296,10.602957402091718,1.8026655907618239,2298.7442708597555,1.0619749095829079,-113.73473607303444,35.372854371924234,165.85556872028323,1.0,High
3203.8757077738196,70.47297580969285,38457.59567569971,13584.75312039174,5.0333715115403095,0.8838708398762883,10.41926415742439,71.93567305266828,2.9903001207503674,968.8046568884868,29.51523843378337,1.4395368356396194,1285.9863844228096,1.2672388480455241,146.44262452181687,7.688883096229468,135.7664429983864,0.7593224422823639,High
5954.464715941209,133.57047376420724,21073.881615423637,14091.97123708384,12.796323874861645,0.4081006742148917,10.712531993671542,14.423480360723467,2.130318492424188,958.469285274987,39.519656942353485,0.7036078366907215,2658.1113218300848,4.334665927334042,34.46012966521056,14.525286571732146,294.0450912776786,0.762224743216073,High
6387.821809211412,94.2560964128922,33103.51201169257,7578.165387875497,4.754330451774224,0.792795076647027,10.418184464937424,91.34430683671445,2.142730748938124,749.2119841229239,9.293132274701831,1.1788933545846079,4131.523233912622,4.405600092826676,177.82530543290108,38.8339688089309,151.36320032096657,1.0,High
3082.9391446392806,139.01768884005625,13751.593301276238,17645.951345061632,56.32570754841382,0.6052202417704041,22.10816324208576,25.427144088837537,4.457377896189782,707.7883055061762,6.319212530859775,0.6284157737911186,2350.3396454668514,3.5325434203732407,29.83849988173182,31.450725993211904,464.762564565701,0.7908348624999914,High
5560.4652914964045,138.12510210967054,8815.120864526556,14644.74620457972,4.905834967234762,0.8945528416102712,5.637695904171842,24.4363933577187,0.6765960921824588,726.9956669048862,37.715227666913265,1.998307637889531,2165.023125119494,3.4889808752549705,-150.43678776122135,12.021042468963762,134.145233705803,0.8671934109422896,High
4132.47887598969,132.5332860105859,8862.668099290095,2695.514097319292,75.27957636385109,0.5750308974660587,6.521999779615486,22.243256354042074,4.945921899891174,785.9642195661452,15.952758196327196,1.5001899850390839,1409.8912398875254,3.189569576125134,-131.65182646460983,22.993729016134992,208.68443857329078,0.8177436185283826,High
6225.86395204725,131.1027392676355,4454.105336514088,8451.671670920172,46.074476761373504,0.5658668455581706,10.478297412598074,6.328262732279651,3.48968934883203,991.6779405225132,47.62347252214027,1.2326194631159397,4611.905372921754,1.413166485658947,195.6295905471389,16.768718791129672,212.0640234393519,0.8112098852486138,High
3871.8321450249573,87.42112251882367,10096.688540160909,17784.417058222763,47.43068621233803,0.6200893732968182,8.997459492988874,78.32151950543229,3.5651196458257575,867.5548459482475,36.00158055990828,0.8522856941040001,2933.4509937015805,2.4271281511695646,90.2260789323471,20.108641876758064,193.52049102534704,0.7467609213873083,High
6454.68869051233,67.28273547461269,33546.749864459445,1420.3356830988905,50.543505694097476,0.7743838196281909,9.637192277656968,88.12828046829956,0.6709902678713398,811.9785196087806,17.011046314908512,1.240123057616519,2828.377924404568,3.631525931585204,-180.28849998836415,14.851481464237631,154.96191547186024,0.8506097582574074,High
4933.676731502687,96.26821608886453,44202.8399803319,19247.624083019964,15.373233567558966,0.9682214309456149,20.958863785066,63.34545674853889,3.224881737010725,966.6148283838239,15.187594641891542,0.6898159643099963,2410.8059191800676,2.917635224015024,81.51240201386594,11.893909722683283,1580.7443924690735,0.7357958971432514,High
7683.649943683673,75.61720634878579,40892.15859396693,13743.670082231474,17.79212728030388,0.1662070187941891,16.26253187784094,22.87899825958692,2.6815012704070114,835.9408994435498,26.661220927294142,0.0674410305214812,4841.42171800263,0.5836115032479463,-35.130781276155346,27.31575861426533,10411.35018631814,0.34460259341021016,Low
3687.604720729966,122.54559800122155,34571.58118384972,12811.831564045844,28.693559058570422,0.14809114215191546,5.11541322585936,32.101409709383574,0.9760050810233014,794.5715885203064,4.878088745632262,0.7962261594896993,1714.607167403613,4.791005630240442,-77.1166452707238,31.363130788358582,810.3118002621732,0.8784665972337128,High
4705.331755251293,91.1489753884007,6411.161307144031,5775.905501515832,53.41467742396663,0.9437953036666047,13.586455314083905,50.21303624967151,1.7506490484621158,982.3658586236972,6.766149119619651,1.8616568309639352,3475.2608887845304,4.301672236574646,-138.37568250778628,35.08432778714645,127.14621436852366,0.970570623975705,High
3567.3676062029454,147.80491807739236,15170.184868501541,5351.439880413953,18.91059983461931,0.5768880629663855,13.157698537007178,95.66286540421358,4.50641505296143,954.8552998578034,9.617036184493433,1.2563391785999931,1262.096671450269,1.6724525634938203,135.96158182262627,7.0578687254093335,892.5034470910546,0.8084999046189678,High
7623.468091392814,117.68748696107988,16180.53689080098,18870.13528002761,10.469855441993511,0.6534127131102425,7.278905388890871,28.498380322685566,2.9749478713967883,953.1005126258323,38.96145607192345,0.17707184911109422,2431.8185521829837,3.2740652082483326,-174.46344840435972,33.09136542216439,260.6663927099612,0.725780880624544,High
7386.696766904905,134.0232507270925,13247.89037348344,6316.312857565394,87.3105197776589,0.534181241435256,18.522835772029143,74.50636087238937,2.360374588282589,853.6854229150639,26.179010604187,1.7711372906561016,2986.021224717087,4.654577226776845,-84.06581504814388,10.937232154605478,224.64285656602243,0.8502411104510705,High
4289.708138575778,71.92722054676636,26235.27732577643,15622.353286020487,1.9783633328660621,0.18429170734672706,19.04194376758982,46.747581212827434,0.8270697012836492,936.8315196446365,1.517789015947704,0.5450609501896145,1900.5289768291923,0.9320495545114311,-77.44684246971825,17.666119206491974,6129.086663043588,0.25962561809489454,Low
6299.920230170896,137.58130340453602,27242.136929103955,8165.875065038043,72.24276648024194,0.7912804405767999,19.41786438104195,33.295498094202074,3.713546873310375,753.8060077793656,34.00230984613334,0.4951012912346276,2245.6903275437808,2.763632663585153,-135.63788641459985,36.15630374812062,230.03197824078742,0.809122773352279,High
7086.111001006079,143.0481471462055,18487.4127833844,3215.4543803017277,70.92316346175198,0.7725021805797282,19.56941891117184,48.31201401710081,3.6628287052821467,871.9668872668731,21.760818754364358,0.6012110278728384,2358.5781373076084,2.5530936163083253,3.2739533147480984,18.725640438321477,1291.080996473164,0.6907981315181925,Medium
5776.004057997312,103.83557269370422,18335.668778085364,708.9483050594995,26.74927024605864,0.38053298934353086,5.001056538645936,11.76463816641709,3.263196231376536,995.1537768542637,26.0317658832261,1.1586324498906553,3914.997827119422,2.3459225237758954,-195.31894927564295,8.68547782772833,315.3471666333468,0.7572102593591874,High
5648.252891780032,114.56276439758797,41599.22429739799,11113.01807179739,12.206395440658206,0.37561532070556036,24.078416076934445,80.87530023838444,2.7961819079929215,787.2875291553885,11.491695927233842,1.0939293059336135,2158.4136617385684,4.260148740018162,-79.60979383583636,7.2348775542475945,5163.997506322936,0.3903974184713951,Medium
4209.261454502259,128.8328820812696,39675.3495676646,19527.68696170419,13.106578203488107,0.8540572428149666,21.28417534109326,28.11368315838188,2.452029809933177,938.3056987743025,28.037329191311077,0.9879133716995346,3186.2471788225444,2.212907660138558,173.4517776132256,19.44636689943322,291.2473796256374,0.8523196881988224,High
3465.513839029496,75.73547645343713,16081.995752356537,7698.155779279487,62.768845551347326,0.16512153196719398,23.079633931785708,73.9141517033322,3.1697199184459652,847.1435221624201,48.97850874782294,1.4378983583901277,1677.3081114621218,0.7864849995845342,-75.78817226319772,30.74422453508561,726.7374434476623,0.8760895283410146,High
7486.078789766634,105.23094688170983,45775.633749789704,7465.250512864374,57.85259319775563,0.8929946335209092,5.312865906148683,11.493095287578498,1.55027953277783,711.9417049666262,4.598789859282311,0.6399100853565685,4755.927601154612,0.7962698397393613,-55.81624515729936,39.89100061499775,134.37930699187146,0.7992917397918234,High
7502.090285816652,95.87967249950819,47687.93583312279,7209.78654806412,70.44711068262481,0.330995520906323,23.677175915714788,95.73436283574017,4.735665788799414,928.9058193447003,14.9119525835571,1.566308397929138,3096.1205935497687,0.6923507293607405,-10.73398070637137,31.708936508805174,362.5426702797042,0.893616536319461,High
6165.507286366339,73.17365929460242,17010.384559472,10650.604827444738,84.37330551591943,0.6336862729799445,21.195770573762093,23.336423613541367,3.149575381311033,750.5707433176339,12.90688205018066,0.3588901399734123,2590.5080760180695,2.3411543984331677,24.67734994058989,35.20346639877129,1621.2931771609412,0.7884722200724207,High
4695.148955243503,93.07809800623784,18366.82249085969,9092.965226773724,62.27346269399328,0.9423947611015999,21.74438285917397,88.86049723967264,1.9003659995946944,889.4420701398251,13.1789162268078,1.5674153702632485,2757.717343279312,3.73282824964262,123.48345792829758,30.165462076460635,127.33517306455268,0.9298911865738669,High
4746.047873063304,66.13550784469442,25776.073517675984,17658.33522117678,14.026638289629911,0.7103102513829818,6.865747694439371,81.89995491346627,2.523559328983208,725.6992582140919,19.556611520703488,1.330982109448063,2754.23344313754,1.4167510786873196,-123.87151073759296,35.92196892948813,168.94026204233813,0.907457980447041,High
6629.778394351197,62.32307162545383,47114.91981415,10357.65543860806,21.90983550888696,0.4729868312203329,19.77556057837195,96.94669278773452,4.125581549946015,984.0602192487895,41.087379452464205,1.3695845359996972,4537.185731795745,3.4091083419419723,148.6985508770229,3.975448189242617,3635.8343874588295,0.7188338081602704,High
7485.551299762886,72.16496602393406,43939.652223973266,10401.277844677092,75.79743577858031,0.7205807880148737,24.19833379284182,50.399612789846216,1.2272722732863386,787.5171661541083,45.73007580825498,0.9682912602832473,5081.990577637527,3.5918981244666686,103.01974285755574,37.26733236028417,166.53233335652442,0.938378941192779,High
7435.432121325586,146.68036004302564,6025.8301665959,3198.2460970508537,18.83754682507877,0.4095816726847332,18.570946828363212,74.1027429153654,1.8177603010711718,767.9394075032185,10.908539285489693,1.3373330500349208,4724.056310777796,1.6484095580701907,89.06013386462212,16.45983999530059,292.98185930396215,0.8230537983522367,High
6899.377729288119,109.45765823055153,20243.806420299396,19663.421047752527,6.5270085259033275,0.3495325747142675,16.41122809249213,40.217512418589486,3.557786102314499,738.7409212199003,27.604546959457526,0.16879612265332025,3619.174030720497,3.2025094522728317,-165.2781705141459,36.94295470793734,3493.374173810211,0.8205581288726381,High
6210.158230771439,146.9239945037898,28115.18829773882,5374.471371942179,63.29520486380254,0.9970149501412118,23.91259355497994,22.514982611870913,1.9197014291700074,983.8006580017143,32.208049636108534,1.7045867229282408,4628.556331990446,3.581907530120813,-191.3437240101661,3.953580660919547,2066.9747168687823,0.7039772871217622,High
3420.699824975244,98.92480904971188,25653.491155025462,1930.599315462252,36.22737199411279,0.7757112080618089,13.85874243468872,47.09221362867764,4.066257568376597,913.5711227323916,26.569546243828402,0.12053899464041555,2091.037013759247,2.599761302609566,37.60508036323361,28.894475327724297,1605.1073626662035,0.6351172583532001,Medium
3808.143570473069,88.06345197767337,10499.29032890774,13431.351855016572,82.80360472913132,0.6802479796436358,16.985871326209576,20.74615646190321,1.0870406922981237,922.4982666154266,22.26974331564906,0.30599560464428,3027.8520786151025,2.015224687760428,145.2535850092645,29.691861198137975,1393.6609958051006,0.7071815447097509,High
7492.770942635396,105.55276765562198,43082.02178723958,12109.644218059017,58.522956398429535,0.4197606788973869,14.526765869887324,98.29423916470647,3.932087767045738,849.8213684140734,10.406799787102655,1.1578115199095003,5317.5064643361275,3.286181982084473,33.776585656254355,39.87952468261314,285.87718200573704,0.8911516041236769,High
6032.14529829795,99.55605197696191,34170.09836684503,8595.340252858541,8.137708001249468,0.14424474623954336,23.656924427205983,14.143416658368055,0.807582716827548,842.418335581145,24.922748600762688,1.4814287963588162,1943.2851992542544,4.900311892976256,-114.70605382178766,30.985355556902736,831.9193809715554,0.9318874519197113,High
3045.9852580831484,69.50982158355696,42057.510367738374,8732.748560673223,85.30709105282946,0.12795118843164005,6.521694535310145,60.97511372799894,0.5566667570037265,733.006372897443,20.659526557855116,0.1617406130490444,1402.0577348239078,2.4207863421604014,-163.7920408203147,15.920374526808661,3701.4647048618745,0.11625565226111452,Low
3507.3577143301604,117.67436832211857,43079.449688124136,15808.746460405408,23.27015372762213,0.598763129903919,15.022394016506963,64.51406624913531,4.54200583474473,867.9523286751976,39.98260476261122,1.8423219801034165,2055.093667200288,2.2628079332830446,79.83858112709402,22.73269351312327,200.41314170305694,0.9775382687945574,High
6317.508845540279,79.44343642586396,37669.43682962125,4316.396481943157,30.349124136565717,0.785829448935146,18.739048827708764,56.11755657303515,3.116026476195344,774.0749485326371,38.416613598986764,1.9474792211133902,4174.197747307572,2.5892010609175102,88.70811092712381,15.295486588497019,152.70489056195134,0.8797536563923305,High
3025.3079192310934,115.76291594080466,22521.31946123615,16494.93971942535,36.203437231518784,0.5836412713994695,20.83813076844474,67.9076591426242,2.0832210368906514,993.1435998401217,7.565935379077865,1.215840844285345,1740.0610582298812,0.842982770502717,-130.98731972515654,8.644727166889467,2123.39714081024,0.8092031603220973,High
3804.040257087493,118.51809831583381,30916.790995755804,13150.568720952853,4.610186676388192,0.8567065647452031,16.660372948882728,16.03717362612964,1.5466758663373268,938.9742820045442,5.337433575590311,0.9676744761999048,2636.4479643099166,2.989234758521255,-188.72387380138548,10.691590772588668,884.465282483588,0.7059268973491347,High
5743.6689468329305,73.68223678157833,8857.904899867415,8669.910588700724,44.686388000754434,0.1300838797838995,23.17835488242908,57.72675979950265,3.2759860246736725,823.8976180578663,45.49954321814764,1.485375994836702,2534.8409317444552,1.9791382424776862,-36.68659471072121,9.658410836698517,8147.3430454243635,0.300854787375019,Low
6459.475988463466,65.52146643996014,34008.62545627048,9431.558023385438,11.098664196776301,0.43007686878334606,23.839828937677435,32.28519425709935,2.790509825915322,745.4023776074599,27.239911059260386,0.6634311311311388,2531.830536002788,1.0463995504906811,33.08748085320886,22.403797876365303,2504.6086285888414,0.7790172782396143,High
6259.806297513003,130.2685427461596,9783.409531224757,5504.620540128868,36.087329401951656,0.31336335205676025,6.28638446387167,94.31672601360037,4.9621899898849335,935.5995073416352,43.03224592684694,0.9915962238691618,2046.695887618011,2.59815533502818,82.40096382687648,36.34026474674384,382.9420358583097,0.921745261773363,High
4121.346547302799,101.38203813923882,35003.529934997685,15166.229487591008,31.563880919287588,0.5025456713414098,13.047410790827488,77.39680707677394,4.924471939941856,736.6161301243948,3.849404907753656,1.8331405433606587,2417.8162750463803,0.5152279395828985,123.9780036611611,36.596338417447505,238.78426746705912,0.9546061780433176,High
6560.8961067376795,65.23474159549282,12250.309876944464,10501.05747495272,69.55560750838531,0.16513875387471022,5.469180434423089,97.38887580517556,3.3576105476372433,756.8001260491211,26.799265209559884,1.9117542962306517,4227.183789171948,2.308033603232415,44.21497092269294,3.135787323507195,726.6616538177542,0.8305151266909806,High
4186.245437484,149.53796854527906,6760.013707360778,6756.66358362195,72.2853460469458,0.9587184774139653,11.588333147488859,8.567826625318007,2.4929172774765074,763.4561553232683,27.43189921423558,1.8548675409418582,1938.5450138590122,0.9758087056690272,-155.64775656060598,4.116076637123847,494.85511633275127,0.8611769032183643,High
4626.998490796339,65.200250489673,9098.940017004914,12122.977257338529,13.80715941501792,0.30092986096242486,15.737364359412043,32.08765164216733,2.7101343611059794,867.0671914819284,43.174399594565344,0.5322716532580419,2807.626095891223,0.6093171652990113,73.03266885696593,10.559643229721397,4034.202083113191,0.5993575937403872,Medium
6732.457025590121,122.55317059726978,1097.614625734443,19916.8218150008,32.98960686413036,0.9300769979352262,23.215898610198977,23.565145730643156,3.571155798065879,936.1169961971099,5.7828899132556675,0.47261339003135916,2195.310265323947,4.210137708100259,193.6706571579528,10.947318646309522,2327.813624858999,0.7070510770388709,High
6248.164495236073,148.53110327370723,36218.24127482298,8987.6144533028,33.60178449286485,0.4833038395330136,21.931086449308058,6.059685794623897,0.9570854490592162,794.2944636174077,12.781832620119555,0.6023523667993353,2184.649929043256,4.6231196147718565,162.23383383896157,4.700677834330794,4742.264505581211,0.23110881894159752,Low
7246.11705247089,81.52620937943331,36887.651403860575,18453.482315183082,13.626939954247653,0.9869717199296962,7.5499945334397145,28.020944373400535,1.9775843321482318,725.4009442825868,20.92037738046364,0.8882091136530358,4716.333726698832,1.43453591761598,148.66756370780507,16.15007030576418,121.58403080540933,0.8046964138472924,High
6288.064461501717,72.80244318184765,26231.734145749713,7227.82837852904,71.86081545460715,0.5986525451141896,6.8606074948179145,69.48371843444075,0.8387250845162173,839.3615390573258,43.426232295577165,0.6351931514560075,3043.64235481667,2.926842187254176,-79.13193865666366,23.921290314960203,200.45016258489417,0.8808588938935262,High
5841.5430166773585,70.9246445480186,8906.7772517138,1567.2877850372247,63.650549550188096,0.9377495777582268,16.78534677513334,26.953447602784014,0.8301234178261381,924.4330723479807,47.00528243845778,0.7546834635207254,3713.2762156270187,1.7508117070894322,100.31527058160026,23.548325823379084,127.96593338583058,0.7309881730815332,High
3468.373839140462,87.2947632810836,5094.162538023797,4482.721074184363,17.134360766733124,0.10481408982480056,15.642359449175654,53.35532732084873,1.3812765885240519,766.4991529262165,49.64350636008777,1.2450675347203115,2482.8720392618716,2.72109847402482,140.4413783860582,22.193757569085115,1144.8842440990813,0.8309064443159363,High
4838.579015297168,69.0941229909582,1937.3193554270633,8664.555294889842,33.004971773441916,0.7734149255628101,10.327552828600478,89.34272092167487,2.683639645669521,765.9773644118122,48.00048083646755,1.527426097417012,3514.314221560881,2.464840944023721,71.33048185250527,14.20820507061239,155.15604371440932,0.8678077001404688,High
4326.011838408627,122.29452075247187,9121.660671295815,4782.881107594096,9.522452237086279,0.9127455877922639,22.989061691076703,70.90700243316215,4.031484445232552,984.1681082040133,1.2911460363733662,1.4737608145531549,1670.2031877576653,1.7107297478621855,-99.77529737280778,28.551771727346644,131.47146543896673,0.8917058137653762,High
4219.948216895418,65.60626183170564,44651.92121417419,504.427245255983,56.538593738373955,0.2257485102810587,23.54732818923107,42.48976164107304,2.6847315102464266,986.2461181357534,3.3377087312397298,1.6307028984875125,2292.0344320416416,3.65177110835884,181.53358874998332,33.232873698261784,531.564969578754,0.9374896359147215,High
7865.052773762228,105.84799153348106,12835.305243382407,18342.52998607678,10.92347320937577,0.18651326655893635,13.052228766803253,40.38454919665029,2.0096447475239136,997.1397196184729,8.232734138721845,0.07404696239865032,5245.7020388506235,1.069209316941144,-19.672235416529645,14.504696392618929,7706.604648177238,0.5757602214694529,Medium
4965.488623333802,149.7027168467679,18359.295033643568,16955.648519003116,88.7340751762426,0.48211534646736,22.806051142270405,48.294902330806046,0.8705884565154116,942.297880472434,18.094242741743383,0.1049902414607246,3411.242509722369,0.738827519771152,-148.07777653364823,4.335879012679017,5563.1897191966955,0.4644745252343784,Medium
7460.232775885566,133.25732425554168,6161.928739585326,14974.698513995469,70.26138672190761,0.9403110155196416,12.678977885259453,21.818936900691106,2.9763298543240833,756.4552507503837,41.665983518360974,1.5808720917703725,5165.002567707532,3.9545394486677563,-156.08884197704322,12.556879792582404,127.61735002507092,0.8165369004606803,High
6155.6931299863145,115.36974944079098,11895.703932660344,3772.3846150975583,35.12146946255955,0.5881479041713948,19.736336636594004,65.23007290451886,1.7207086391742954,763.5944562397784,44.74015357143854,1.0708268564260175,2548.971985362821,3.4966851404930592,59.00759491961833,6.357377528421208,2637.8438384683,0.7353437227813971,High
6974.056517708243,87.56282587079505,26442.003968230052,2847.0897360947283,52.0707539051419,0.574710817349559,14.518844350954483,39.594517814937525,3.2672038006271635,802.0675724567176,10.154885908434569,1.1604999407866194,2763.591305528598,2.743367558658791,-24.916141433304347,19.226990361860054,208.8006635292056,0.7531128828090968,High
5513.18546552596,116.15062526624746,30779.881471686975,1818.2926147114715,82.02076345947678,0.2270135064693897,7.451663130143659,85.97470817989415,4.897344826095883,795.4397594000473,31.363543429365723,0.11464785182661039,3280.3797219406065,2.605053967126437,-162.20644992841454,7.0814709013270525,3509.8110980964907,0.635897760127371,Medium
5884.5194231317955,107.43373175204864,13022.263394144342,14618.569181071964,49.86893523562435,0.10071055998389691,23.55868402474043,76.87250270549255,1.0009144466489757,986.9583247234027,45.95073726819855,0.518074464330829,3945.8227124383757,2.738351207711418,96.14582886243784,19.050945548661115,16310.753053277604,0.26771769515404004,Low
5462.588469094319,98.34750455013344,3828.875802030743,18611.75523341376,15.704863775815966,0.8291260816709151,14.081931867550733,62.99875058875521,1.4545642942487296,936.7221948645081,23.722855060634718,1.2803250667221007,2510.4404595230117,2.4666083424440277,119.73006690344789,9.619112800661263,255.6437195670455,0.7551713809960712,High
3976.2149389902224,71.76393390661795,20160.610587242532,8895.448507804222,34.083302002304336,0.1788171066876144,19.68974080644807,39.599211151704026,2.628925421447186,917.2026376484662,6.073635025686414,1.7197719613202456,1401.0295861499042,2.268015331240306,90.1662523145805,29.810513113033714,671.076734339711,0.8591669362207169,High
6612.260576307526,139.794379371642,12475.965175390373,2823.243103922939,75.88303785267709,0.6704648368617916,12.343476288625844,24.94352400898102,4.858762169056683,755.7889672174396,23.432868854146623,1.834796960390991,4353.33509835592,2.7486077129875417,-119.09564892639483,2.07516139259798,1527.7716599940215,0.7862846995652232,High
4403.861812204279,100.48061839391903,11758.142238260296,10491.660004276078,57.97917143906561,0.9231548090636723,5.377617571524693,78.73442709003417,3.97314399321498,972.8576678086988,19.413950212114806,1.0058347967118126,1981.0724610687032,2.878318270218922,75.91018239842776,22.635105849445097,129.98903198230892,0.778028368312192,High
3121.5798321572693,77.51602606386885,48033.27733295931,7302.222195443287,58.565194590042026,0.2877867218425879,7.010607173836718,51.20886440415322,4.542031369232736,948.3611138518521,29.305241807234342,1.0954937231490132,1196.1312121642861,3.613560413376294,-195.71087884224596,7.610042721882211,416.97545749048487,0.6806824946272055,Medium
6227.361479535839,93.09834157895607,31198.72381036048,7809.0860248249555,78.01393371196403,0.6987455526132197,14.924389589798487,26.351253626848962,2.001716818141068,749.0925523983772,22.494275535948077,1.667768765827292,2328.1723490414597,3.7004322233031015,-77.9551441286363,1.0386827143154558,2265.5641015969236,0.7758776677141928,High
3885.553397035245,97.27167772760343,28287.043715432697,12615.947171036292,80.45757517162542,0.1708287190367585,18.79928714252725,23.54158842880059,4.964173132003675,961.3510995882917,1.8499504158321791,1.0798729554872357,1777.4649501862057,2.199330860630651,-40.471387436982496,34.89880343452748,702.4579981436183,0.8469672099508486,High
7702.2929217645715,134.47841060101868,21372.980072642775,14515.003208612947,82.78133146014926,0.6433796294538516,11.694706531585581,20.71308592762911,0.9627476722887083,781.6742609111413,49.70588893726988,1.0385484658192616,4593.177912515651,2.3609323523456993,134.09877955420063,27.189583724748637,186.51507524704334,0.8085670568630056,High
7769.642885012937,126.02529425052619,22018.27233807707,2656.7701780266366,8.536427392784049,0.24753854885788248,18.909769183553006,78.83031363953152,0.7383780772074537,724.2609237496318,27.633471648797975,1.811117235144298,3723.221567423941,2.1816372638130037,-43.84225077223829,4.8587700599704124,4901.03882388445,0.7714701832981145,High
7574.321951102243,129.23744042772057,27504.34518806596,1194.0095007262894,48.97134017667908,0.7623582044636602,18.97271178863912,26.75378260352961,4.350211821743127,897.046691954263,24.207907018745868,1.5819661149012014,2350.5463433679456,2.9144109813156964,-195.49222152424068,26.898822339670367,157.40632067365667,0.8160319934203553,High
4850.793501277222,60.99281379857825,35125.06054476926,19889.44090237144,66.64585690964867,0.3711081653145174,19.078718146556618,55.03101503489376,4.672691915931438,896.1413978152992,47.77625120369865,1.819054327458976,1690.2794529602038,2.5400909206138786,-59.06143526879623,24.854245976766343,323.355860139318,0.8190981801171732,High
3077.2830826443374,97.45385983617854,35405.158712909644,5038.202803853261,68.12341606143124,0.5170519079241817,14.850437080410169,47.89690429244036,0.9076341089574579,728.4796028696854,8.637158011766779,0.44431163901449605,1370.1652888220794,4.503184084112871,-0.4303606562851314,19.46091079468493,1439.7922870255022,0.768793293138844,High
7641.592812938627,103.32097364717913,9413.001477567028,1549.6952357149519,54.604458177300344,0.6394874878248595,23.29772300243008,60.06303542668697,1.0104234203562867,795.6555426809747,10.272642524717163,1.0535072184441598,4813.074358600896,3.6336257011241266,179.60191466910936,17.351065838598945,941.6759494391735,0.6955643710012066,Medium
5140.920741586571,61.7273049140751,25505.524851754722,4202.5689173704395,15.010860166530675,0.2541460695996156,14.783930359612311,88.32971553526346,0.6492837099009822,997.8443386766617,40.592722704076394,1.6865195359007823,1795.5053147526266,4.543953726895005,176.41372151581788,35.595720753713664,472.1694110361386,0.8977966725932761,High
7833.274095218348,83.38318878705309,21185.946656670996,1259.6780037950523,71.76784985474978,0.7674740367558588,14.005303869932764,87.43600205776441,0.9702840318922584,903.528000102621,13.78072292122543,0.2311841766595468,4545.871631982263,3.691116462017415,-127.65038471143538,10.560772776000599,1808.085187043753,0.5859303037034596,Medium
7818.099885446264,128.42608408099215,43655.821347199824,8140.312445034848,64.81002001634512,0.37237630657313314,8.98761638021254,47.85222682336167,1.442389175601264,919.0225499809987,40.16212820828482,1.591377687044984,2814.069822111766,4.869464668357163,-125.94138330421939,16.53409222352195,322.25465982066316,0.8175014064796666,High
7265.0472773368,72.33987351560991,31939.527139700444,16146.834796800824,7.752219439413266,0.6961346739214781,11.15310174712673,6.459793819798714,4.8653447850950045,763.8751856812917,14.305140662516624,0.37411703299559024,2948.2118621022196,3.3608155021487107,-134.6474174141798,13.835501102898263,1030.3187613109592,0.727992146163306,High
4472.244460347929,108.17791183073325,27092.699254383107,7154.266770275552,41.74288422069387,0.2424547456294363,5.846689850366067,45.512161542858806,3.505371000078562,723.6346213011743,2.6261938810250727,1.618156322420789,1726.7079323527419,4.835975621733746,115.5687729656413,31.07684013242871,494.9377241038043,0.9228167303407785,High
4925.488643009627,79.36816848155138,6654.337466766951,9161.576434128148,15.657965956962322,0.7193058932857153,17.670705872323403,62.588386055293334,4.00348861483344,783.0705069222813,26.333721470449085,1.2278818657381676,1643.213533397418,1.2117645068424174,-197.59118385263744,36.74214694306904,166.82749456125316,1.0,High
7255.683357584285,61.0908697179504,30676.25657684716,13673.942084565057,30.37293411416747,0.21536926552941557,9.970714878541857,57.98765211431587,3.9926273166118493,774.6695155579575,10.637635272216208,0.3945396230548856,4612.183299006275,0.7361495637323173,-149.12912072324906,34.14148625086899,557.1825659757852,0.8645071744492836,High
4584.610025781389,81.70813118395873,6742.991378331438,10423.434366362664,1.627298298511689,0.4828208466429853,11.083105089709303,66.87693005101951,2.9078318740064657,770.3632302244159,38.134468353691084,0.9519748168722743,2437.645282398754,3.1060633334173664,15.18385265763959,32.11045328169097,248.5393926843681,0.8091918555878522,High
3847.4637334304625,147.82863794190484,17523.12220272185,17298.190877415822,36.02968815696824,0.32248546636498915,20.416290433286424,19.637194584942932,4.088700399708578,757.8262965661119,32.41878202837526,1.3669912812569356,2752.963107226691,4.925719426098987,-100.97517324529379,39.48480787723324,372.10979258266474,0.8742704172705392,High
5784.006312291751,132.13834006946905,7999.256275902261,17387.695663392253,49.48892290405894,0.7735377244853643,11.544423663229077,66.4208343841696,3.181133895754863,872.4267071966212,46.25653073091797,1.2713672727582495,2021.1945150303027,2.3792236128607858,-163.05741670429518,28.18863746600502,155.1314127308221,1.0,High
7680.773870803905,146.36189798889302,34911.60870419408,693.258562077496,55.76243335443782,0.3358315040561871,9.843917840262844,22.35190378065836,1.9154574392151091,798.4310427525465,39.366429506021056,0.8602219205010917,2860.062627555106,1.4541951298683182,-56.04879506646628,30.291097857327816,357.32204558129575,0.8906062816234164,High
6480.148983374866,103.90686395337262,11106.353577971478,15671.902976422383,59.714131061583906,0.8935455757558566,8.381154982674115,76.29977816619115,3.0249954894578033,946.1035045142592,9.858021787195614,1.7997393925526446,2936.9905731414547,2.8469365213708127,-90.31695797590208,39.32929904849574,134.2964514132266,1.0,High
5850.3058504468245,69.87625788097532,20201.109286213275,9484.30520471264,75.2662181792214,0.9026381902659515,20.497168043639117,37.2133232599546,2.9007886376053107,755.1842253542152,40.207753596575024,1.0433341948308101,3995.3668871572177,3.4195938106049986,4.441722605713807,1.272640630567789,2548.4468212525335,0.7144253809341786,High
3485.8824688538425,109.31635400763236,44888.064103320154,19782.39055542143,19.391661654815703,0.27679718370050727,7.594125159800537,72.44006617123809,4.205538741916943,839.3881212605634,32.44511519588714,1.01667592407209,1578.684401324069,1.9183041298215002,191.69343753207835,25.727886681018237,433.53042251267703,0.8439831041860375,High
6075.036133495849,100.89396011039648,11011.502786549545,9923.025479570986,10.843364019462115,0.6524613505069519,14.07507520500707,9.547231896080174,4.917772478217466,704.097350927824,33.778630446270625,0.133878673983494,3063.090042873869,3.7164621132466675,-150.27814527403262,29.819889746178294,1854.4230213091776,0.6883776813067468,Medium
7950.269250521316,135.99213744656544,25882.448133980175,19744.4709350718,76.6383454708133,0.1789458775479679,15.138602321543889,43.746702431136775,2.3496915443941875,844.5046967365577,41.78088141253729,1.8450195756972978,3583.995554646352,4.888015281705766,-50.90931806636229,36.7952550965306,670.5938222456844,0.9763301915622212,High
3700.42007618262,68.82743227058201,21544.311397135076,15214.102543511863,14.09515334033849,0.4523833896414663,18.747798253714294,71.9782796150166,3.9352580529861183,716.7514662629424,29.117379390258073,0.3624619716699623,1258.557812843818,4.536334047697776,172.79400714898986,35.46992786318937,1562.7359625472866,0.790118829890045,High
5591.648261818684,103.94170233196004,1888.078011240757,5347.795249959473,87.72840732025757,0.7419895565511451,17.665669646659907,26.552699051491942,0.948933518171601,993.317053561793,23.834172203297634,1.061405939938743,4303.985670826352,1.8121341808048788,150.74921739752904,33.83646656811798,161.72734365396482,0.8301159846793902,High
7386.865359639777,73.50437982245859,39845.147565067826,10998.702096095674,75.82844064587732,0.6934809221649246,21.214413458903497,80.55226925573615,3.9957411625172985,937.1776385951239,32.19541073257767,1.6090995267866173,4242.051447363125,1.9702565741506923,-42.291586086287765,37.885859605726445,173.0400882916595,0.9234129280288699,High
6703.843088771022,89.2208334201054,4383.249409415386,19846.644969832363,45.07889453006392,0.6622306024659471,5.895028678524763,64.92407464496853,2.1713761039695445,847.0334429909366,15.599914018959595,0.4387520211417302,4651.907963492197,2.1719355100231486,79.58130580789458,21.957788328634592,181.20576058121776,0.8294229634295238,High
6485.07870497634,126.36213696490196,24238.496027870726,17221.84685116251,88.32792824298227,0.3542867772961993,10.928814495587943,60.81836835423084,0.67725573300359,725.976207453805,9.947259423267866,1.0594728470419739,4080.2723908934063,2.275487502771404,-164.85719456746176,1.2698837278082435,3245.9830107842336,0.7057287696527401,High
6512.420419935546,102.84163164318899,28473.236452008547,2398.6544289288113,8.76390561972038,0.44022245449096187,10.602682375507595,38.58714114941203,2.1346078035297973,877.7336322371243,31.212804065491074,0.4889629693544483,3628.246159981884,0.9514377463697574,85.01642221744606,1.4311215491833715,2699.430753416528,0.759480969069016,High
4797.455756098776,93.82994566311925,31792.896374114767,14274.253937794923,27.275918505759147,0.19265153023025755,7.920338111842165,50.83288968620617,3.2478923791474017,927.6291252105632,12.458570085188406,1.5217930456218245,1654.350461133356,3.9288327750018017,189.1430917938966,22.240923169096465,622.8863059461595,0.7763499483232736,High
4467.959221322467,95.50286507130318,34742.94983608591,7238.801924480855,57.44019735365503,0.7471205383902408,10.783565077128863,61.74818359289605,1.0366257545665996,757.2151759014235,4.915840357983729,1.1330389240675698,2776.241401618609,2.144026686248152,14.99526113367665,17.97561731569371,160.61665264691308,0.777075469673938,High
7046.805777392568,101.3502091565388,13410.34679261304,636.1541066667883,31.500618162586086,0.5534999171121462,11.195306282858068,49.883900821914594,4.658155215936146,870.4625022362472,1.0271550446774418,1.7133919621863356,2661.4740941433747,4.459189895174535,-0.60390918623429,18.59855708125249,216.80220048829108,0.7869680540625501,High
7050.566973395904,130.65148894533513,1488.9600562640194,8367.878896026492,83.55352967827126,0.7378890691110891,15.437689238549567,71.33976577435321,0.8495258597277736,944.2632695148604,30.80765066860329,1.7901704257259918,3575.988236116014,4.671232804040489,-125.07255211923587,16.61578475119144,162.6260708056837,0.8016248436339646,High
7335.361592900518,140.28762200462108,36448.739455390685,5077.71122363694,5.906347936003581,0.3240491723171855,18.27408957852512,46.20120864516116,4.685030239249248,930.4743332938949,18.745290390531604,1.300979630066342,4507.994673007786,0.6099408918845965,53.51527956291676,36.79130655455819,370.31416911795634,0.8726442104964603,High
7566.202762782356,145.98012178535356,27247.173368031352,16467.950775149195,49.44706488548681,0.39199440577155964,12.622010272236281,24.215952265492884,3.682118830710589,940.8976053601459,37.863237562999345,1.4535285798562996,5229.112441085037,4.948263814676928,36.17491231156595,15.007643695621805,306.1268177126276,0.8361565578022685,High
5556.711994304689,130.82130476297655,41969.76745715519,7077.946872492427,53.1779640655603,0.4007938035341032,19.389404626267623,25.32370936609949,1.9837047893639164,963.797027460916,19.38364351734202,1.1029479987748587,3570.3129705417314,3.6951022917508305,60.77322379030022,34.392850728760244,299.4058264919989,0.8956003620753065,High
5507.581473435997,88.38662061732114,41248.02978213402,16636.712032099433,58.74553113995017,0.12316816877249459,11.723306771591599,5.551358040079403,2.2583765646909195,981.3046306478411,24.814168963673108,0.7750131788040919,3501.537253736983,2.8417650169683304,-189.56668532611127,36.21172695787399,974.2776984989803,0.824595436688377,High
6991.475894833876,121.93212354778879,42322.982221606275,511.65980727850854,23.0099600998633,0.4069430855475612,10.805673546295207,33.59098297807388,3.8336421412973487,821.6563465610608,20.94716366795386,1.2997546668114608,2618.4552748307883,2.25287423767649,19.489395339629425,20.480569029959238,294.8815307637782,0.7209883339641131,High
6249.819653888826,99.38428116498528,24769.63833899747,6502.4734255093235,32.8109784767878,0.8229741161662302,15.823761117140487,76.14717584545936,3.206619953965433,870.6307307568632,32.87816476435796,1.8174943607397844,2956.566372422276,2.833331596743708,37.973937398949204,18.430583457238445,145.81260533321748,0.9477869970117783,High
6509.834386288517,82.9203559841446,17347.791396006418,5202.721679001358,75.93124766984799,0.9075686461747646,5.474327206115812,80.44545733957291,3.5223931465472536,937.1978578136832,18.45081893873344,0.8391939570585616,2092.6262099651153,1.960811257903,-116.98794583487913,30.679803564402427,132.22140331288216,0.8230301777260505,High
6978.9633471805055,135.67844214833303,39786.35192697713,5054.563540837914,17.544849207314385,0.5663964840723348,6.595782472680007,24.234416499096252,2.25124077431066,909.141944183735,48.224614847173136,0.6356759524838528,4604.290437465077,3.302095161634467,-116.6668570045856,28.61088879795541,211.8657219360047,0.7508075307231054,High
7450.0267090878315,63.45837140660925,23113.41153843349,1829.6390854265226,74.41810624560259,0.5099515256972982,13.359390871730541,96.10917970278373,2.6951606681341955,998.6560684793137,46.87120234332798,0.7829895077196225,5783.403514485056,0.9184112440015606,-89.51273259562007,13.812869547252031,598.6590057759572,0.7611098375617267,High
4689.975784257679,141.1585792921881,9988.667623768291,4148.923273004784,50.63898806124681,0.12774215682943324,23.85825422783513,52.72826538061204,4.95440367817052,704.1032953313933,42.55336723020679,0.8764412841210832,2026.32840243266,3.295051713103146,84.68863669089501,4.9993769110612165,18296.162574526108,0.13485546321484113,Low
4877.91476319972,101.53297181622608,42893.72695851224,11333.216612769587,68.59687600746739,0.8912839038268444,19.43023559686847,92.11298115675775,1.4626529172487297,806.5399645947372,46.09471325806466,0.15638644766565526,1677.2629651133464,1.7390518256229985,42.50642541294866,11.329243607116734,2377.490991401539,0.5880076971093255,Medium
3469.909699204345,117.34813291274523,44245.43396184502,6181.540920336018,64.22466296371243,0.11170919208328545,6.762531390011155,72.14270177685496,2.3803528393495914,784.3083778810608,23.007844734510158,1.0018992624656389,1866.0655207507323,0.5793567307355587,138.30505844712184,6.110111726679659,1074.2177770879705,0.7381644927970632,High
5891.40070498087,119.34185299852044,23849.178050868337,8639.198255418385,18.676034584639112,0.9502750721891906,21.926360255617475,73.63117518712924,1.813204344082853,778.6947550496604,27.285089442685113,0.9936853536196186,4290.996469339069,2.987175947732949,-81.73657126276072,12.494558755290964,1201.0038565319644,0.7040898371179887,High
3179.7113689837106,140.56059666358829,4709.286638179587,7848.904166770176,51.193146279048555,0.5402946238192816,19.64601541216362,13.079144024076758,3.943001796979324,766.7589347496657,37.36253703535398,1.1810032170046412,1831.4727227407695,3.1030149013371338,164.82722395532733,11.211041057651164,1422.7215096441341,0.8119227275090403,High
5327.990090662301,117.30027139504867,20003.47840592963,17580.146037497943,78.09508375245831,0.407741044217254,17.218930514053064,25.899157055208413,3.9380568154957434,912.7371522445687,35.11115032198851,0.7320118606379497,1723.011123539863,2.419560521201912,97.48246479334335,25.87074553158183,294.3044407765365,0.7527115589838606,High
5713.223173537883,115.25402262840555,40373.34531366757,18153.33048070505,38.89046131217364,0.9317965913583941,21.405859212183547,5.8374091629749,1.8160045744882813,725.4278419825965,44.64325118466807,1.2300841159516236,4497.084323020833,0.8252880464764258,-41.99533199452122,38.22534510973641,128.78347175005362,0.8838566543786728,High
4432.706260641422,65.9986836504621,45186.927398765205,10112.66094728927,86.9931693200985,0.12195189379908707,13.082196954859143,73.03212584529007,0.866256424848423,922.4826501830015,36.10022033557807,1.757650457445664,3166.392700078012,4.520043287618861,-161.89517374981762,27.74400556088886,983.9945593440085,0.9469251643556464,High
5954.166302845054,106.65672197506836,10970.164382382196,6938.0410311542855,40.69935900915463,0.6232824053821784,9.430021017077054,37.721637400708445,0.5514470450249183,908.027752604882,49.896350703194564,1.911387271085377,2178.016400470565,3.2514386325255,-97.206535005007,37.139326914518215,192.5290991110515,1.0,High
3152.501249695247,73.51521007353375,4281.706989238304,2582.6137280460907,12.850707300109622,0.5940392720494039,15.240467782175187,79.73198902725295,2.423527399591185,775.241239750269,18.07678419174796,1.1713883101206888,2398.7346645803677,1.0207098480603631,182.7072868859401,31.581158085729292,202.0068464261738,0.9543333498430323,High
3186.740943746072,126.3690391849337,43990.17220350909,19091.356147950853,35.04912120699059,0.2973883610902439,15.976835111869477,37.1989408940175,2.346519174510969,775.8501349495484,41.81688936973148,0.09475599840092305,1674.1356942063221,2.7991875946736644,-75.85464964636826,29.387227260775756,5323.228792482543,0.2903711871710828,Low
7113.002803298291,106.0999728731407,20080.84200996489,1674.4254255558003,85.65321657514835,0.48599868821518954,15.766527440198242,82.8367064683918,4.947754453879384,888.6581756033506,35.184106318800545,1.938779634561547,3456.5565657397665,2.7376444217681217,-68.03961594037423,17.148415668320315,246.91424670444098,0.8634164326076671,High
4800.953207056315,121.2205001287518,27546.2872491106,6304.180412581469,28.77487644058688,0.6870376053493932,16.301475829602104,17.416334106089735,2.6141093406395584,928.6513316451034,34.87793581553591,1.4146655011835498,2547.0336950261435,0.7718084095681714,-124.1644275609132,13.666985611671377,174.66292829629606,0.7327498247216886,High
3635.302563259424,63.750561054214586,48435.224790487184,6312.290922815081,78.12883438803566,0.7544180771937348,23.974098364783615,21.470449891963277,1.6538826630893928,962.9456839262097,16.965944147404947,0.6785676606217678,2607.551555996521,3.2308686662132637,122.74024045550618,34.00481752644385,159.0629965368446,0.9081336329745406,High
5611.216300274022,67.6312814441223,4261.67166779692,6747.825079734191,79.31256135137008,0.10064517283592181,23.04491246192463,37.38327126047397,4.510532484641603,955.6418691563428,39.494487828728104,0.30284382491780953,3533.6064503333464,4.13746879514704,-89.74230790308906,36.31033608423121,14365.578865188745,0.3242223429405498,Low
6849.967765493055,124.4691049256414,32767.58236515268,3703.5934438119807,31.516787189876496,0.9431680870819138,22.514340731178788,43.80630194381597,2.709805773441103,989.464898249156,45.11842509503236,0.29540303835018716,2257.915324194658,3.870536244118152,-67.89670065245775,18.62341725238635,2164.567727434103,0.6864434656165734,Medium
4079.105137484216,66.4875902398806,4631.165706168487,15771.647903012095,7.493189224556891,0.24807283515353118,21.028336218172544,38.126767030082945,3.1962903584476003,874.4154686009533,11.708874614507584,0.34381136821780944,3176.815996193922,1.413362363738825,-34.260756627349366,1.3534608292791321,9946.917881227517,0.17186446382696202,Low
6114.452379095001,66.41310549887328,19397.97749485852,2888.7083083367897,65.21021182429364,0.31022239080012326,23.868562145305706,77.54646808970588,0.930509196926957,972.5966684021079,31.649345018718503,0.1006893180115024,2286.1452369979966,4.380316382993952,-26.508688090156113,31.908711297352347,7990.021241035901,0.21623593696238017,Low
3426.73732496884,61.089762771139874,40386.91271447889,12880.679853486674,28.03610691125874,0.3371261011244634,6.969892833588065,14.210382299537898,2.2231238329839833,942.5539819781233,20.214606626035984,1.805286835419294,2305.453961746699,2.041439745467079,-35.463683833991325,12.117684778419374,355.949894118988,0.9161809516096127,High
3258.4086058430385,146.0851258469532,22240.139405026086,2914.99752076344,70.46312528318151,0.13403812289683179,10.30246522891479,38.365616865656364,4.7490065351320405,968.4002872942041,49.48785784544898,1.0861287833263993,2013.9189543719883,4.759287702313736,1.4974781498914638,1.3856267356599088,7876.114011360187,0.13776876144557354,Low
5656.77315784074,126.37575235131062,49861.93534124457,1875.4449330626528,39.83893634343898,0.2107469112312924,14.901118913091697,84.53779995396864,3.1527742287894145,703.48798038561,24.462807975752398,1.402919231300536,2227.4337613354105,0.8228658390157118,125.80515184656133,32.39455380006876,569.4033630144231,1.0,High
5703.175608050533,91.79262676518577,28393.904962383505,18233.87532187459,43.67400681083594,0.9877149306497458,21.930689862468103,11.345722339906338,2.0502583481410777,989.7708975597433,12.187688516050192,1.6579359334439319,2197.8101884150456,2.687939098339292,127.71401629680884,21.17915336385903,121.49254433266563,0.9109953875436005,High
6187.149507491033,86.68820231588897,16736.94547916172,4207.51094321476,70.01184660736831,0.3836950636395575,15.10331423045465,94.52263322877896,3.315502312842169,842.0590488539435,19.711023635869793,1.5851666026030684,4548.56832362023,3.187059697298971,119.32525350533876,27.723219107200297,312.7483550654376,0.9870099980306077,High
6630.456668613308,91.47329067712646,11785.454969332903,16514.378013914233,34.41269979554651,0.20377098130514443,19.960694786831773,98.70010001584123,4.596849903101522,939.4548968724529,33.03808110101468,1.7663851912203947,3380.5215027345203,1.6144254431357212,-159.550064353405,36.67290302463462,588.8964131762291,0.9368131707627186,High
7879.260397312673,129.71881780630636,18175.50618002193,11120.30198658915,39.881461079062305,0.19629213505716098,7.779198104978324,13.413976513382607,1.7329577021266553,738.1612358013342,4.728379196129238,1.9348366988246541,4942.567521765436,3.9712108492410247,119.87152130992564,22.10577937538611,611.3337142369743,0.9242640469816057,High
5581.5017415059765,119.5233549963373,19254.13041421799,2018.2021323710073,33.85714218926599,0.7475139709029747,10.048276259531203,32.67088961429501,2.7730252331180347,818.7823287441922,30.576494090840644,0.8837505233364596,3081.1871153861366,3.3210305591482268,-151.8992906053693,20.624568830579666,160.5321166841117,0.7430339365693259,High
4614.78236470623,76.66760110807212,4366.9702084740875,19131.239733042315,33.0606463749552,0.8691117976293767,19.635521900753446,40.37806327335883,4.814107942602899,781.4381989062973,46.630013199766005,1.9011675786700972,3062.723801166463,0.5814924677958,-150.11049197909682,12.335822732582278,138.071995256901,0.893995334135881,High
6975.930973843519,75.6698401800676,19109.135771911886,5315.742756341904,47.33519192113135,0.3312570695576229,8.294680177754481,78.75718002200898,1.275782644843037,787.4976311502811,42.66777659523467,1.4493469972022046,3764.3601561606542,3.237658658133061,179.14510865398432,12.902559543158153,362.25641964488165,0.8543995740778674,High
4354.161256310371,68.85560847420575,23747.687467222022,17263.084234375827,72.79195000510356,0.11881856110171148,12.027118693098535,61.61304715108971,3.738487665185202,736.9766859852646,4.316003296241185,0.15062969871307616,1931.897623316888,2.7116520548830088,127.75913788221652,32.06514057515619,7268.719125029015,0.34785367615990165,Low
5194.85710352818,119.42724477312044,36414.14985970143,3791.7951127990013,32.559148073030926,0.30078101660082024,10.297325156271429,66.2147415467939,3.265164536913421,941.7291497629021,49.67610405821434,1.3667484112125674,2502.319474121037,1.3821314076657845,20.964186747203456,18.512140577851543,398.96134854566736,0.8533375338714968,High
3392.2819067113296,128.79353959995623,33179.74475135879,17151.88620176613,47.182924848396304,0.1508641217170816,11.99723388444957,76.96343316775807,3.5585380901328567,702.7726943743235,35.237619261490075,1.3765661526136488,2474.80143168499,4.980867021767883,149.98808179114485,7.377522135716696,1464.830684436082,0.8107448405891451,High
3126.7537170772875,83.85417854925036,35729.51710622856,757.9618516532328,60.36545928983408,0.19305544296703736,19.166480981559406,16.20800494651744,2.0804883380040637,793.7516370955608,8.951760391387161,1.8126625219471288,1669.740723031818,4.537229876724267,195.74585702074512,4.6866217960193275,6633.048289157009,0.22740601118543477,Low
7813.242073389625,61.88504649278215,1409.820411965998,10479.718903104873,24.24955016732895,0.4883573078628781,12.35694362285602,84.15489840647493,1.9124571806769421,752.3231629649244,1.608388369301751,0.7521349436154832,3177.838273632138,1.8162846276307856,44.25682665271103,19.443884557609394,245.72172478617605,0.7995018857813572,High
7179.900602561029,67.39545007287846,11665.702579446266,15504.130298720358,24.97705244121533,0.3069265337754693,16.105266452158805,72.03388139711369,3.578943517647667,876.7116821825022,9.392849178315416,1.1739738855409174,5509.157075274636,2.9348191435937734,45.159374792607196,19.133245921091486,390.9730401079805,0.79406905772517,High
6479.87103046849,147.10740313605274,33422.53013159297,18728.512591109276,84.00718143211093,0.564351290672881,6.998637541088193,59.847463893655174,1.4699447829704542,776.2757207843631,42.07062011360119,0.0342532265133676,4524.895419601451,1.9242596295963084,101.77081166397119,26.484872850010447,1295.2454174242062,0.741642724843429,High
5044.76472207135,86.59002997296783,24715.47904080761,18229.441656026498,65.11811159979797,0.32814437793147133,21.100353864692558,89.52485680439038,2.388446351865523,777.6995363584299,2.060326922313023,0.6708297319408586,1653.8407215403972,3.9897308823623514,-107.1444190538669,19.371631632060488,2964.0443493051876,0.5572626292531393,Medium
3866.471600354229,129.23008330543203,1260.3603077489513,16482.684956179073,51.9468008600978,0.9464835709926529,12.397772512962497,71.52910361896167,1.346785907238131,846.5014431985956,12.42421787728624,0.13386501505597406,3091.1337765419717,4.6864914493840475,-133.15005539248025,6.595552461234375,1459.9123496282568,0.6287489633736403,Medium
3782.1852133554303,116.21972119688374,40420.237479159296,17819.73131839543,58.29480489785508,0.915349571133638,17.97068318066685,24.161496449947414,0.5373717850549838,895.8067118022777,38.1079741714089,1.048527215802145,2448.826301827475,2.114728731114726,103.83230000602902,20.80431250714203,131.09745586200793,0.8120215389430243,High
4251.214490822977,94.37456756876063,38867.66909122653,4384.783873822991,2.636949879307653,0.6101254945094194,19.507792033236655,45.82581120218834,4.865258120171313,736.3914113695491,29.71941625900862,1.636720824508837,1616.0281913650224,4.1251291211463235,-62.03808200235906,36.36478675155498,196.6808485793366,0.9267312577229876,High
5746.133323530603,78.51185359759995,27872.53898668457,6041.593766378711,55.629266900552715,0.41898159278864755,9.193218442234008,51.93407235889466,2.442663403953886,752.6534357396489,39.3540498076494,0.4208209573368472,2405.2385554463563,2.7428339422094217,-145.9718574776264,7.218215053188284,1763.0298932182193,0.6590807813019343,Medium
6572.979613500312,70.92477763434658,4256.7029630373345,6134.886235960641,45.855798590178175,0.443032193831262,22.693499699066997,10.245674541288537,4.862073264889213,774.1524233783553,37.56137468751261,1.0596076806599792,4247.608899880644,2.284603525902098,-74.04890963290009,27.900430998132208,270.860677103986,0.8992961556317727,High
6300.986883588656,115.35116712349799,38559.23742709665,7852.551654533127,49.11747118014921,0.4706670548300472,17.32448503213906,95.6905637692053,1.1314558389552174,992.1244642353881,3.479467968968432,0.41597718665642647,4346.928155900096,4.722898334444464,-56.545252850169845,24.160511333655535,1854.6265581331538,0.7711709515299922,High
4399.669484729714,129.71704025740092,29601.965798836834,8169.753072511179,32.348144414773536,0.7548213899214496,13.57450283502963,17.214839775703453,3.1431505075586874,819.145749982876,44.73305953561343,0.25017005101401846,1845.7404178338086,2.7968210992356415,186.09106380227627,30.194843341760304,957.1521024046812,0.7933441597278108,High
7774.32640331597,117.95138281870176,39316.03888074,11118.828830766171,7.3326507941647705,0.5064750959669542,8.64670367156439,71.25882038653906,1.4043831475605781,879.697027189308,12.124559879831166,1.0268836159493415,3331.1777938442638,2.603347251158592,79.18388443516926,6.873410663676117,376.3685649288171,0.664190176464038,Medium
6689.484583478843,107.72719199242425,37835.60262739618,3617.655385645607,17.400531025084696,0.8710569518553076,23.846018758024133,53.091948428633614,4.055333571334736,772.4628438147934,28.116229571258422,0.16750575568995799,3034.0849518506334,3.525954808830544,12.342526959893576,37.722608139333786,2414.620270839927,0.8262258748957455,High
5771.770262557004,63.77561010884726,40347.10152593402,13979.309943826791,85.56702418914045,0.9496853073373281,20.1013640826325,7.435063739020146,4.0266634494243885,847.1378575472463,32.570119669861164,1.1788357159645988,3457.3433860806335,1.67555390458228,187.54925547304197,25.217690682919187,126.3576461306419,0.8704931982098177,High
6058.603731171761,147.16398998349456,26382.395253826617,3767.5475164378768,36.78296060438406,0.4023515380410405,9.160491254664977,92.85101020711436,1.006732170676903,722.2357523157874,9.262782333369675,0.07236154674668528,2338.0641888174227,1.9615679185474209,161.25589618967228,34.03577436995434,1997.5397660890442,0.7567639247730702,High
5098.000312138949,131.8842772489117,7875.901391482234,6551.015401038677,42.001484024777774,0.6046250332381121,11.754215494484491,85.92449683779866,4.604290037943751,710.4226437766981,48.83533157834775,0.2223627940180673,1795.116023868164,4.694206263073802,4.800342645663903,10.617663783529188,1864.2778436072997,0.7737741142013135,High
4238.654947505787,86.35398330308684,33886.71619560474,10315.230046820005,4.743881086809509,0.185550883149308,21.193485161761465,54.80450315086438,1.3758334124145108,840.6200580464381,24.91964184827814,1.104494996119842,2710.331799194897,3.553384304466241,162.2718541507923,29.837102686520502,646.7228717172911,0.7451736498353835,High
4779.863393256308,148.19732964229655,31403.21546754656,16030.590949707808,3.3809606589582533,0.2804221429897231,18.913553264306778,26.749521933247298,3.2583980371521215,819.5977862555236,3.8244920842722783,1.1869007516688386,3295.949879066283,4.219867164969525,-38.278136774937366,31.46019746902284,427.92626402686665,0.9152094193005255,High
6789.230552321846,114.16934306726898,37370.40617275527,14919.650048155181,64.54633023420818,0.47211919003914415,20.315685854314488,16.554174614608954,4.935351290394668,741.0640959075483,46.92584019411418,0.06768399088657857,3737.231774207016,1.7200029287094334,-107.83173385735014,16.49997562309595,4879.844427341397,0.6856285098944677,Medium
3071.9674431487792,112.41803923865218,9324.16929648603,13087.919950005184,48.42851977090002,0.28558244431160096,13.824022044258648,39.522285546052025,4.470784406448637,906.2804286762201,29.727124316470135,1.1510198081231013,1480.4313532931649,2.9470558546844243,-106.92872927116595,15.974184662453462,420.1938963344231,0.8220520507245035,High
3580.3632025345814,127.3265861486579,10553.784795114172,3537.578581313318,45.783538579464,0.8889044417098458,19.32952525284334,29.2656866993786,4.804537678525261,997.8710472697794,35.26046670108744,1.6786200253940375,1847.543877477067,4.871283201452742,64.92620977685067,26.654054336004222,134.99763795664566,0.909942909501356,High
3230.013210108764,133.0592809281124,44630.066343747094,11167.384239503766,21.88120773804018,0.24245763045318827,12.729874457278274,53.13566409559838,2.0416944704815374,818.6940463590138,26.733613706776982,1.4474091928149684,1596.2851801906966,1.9341675456269791,0.4281282829108477,4.642899588648422,2974.3913112334153,0.5498952578779811,Medium
3203.644011594851,119.08307465983523,37748.912124151466,2205.2067850977664,67.027565846693,0.5100947393977828,9.225258338763929,96.80888313172575,0.9750903899875851,887.3675907752183,41.90215978407141,0.27105835680238927,2498.8181547269855,1.2221441434266884,63.58033880217869,29.689341858482848,277.0577374978419,0.8189613189504479,High
7277.302920055036,71.52861717295801,45503.19594631582,7858.58194753469,15.14129211976427,0.645129316413888,17.6535406968272,59.62058185681593,1.3475609298025255,988.8927827093457,2.623539647467334,1.1890245486515936,4978.002331074534,2.798987037010988,74.43038570486794,2.672583633737026,2692.627250943718,0.6959701609450448,Medium
6518.289296900119,90.44407553950485,38177.050737032114,8563.572340654204,17.094126929491804,0.7226775173447599,24.520278511975885,89.5434503095593,2.752227027844762,949.4604917340625,14.15053989858024,1.3477824751476848,2633.6731217596503,2.245194899261943,-191.07085084091295,8.433021743712214,2184.2770991287002,0.7913869802075262,High
5370.869145436625,143.5275276293445,30260.60999352479,1276.3230691921995,41.464095421344794,0.4447624327538561,11.212019427906592,66.83348956209883,4.06953355222995,839.0656669908058,24.012769463731917,0.08409009148706063,2642.9755750200784,1.218097547540211,-178.38416306083906,26.90160653241332,2414.7347566290928,0.7321842759159908,High
3489.1708032550073,80.21540506594667,33052.50411436581,5842.767939664451,25.76518759007468,0.8821891618522557,14.219391844250794,50.14842002578404,1.1756913988274384,921.2468453379759,4.753577199371792,1.712141860680409,1995.8271427945115,4.498481222165156,13.071090636499946,4.8346230165865896,808.2390925504031,0.7406988794594928,High
5458.079375584162,93.4950321453762,44567.26827306049,19135.164611696542,22.271668310983173,0.611487235970133,18.48002742139707,86.18771845967026,3.468791895173407,738.4405120751572,35.589426797006254,1.813472120606762,3310.286558302497,4.9582575974920005,-123.58580889596924,38.90184156759481,196.24285339270955,1.0,High
5367.358853902828,98.88691946497764,29361.530971085085,19095.835852678945,58.07138800979985,0.49555700240279665,15.830125642449758,49.77997046643476,1.9560992181778034,853.6311566391398,20.289507288726398,1.7024000239908945,2866.6631459732102,3.0586198131049898,53.013507521775864,34.86745216901413,242.15175937007967,0.9163592420099583,High
3866.009349550076,99.5464490725007,31987.17489209098,7370.377557924517,58.58745706966901,0.16051657064683297,21.868555914180984,87.51967619848429,2.035409325764691,783.718083153981,14.360731523139057,1.6510166212983353,2725.7813775029103,3.986045457680543,20.874295668259236,25.425790963862724,747.5863676655717,0.8173376832101608,High
5169.2582461898655,115.1645624245073,8667.359084176427,1340.452124492319,74.20653628199364,0.5182205216006486,20.234854129390317,32.6997931096977,3.4786297857106683,748.3491063688483,1.1655634936122015,1.4924807449371775,3534.754346811681,4.365672662958348,34.30414334835649,32.94324077110464,231.56165184148088,0.8870087453141585,High
4992.523671986867,144.87682539702368,24222.139785689033,3992.35131689954,37.593771027567826,0.8386622567341572,6.165944077247141,17.23724200748387,2.601497387899491,827.8842718763605,36.27168527574773,1.2705297422511006,2758.7635350174287,3.6544190270982213,-79.01784806759574,35.61562189499315,143.0850131103946,0.8651861387954193,High
6079.250490261082,81.66234406492545,36103.45848594685,8148.246971954032,6.577658192353521,0.6530869163991839,24.96842467847548,86.25487411447914,4.154149818616973,739.3043663300843,41.856656134770226,1.3604677399266214,4420.92028132148,0.6987022210027904,55.937402511158666,11.11955033330092,1808.1455782552064,0.8430684739752233,High
6175.468254338219,70.93512386708262,14276.192217501906,18981.70411039998,24.62997464293119,0.8489462083562065,20.048049074389347,60.80444056030334,1.2016332934827219,909.6955324523457,20.356986248393422,1.6147266337366162,4171.805252007843,1.2093540427256801,131.79705459400918,34.12705193002346,141.35171206236143,0.9397675800516828,High
3226.5200488602227,77.77234408739436,10910.454845702212,3253.381738975106,88.20049168771352,0.5446105035393751,22.278066325882264,89.4637778336512,4.054767213951673,836.8720132160006,28.64668087463491,1.3283719321389962,2224.010986945973,0.8194513601812391,199.22850143689487,8.596957561866471,2392.48618122703,0.8368757385496571,High
4873.063073132356,139.82324101883427,16377.513602996361,15388.558951530138,53.66327177094319,0.20661553458503368,18.023954241906928,94.0935846642764,0.7890586162583939,859.3433897693992,12.156644670550323,0.6621766437973212,3792.2195826257,0.5444582298892545,135.3777544688857,17.120348301803798,3883.88577434393,0.713415962633316,High
6129.299578571182,118.12297313896855,12833.530771648839,2619.3095178064955,63.876337632091825,0.11227586125229297,22.125702560935245,10.094697085287672,1.3732424611052225,743.9127816004471,31.48768466772652,0.7581625933010943,2655.4177287997136,1.8769838394075644,22.999503871978987,22.772125618695373,5195.1278139450715,0.5500723930013363,Medium
5515.681292900439,85.73161103152441,11530.719214783396,19634.522759129897,0.6622046662873082,0.3728975920467321,7.247659498574189,52.592083676592495,3.452673715264244,741.9314983280483,1.5947354574448256,1.7951443620608614,2392.8353689931364,2.265601822167019,-122.62816332801738,28.841747559887263,321.80416972218313,1.0,High
7282.449205941612,133.43522450717555,21817.69130053626,7941.521732628132,46.63851589642688,0.7281914243480132,11.954756711186311,40.62163216208028,4.34716545429982,875.0246305780372,24.943550957839165,0.04407295073635219,5421.609586069637,1.5846337955116658,72.57835044792836,2.1755113911785937,1954.2458383825726,0.6330864753062485,Medium
6293.468158094725,137.52329967270924,45484.08718029317,15617.073508531592,3.3775791778622812,0.8112339135475244,22.528418872089855,64.45654772166114,1.6370583248270707,995.5029243488339,32.56606861019392,1.4006529566761212,4318.031493300288,0.7907209163884442,175.0615142231913,12.32986709834937,777.8600935013974,0.8447970742755166,High
3814.6721354071483,136.186290482125,25845.922690197196,7180.52611481707,51.230719088230316,0.36617755115829653,9.033104225337844,80.39116373422074,1.9723622262301082,728.8751749713177,45.991396888256965,1.9100073293261788,2911.6353701722533,2.884383908765049,-115.25338410707904,24.73224483020522,327.70987631659773,0.9493378402949143,High
3352.8437370021493,142.7033880275599,10208.098659950829,12739.543104596769,82.86937646724678,0.5460885287949224,6.564841971600455,31.656070517565052,2.9170433672903298,785.7194285697344,19.68545503899193,1.4153940582163675,1111.6859024305368,1.7299369398071374,-97.60175178936916,14.93737848681563,219.7445902495137,0.7451225318844235,High
6212.096391031579,82.70169181560254,4771.611799662829,4244.313652430716,87.15772174503671,0.47900701399067347,20.76237879890438,57.895846515451304,1.4520776292018605,960.8377349613663,38.49431994607046,1.9878848565812464,3813.472654360122,4.08216719688603,-140.39658263533954,31.225977169550244,250.51825233259837,0.9842092363792484,High
3132.556552708109,127.95377358716505,35111.651111758336,3347.4098762907697,48.649740785003175,0.46947050591628514,21.709723112865923,72.32921509096546,4.1502031771437755,721.6816036765711,30.28666446723154,1.3782143620013783,1166.2951899603772,0.5362367973137654,94.6886574505607,26.414434284877935,255.60711160287056,0.8852164236570059,High
5928.877906367316,101.4485547546726,19757.139457383004,18792.25072157856,41.23843247269944,0.30821384188013545,8.253044363798011,17.770952869394733,3.9813649025259235,962.7657164100854,46.42359353332895,0.07838242814155354,3272.435854928837,4.291371730794246,-37.375398630536296,10.141656695225695,2903.743702548691,0.6444256397261846,Medium
7701.151207124788,135.77986976010556,41269.71638268261,18394.12191913645,85.05153848236446,0.22273399452651255,22.08691965565431,82.33635606537035,1.1538127038460173,857.2857950124253,20.5205061073121,1.655749664477378,2910.0606982620034,4.796391555256807,-174.92174444544636,6.69123020410099,5930.617378998912,0.4408658104052712,Medium
5877.370889379395,125.5641609445452,33316.027663397734,17805.644334151206,60.62488487970256,0.2770197024080918,18.735355911943394,62.580411986032445,2.5872337931748444,822.4800321779278,16.635671653776413,0.576413524759245,2139.593716945242,3.722607784191063,149.97999659611207,25.532832749894965,1740.476545701807,0.8195968458943895,High
4940.84963103261,129.88027018497522,40015.83107652706,12695.952278248573,5.840935158456851,0.1497991484470115,15.401653664331679,95.20605652579692,3.9867249499457964,792.9041693054368,44.469957936013046,0.8976538790722375,1512.315871705331,3.8013982936815496,23.06876188102666,18.56822578048555,801.0726445647829,0.7339857665341255,High
6216.441092211766,119.05456539129644,14325.35593150399,16261.230118717425,41.91530199007478,0.27831766764121935,21.6050038556277,37.25524731741586,2.0179828899653667,789.1351474383525,3.412975669006167,0.6310629126550933,3823.853553265444,4.701030402212299,-67.56228319985769,7.589324602951425,7250.274569682596,0.5485919034956444,Medium
5291.264452457583,75.96858925227362,34925.58720059185,1846.2202697718108,21.622051661787353,0.10828080786284151,13.384984986379315,15.273864522033872,3.3489807022297926,791.7407747348436,7.682884253750163,0.5444226713572621,2537.221140397553,1.4408207838515712,-62.406809575561226,13.728594007416717,6550.553819697474,0.27565523761046873,Low
5728.083946579674,109.05242270072445,13939.03724999222,7028.386316868244,42.28238893038134,0.6645325605723804,8.879879124467944,53.11761409850791,0.7259590465590773,965.4409242880588,5.037817294618178,0.8684973503028729,2019.6888469656458,4.975545056938595,-83.89951192363729,12.818823184424877,180.5780591046444,0.6897784985630864,Medium
7707.324043882626,148.62027655720573,47014.355493064286,6617.210932764547,40.99190148057256,0.38473786664891463,10.697053532212273,13.152023312396691,3.2390994223819307,917.1385690524356,42.31238787224373,0.7637153823969408,3556.3048964558675,3.9806654152034384,-17.807931042943267,5.217146921235629,2093.6763728635865,0.6767537202047316,Medium
4930.513189003871,144.3649259847407,32182.339795135344,12895.083778075958,52.39303225332678,0.9758302402842177,15.103280365866297,97.10501971578064,1.1869384100027316,900.9169023493452,1.5197637451456503,1.270343777866753,1895.6444922543192,3.7695681874750715,-65.18332460474201,22.329451751343893,122.97220873688966,0.8247749196289038,High
7805.952819119571,63.88563622173105,16901.07820859176,7441.17658267749,32.109344131432614,0.2743453456986681,15.626615853463514,8.675071034433195,4.2376249630150316,939.6247446856003,43.22120061935536,1.6281708899651461,6017.198558091225,2.124907605478817,19.17852162824377,30.78229672258961,437.4049054646768,1.0,High
7526.753209780319,74.83333341564935,14206.081252321359,3395.882242051776,14.784340451033525,0.4112457132786346,21.111616528824673,76.58287060519426,2.099522586112153,777.1343989012435,23.112121973192075,0.6012064198426091,3462.3248634589013,2.9559986843252473,109.40690090851768,23.443208665266493,2047.6543587367228,0.7331031991952707,High
3978.9556739464824,71.85558961091057,10355.402668510531,12131.107970564102,45.334749113096066,0.4220570427773799,20.827054473046687,54.88472782351318,1.7669923822768807,885.4128436245267,1.1972386638445667,0.4353050941158147,1858.079835347313,3.4426300472300615,69.78451337774942,33.22536323255674,1809.390852626479,0.8007733093034595,High
3346.8065043758274,125.3381918986766,35037.40698579266,16380.48645304709,74.71825959111858,0.10760634645621449,16.6273311440915,40.01896198733743,4.284000395201682,838.0198716873853,20.68061368339005,1.3371215890319812,2409.4630655776627,3.2915428759274716,-82.21724289835315,5.975173341401821,9632.66367335632,0.1822681890462196,Low
3503.8900068871335,133.60067968712505,11717.065036898437,7951.408141969477,59.761100526084206,0.855287157735513,20.615709667309527,11.255005628322191,0.7256481038231459,934.7324905600581,10.153241211206744,1.3439369310032554,2185.999471502939,3.6724308731491133,11.4964046159117,17.98886245506673,140.30375519458988,0.8493009296547424,High
3091.1091282577486,79.21602296796047,30169.860030446966,3079.2399444203934,30.453107933269425,0.12879501412989225,8.83546916587342,64.10585779649273,2.2847395970045516,792.7768331419857,31.59562388613599,1.803251166179482,2024.9417076137722,0.8707178258528478,136.0504639649003,24.767189042665866,931.7130854069994,0.8780668587217566,High
3472.214803779642,105.5267423656646,13967.116319342509,4335.419847600049,84.19707204829714,0.9461618512563172,6.001290541865886,60.59593129214075,2.1650159325876412,892.9535850609687,34.28858070616068,0.04173191604208859,2145.831880654406,2.1004179477426357,-172.71750610290982,27.364060876734385,616.3007960215468,0.6840406626808277,Medium
6415.033867081784,135.663272521008,33436.478294899556,5130.924450802988,82.0986814124264,0.9028669159842586,22.472676452694003,31.683910941421978,1.781601684122979,964.663723545194,24.888850949844993,1.7075509176118548,4959.450763343024,2.453000074679647,-168.68109320523808,28.13566595051365,132.9099536991919,0.9016686925239439,High
3355.943242301145,125.95213902896255,40932.04669848642,6348.003063393457,18.84135594456889,0.5819697244773672,6.511089875255392,91.47106163397964,4.602894494006646,820.6451428584786,2.9854567465438286,1.0467943241672304,1354.1244935993132,1.672831840437349,22.468027219901387,29.42965165681736,206.19629329990482,0.8368579985341977,High
4594.878151468806,108.80134849426634,39123.236914088004,13034.503874873028,3.547582660832668,0.5892360174201628,9.933768594879947,33.890450697569506,3.87917777082525,719.9866262102385,33.150311413992895,1.2463911574524766,3650.720846885132,1.276822716211507,55.64605135592129,26.405762675644652,203.65353856913393,0.8270557102422702,High
7224.376554847273,113.13129214128956,38281.7152156083,12218.436948485521,66.7177837515686,0.6884001306605407,18.906378992487692,47.723914006250084,0.7876542388637244,854.8152467025378,42.25990039667054,0.19182916671721542,5168.883130076572,1.1251736596078827,-115.43479368963835,4.674895468693839,3139.3830805274215,0.6156105793534444,Medium
3116.3596786791295,105.7524492224652,10198.397878920352,14073.557300557264,74.4849235214238,0.4483450107413983,13.188958752546183,56.65743331227229,3.7160935224572933,803.7917463421078,36.295889588993674,0.8709037164153709,1852.633117514485,2.148725265154633,98.08805067660722,28.11692142648956,267.6510212560724,0.8869097686680351,High
7072.342412944679,86.77936061869386,5330.862402241417,7568.788698364507,87.10781093562197,0.6825000550580699,22.526279398310177,14.522028426747179,2.872846099079573,901.6676141641525,41.66793802881061,0.4623317904046624,4463.96219005773,2.7204876525315465,58.50535081629096,29.266523614201116,1581.6148415233536,0.7765787863488856,High
4409.273873867,110.85197935731145,35248.49259588189,16567.954211659577,80.08527546794797,0.1402915498196382,10.95959589324539,93.55536332529508,4.5539055248071065,985.3098774245818,10.824966653993487,0.515907809864193,2753.2076551316068,0.7833939806599732,169.3157072945146,39.74571743901146,855.3615677799166,0.7936129850566203,High
3590.824138108281,121.99967718450816,19049.013475923213,4479.709392537325,54.04812913857734,0.14864286461475393,5.2374269333871855,40.5809344828489,1.908255278067613,845.6824953990541,44.555509043167646,1.0131492782052947,1182.092526895479,4.759061425657473,-132.41831925658533,28.041135031343913,807.304140101247,0.818375859734959,High
6483.685826820753,138.5990624274727,22184.965093764018,9646.294576604001,47.70471052911427,0.5115073776575899,11.013112811214882,12.674025318062643,3.083728998243123,839.8570690466602,16.787479081750178,1.6267873413021936,2651.880988818535,3.9435949528734127,100.54970614320428,27.786385434310407,234.6007217912107,0.904327444275041,High
6144.71423389942,117.26622185813233,2526.305546876162,16118.305070057891,2.505694613632766,0.5946600709954315,16.561500983696632,41.792661499156345,2.753398736334437,896.375440057438,1.6568358983475604,1.4901240509882636,4797.396184979371,3.7888329793345994,-166.54276376669318,21.077718317096906,201.79596016784168,0.7875875148567432,High
7387.360067635264,128.50093833388422,13719.24601447741,4013.093630786075,22.199080216030005,0.8990358763022371,12.518767508065867,62.01924197379517,2.703024078024226,731.0492510780703,42.32619067012446,1.186089918581048,4189.979241950831,1.2778723624492714,26.11696380715901,34.84899343481944,133.47631964762493,0.974152857032522,High
6675.355219019429,74.40644714591157,2650.143789848737,2642.3307179452677,41.36532765596338,0.19419457051710665,15.697455115175105,53.79700382302631,2.552474297827457,776.0518566775044,47.14924217927161,1.0834422035793994,3265.428915790434,3.21710345605485,20.758055799658337,39.87655571648517,617.9369468490323,0.9511059728156794,High
7017.404651924243,101.54017269778109,44080.102857461134,17731.8373699158,56.5653510075211,0.8403831344745004,22.531962376700374,70.98148753354103,1.4253326398952657,975.6937976501196,33.12235167345009,0.860339026036635,4778.987524543121,2.8837622606390036,-44.64598214130376,31.382749937699852,142.79201363915655,0.9144562894731016,High
4410.172862856532,60.839845784438396,12926.437477707994,7187.12842380432,50.15266499865696,0.28904260356286265,23.24970108460737,10.27097449645151,3.9006946512157676,900.9827840091299,12.340394892707808,1.9456928473871589,2479.661462334386,4.921109806040122,137.82845906742688,24.887514736454527,415.16371123436033,0.9386132646953727,High
3887.197718898614,82.20109780694608,28309.521309077394,13835.467435726123,66.83723907135214,0.45467528365902865,10.319481293082243,32.03135797584533,2.5310121473267992,704.0332131950249,13.33547874984399,1.1247831829261243,1191.7424632118123,3.864522965360711,-198.2517420855951,4.0792382503311595,1512.6107574192417,0.5962600429273852,Medium
6753.073758204291,125.38155436017044,2909.98671239539,994.2977831468004,25.179023779833678,0.38494219134467167,14.242809465398015,82.82690479980971,4.813323237511725,761.387641767706,23.863050798345355,0.515393132641322,4511.855524551415,3.09092847672304,8.071760759408306,29.342826137455475,311.7351194495429,0.8750201297833352,High
7034.17369633632,149.2628956214427,33675.522173977246,13955.914323984267,50.845734688722594,0.46013974557885906,15.982880304829024,12.58990034017928,1.6736379223674933,904.8511798086697,44.99372290046956,0.46788067615967877,4685.524859360595,4.32865699911555,-113.13858006592503,28.633901174696067,674.3076520468969,0.7467791555039536,High
7952.525710003367,68.92602896284943,16828.3399419506,6663.975575165925,7.932801905171292,0.235445948265327,23.982249137764942,86.27116569611597,3.572347278321685,929.3197607687723,8.33028515123036,1.226592531242532,3042.4324025152678,1.1979242188731927,97.39944764657315,31.247157764567838,509.6711193550483,0.8397857047469874,High
5063.0883845571325,96.13448842751595,44998.04016092562,1586.946644955114,37.22989712248862,0.5532130669631995,24.972346383287693,13.730128747325093,4.733226858375988,951.9578718022126,41.47270980959086,1.0504267793487483,3940.7538062021563,0.5684743836093974,-182.77302947756112,5.857660147580083,4082.181949154325,0.7364845441802403,High
4860.090428963916,132.00638718292436,44517.791257767756,12391.348850188282,67.51447496591409,0.8214783308482305,9.708144976830532,84.27315041471114,3.4855624535724163,787.6530410146134,15.273837626552368,0.02531862787987844,2002.1340122242561,3.6060500003653546,132.62187527263103,26.495567504919595,1320.1536629762081,0.8038981181013714,High
6882.064803709984,78.3632071166009,16939.240299725643,5195.674413426878,62.40607680861396,0.49738060934100725,19.53959742691631,39.274898102479035,4.4207280842782755,979.3085788832689,40.6207223020258,1.6618300906696009,3639.749846203767,0.9424015710675686,135.2368906827806,12.533232293115312,241.26392896375913,0.8815135272301566,High
4704.017701265089,109.95764543720577,45147.08388883292,8042.74122001166,89.15784634549611,0.5415522183083792,12.560621244663903,63.1598610094355,4.223664318906527,865.8840680733678,46.0932886824754,1.411203484922545,1681.065306751031,1.0194513799257914,133.14640496140117,30.650578492710515,221.58528013205867,0.9396872969646081,High
7653.786628017823,125.97641664267073,49811.72600144016,2071.3258395870153,25.01020133889804,0.8638908267531828,5.162163937724264,19.52427598655983,2.1205297197005173,908.9617067163679,21.94719972772169,1.327040286459426,4604.833063170592,3.851063268910387,-138.97258930693206,10.374584207227183,138.9064408184583,0.7689855970383508,High
7292.063759215059,115.43869052341611,41445.36754207346,3369.6833963514337,44.837036925658126,0.7354523031742277,5.185050448718047,11.286028563892181,3.2005577297277346,879.0216588339724,18.887482051171013,0.14687350881834133,3556.525880727468,1.7174067986029509,52.162607424417956,27.675168395996018,182.79385696520092,0.7366828165572087,High
5144.970136875092,76.92222611538745,42398.69604000622,6310.556092168953,29.657737239659706,0.5414089676678062,14.211320151245115,25.514129381912834,1.2031760291511002,736.8220164023861,40.308844629593786,0.7304911418432579,2452.0244991653867,3.328840470060018,-194.25305632664416,12.50472493237521,1125.2261399719039,0.7528698916437612,High
6754.355338957486,91.98461118171655,13201.428069345406,2250.310260923064,39.654280265325724,0.33192608337026175,14.766698260086692,17.146112701326075,2.909866472130198,988.934397815464,26.944661236590306,1.8714106988582444,4819.154444613093,4.628331167417368,139.18503651567994,1.3507774198798144,4424.66183572387,0.7857384113303001,High
6772.714370423411,130.54126060368574,29258.41754403006,18261.112161383146,77.12551168824493,0.89643407216047,5.4513939314688535,34.67856027956502,1.5368988731645175,736.8626739682458,34.53800337469666,1.7265525902693137,2064.1936861411714,1.9241353923703626,89.19007740344819,25.70095856695072,133.86372040811818,0.9456259472281525,High
3515.619344179663,109.88038627188149,4295.539784401025,617.9173420875792,61.5788167669638,0.6193183615215025,18.73854833548605,53.86640841854692,3.846815667286005,776.4645869233551,31.518632611097797,0.5782304463603716,2457.324354941448,1.4771487102796346,12.461492359701055,5.4174942431979725,3023.838308183945,0.701200194191047,High
7512.7645333978335,60.470665218862145,5650.978904261816,9935.274267854073,79.41970722128235,0.2990328490996241,10.880067771899062,60.9321490386759,2.8762628985145606,944.0883640668941,8.49155343659502,0.32254717935728605,4400.408618725963,0.9795329768347327,92.23657323864683,26.71236743874035,908.5566381332239,0.7953836211880656,High
5526.261862239286,128.48916840252843,49945.73798963124,2903.3254335847532,18.315999749869782,0.3422077773742093,16.197862030718987,80.03747020107558,2.350523131842472,885.5790884503305,42.39472765418852,0.9036850347654684,4382.597862400024,1.0870806263887676,-162.27036133929113,37.09876848592056,350.66415182252916,0.7495642818176806,High
7132.287330538708,63.17802194462152,17005.323221869636,6499.742244819996,78.60250060572942,0.8228197800426214,11.018381463308376,67.34278985859407,1.709586932751399,951.4447496129071,10.592980459243673,0.7181024535486451,4241.725406355421,0.7800021292047923,11.462332870742529,38.80059143423252,145.83995537125287,0.8722126207098903,High
4600.248005153058,127.1160404458109,37661.011690393476,18558.161416456176,5.378604676054598,0.13973100587870993,8.342686297386145,62.832040887307535,4.994143168285791,854.7208565122135,46.68182505946826,1.3676304896449223,1507.453277241541,0.8943907047338306,-83.48940327342183,10.20100040577689,858.7929303547921,0.782323236741021,High
7477.6161424810025,78.22325041487136,40526.58759831401,3653.0437888427437,79.97393523934372,0.992882968325938,13.143474771977505,44.11929261114859,0.8226973439821971,813.0979706099904,13.277993279685244,1.9332052720677961,2432.637998022715,2.4440206496411925,189.04778528918922,32.56087587837554,120.86016562689902,0.9645261866866339,High
4946.008393670816,146.22661321074423,43043.14027935423,19333.730234507486,29.61664015146551,0.21731651174331262,9.645467295810015,50.01180132121318,0.6960230625758901,976.5536498643355,36.96016769041336,0.7323728854652973,3667.843559846509,1.9438927026078638,142.84718024956067,14.788577798025173,552.1899787428035,0.7094639456093353,High
3054.1882574014917,93.1146676171876,49883.78657270567,4512.9903512937235,28.312887007265985,0.8164616728572437,15.69601953838336,44.379478792067204,1.4776583022223906,710.8756952544385,14.94811428118601,0.1338261035779616,2200.8696598103916,3.679523664453491,93.31027833359076,36.11782583717131,1596.524907121255,0.7276406859294027,High
7526.909882096318,89.42384547042712,12833.327777586524,14960.539115103176,46.08797190287975,0.4552977850945146,8.976570605729599,85.0057728558314,4.8698260638251885,956.8390661059138,16.57148502075633,1.7962518766013467,3559.814678637582,4.416087462111508,173.49905409989276,31.71209317654558,263.5637684358368,0.9613425775416146,High
3456.433383930668,73.39992452992001,2977.1905161252853,11160.206665497579,84.66211689509086,0.5429945649587202,15.168119532892542,26.850042992097986,4.90657175743993,769.2453355563345,16.19009078633296,0.0855199631773429,2105.0240705178426,4.03147941414073,-61.262678173810514,3.882946949184782,3278.717912155873,0.4933797209058042,Medium
4596.568187952074,87.50437939411934,21148.38438173471,17747.335188136803,4.300322821326484,0.8925855197181201,8.147570297377351,5.543488496486639,3.447174806474612,954.6208983261904,37.64672044727808,1.9060041353351327,2504.190484854651,2.8878676549954347,160.3519595952725,16.878342761213815,134.4408993301798,0.9037267770249624,High
7750.309835254025,138.89856856453804,7373.952821618401,11302.868482311053,31.700787756367077,0.471620070630292,18.4194941897157,66.87539023649273,4.460480002428821,741.7589840250657,28.283940780500263,1.3325130617379892,6073.003494988763,0.9609895230469404,-69.90470715731587,14.15539521437729,254.44209751215038,0.7704825633614468,High
7753.035734687781,149.67009038645227,2098.868568940701,10923.904773548018,77.09147898150022,0.5837443783059111,20.07875368882848,24.23390744568898,1.4628277887835792,874.0656891071621,44.26467033652736,1.8839615247994788,6008.451125933702,3.6939527777369907,93.1186878764612,31.6220598082078,205.56943151770113,1.0,High
5867.18944061643,93.14785774561635,18660.91452993282,4311.431007183797,35.644902969192,0.14436969616825296,7.2078846849986755,89.56093794943189,4.874189423794806,966.4323757034416,16.061263240998198,0.40732277643146675,4646.341753273414,2.132729261270931,94.5667647105796,17.001142715473204,831.1993665218235,0.7757912333490508,High
6159.186060848997,100.37495678590884,39403.17430268659,3741.4725600073452,17.92412078373603,0.10211272648070785,14.356048240746784,86.60940132213233,1.142531825628041,842.0618940696671,34.90763358078047,0.09099259255507716,4516.065444315784,0.8854267726193459,-192.6600494183626,27.698947508470265,13908.92156597956,0.251028115937417,Low
5242.227609891599,124.98638443824633,28742.853870028473,18371.538446752525,38.23147631982706,0.32031988570155334,6.417434013097472,12.28910033317956,0.9550633468174623,923.9700021410179,37.894481383492426,0.9815378567702188,3956.7065138585103,4.291098832456815,-55.57612068872194,24.494974968027176,374.6255083014288,0.8099642398478604,High
4466.053858490322,139.75762024185673,16326.121471307348,6892.844877575664,34.69972513425024,0.7125247836268905,16.96364891084005,15.106898514337349,1.004951926612728,941.4014853566675,8.42262353846795,0.9067405949945492,1825.005521687614,2.021974327321275,-192.22693103660083,39.04991004480772,168.4151944710983,0.9285440536134033,High
4643.322726849579,113.37399007681057,33062.75826914326,7755.603971776471,82.3874581320033,0.20913840402322303,10.288085958592907,52.0413012634333,3.079075654726541,920.9482626150337,20.628878508670745,0.6696696237772168,3322.31317279613,1.482119746302071,198.83680704409943,37.57361331526298,573.7827089216719,0.8744624197159069,High
6362.592280385192,95.23731283600463,12368.890835131726,15316.561339353573,68.57409381687874,0.2023857629240945,15.552489136774156,62.87615296308869,4.014384803231236,977.5989210623795,24.658057223170143,1.915736384033508,4163.862082300382,4.421534290784795,-151.1212952683048,17.68028107481003,592.92708274646,0.8919042531739312,High
6761.8726471884,97.13596567637614,1704.6908575321663,7107.057907244744,45.46040001696057,0.46986454723231297,15.349220187685823,31.11629206081287,2.150002300435849,834.0502691559786,18.428682104824343,1.64694162700125,5283.6816737197905,4.559602408011522,17.124358259243735,29.219550254004822,255.39275245780343,0.9629351844481295,High
6957.895218629243,122.60563318471262,38453.31593538494,19065.217709460554,88.9533510049414,0.6830533347474038,23.487086923876006,73.0957830864402,4.900531945037569,751.9376317495468,16.783517202487765,1.3265482225374308,4074.7585379419224,2.0253687673620195,116.2224955050549,33.34894366526765,175.6817423991884,0.9707263483004132,High
6948.09071397277,60.28964372438508,31563.411158336447,14889.591495476607,41.874977814833095,0.7408647930231375,15.981664451374458,61.51702198729279,2.4548906215324826,714.3433191107439,34.634574805884455,0.33408800035927716,2380.3018142703245,2.0966063867661804,-119.49455909564301,36.056544400623665,637.4613564742622,0.7510709628147634,High
3456.0305152434516,115.76304037138567,38352.828600547036,12149.87023018169,5.241404773824771,0.26060560668853733,16.659969594366313,35.858290426112696,1.1770184784794733,773.9379608912516,11.57745348531494,1.4713035823548641,2069.123553430737,3.1083283741241483,-5.978932761810938,3.6572362872828634,5193.6249047085175,0.2723779602639767,Low
5472.101523512907,91.99437093972216,2907.962817695615,17677.455630622673,23.60468896334864,0.1716293326348382,13.033062515287606,7.410291364019981,2.5968503668376153,742.9592511640726,35.76014651730531,1.4567547848524507,3520.150728173969,3.8004867221479617,42.97150436846033,12.781073171666375,699.1811839955951,0.770567808069637,High
3287.7938000832214,131.4777598149376,42018.861763701956,1467.3152128149136,39.24634321973814,0.9463573305509898,23.981592063656336,76.26427672335917,3.555667244400979,867.3846224303442,46.8171656231458,0.8558856654958549,1348.523196139306,0.7841714085808855,-135.91809824178185,13.48897159777235,1576.9825070538318,0.6611796175158092,Medium
5747.644411618678,68.36915758408189,31356.783801778864,5512.72249768957,14.121236173150809,0.33459974430589157,20.54371818879219,25.401598253382858,4.245016012269704,755.4836011635196,28.694678537709805,1.8503239603308872,2856.905116631134,3.1700464573481226,111.42218396461539,17.943392097575266,358.6374527838725,0.8716119302425075,High
5207.652506866885,112.93820402535515,28606.372184919368,9568.208517307745,85.28086136916387,0.8680118478478515,10.708105806056832,84.2750056289497,2.564457304804668,711.6801121868114,30.960277600234228,0.3422859856357308,3120.6946543373756,4.787690278026117,-80.26541712425387,7.601325277901342,1120.6683933549455,0.7022410476435349,High
7438.520913791499,103.28756008975114,31606.088357612047,4926.08151969466,69.01640080359958,0.8771423054165365,21.88419171552464,44.92757470515424,3.1712307172212535,710.7969486606004,4.377702404080365,0.542001749199212,3622.952949636557,1.6794225373097915,-115.59076946446388,20.352029318050317,1484.824912678272,0.7548894045088549,High
4754.575062760394,117.80929733147048,43357.22909654984,15006.151152391963,24.14584803849954,0.79527033258629,13.6479272037018,59.822357050017715,1.70305120471484,949.4708495094585,43.35936827727358,0.13581643510876096,2317.7310519390617,4.589722463436202,23.31549857496674,26.865358764639787,1508.7956190975704,0.7211833789941172,High
3585.335082138029,65.83682350346714,29759.888821386445,18424.55660554764,53.17240801661242,0.2519502459873131,21.57334287067188,87.93012938885518,3.4066243688248132,877.4349794329074,14.98694157279341,1.592947406773399,1314.1806228364467,4.7757575334339215,-35.874548942824845,20.39719288845199,476.28451216532085,0.9176035928834984,High
3714.9584102641793,112.19854086853181,29466.568614520787,8763.517338653006,64.93042413986149,0.8396213133287803,21.45776136587004,87.04418508739558,4.936873747776547,807.4255905680135,31.13750711089968,1.2473011783298407,2861.9049984921753,1.7111913843699038,168.11437785456712,26.965930712707014,142.92157439911273,0.8665875915568565,High
6807.553158587361,110.53361291635713,49543.27869622252,7171.585702181951,84.71510360161182,0.792325503317428,8.777403735257089,40.29435964813946,0.7207410766450724,968.2684128220741,48.97649631749531,0.6367312083056865,4596.781156412045,3.8939083964840773,152.0250792792616,3.5912236408981117,983.0443987854379,0.6987783874033752,Medium
6091.090316581305,110.45940849745539,38079.77818635983,19250.239276682543,79.34718142578696,0.6370506910955954,19.022822627671538,24.844444807910097,4.489388018173255,721.0589834223141,30.179627428067583,0.3359891905526876,1831.1140441926789,1.57448753743802,-6.659734644446701,35.163505936589004,1357.806811632961,0.8670043902692408,High
3505.6133806139514,114.31388999368093,22672.396467105627,9174.622440137045,46.36730035243923,0.40348183165205753,10.812859386130622,78.6388773842165,3.0302712624538524,994.0966218183478,36.510764885754504,0.08989406235719333,2393.656100606131,3.819250227794597,-56.29449010976097,37.62369849194167,2209.9767686776,0.7891901111611532,High
3420.5340305749874,120.8821143503726,35662.45300161346,10036.443808761023,69.71873578137158,0.3362577438398897,10.949853399853364,46.14261934220246,1.6344439680303497,884.8875370763383,22.82066129296384,0.3418236815656138,2291.4071831900856,4.088389870799716,-69.79280734749392,25.098389540627295,846.0044221924106,0.86268501933721,High
6504.8456572956,132.44900997126928,20072.293112897634,7357.172510667155,50.59302784448265,0.20970029087232306,10.926961537611614,23.243989388105387,4.797003695041661,755.0392761906545,3.9579263322378107,0.9120364462119398,1983.102894143165,1.6124256666979224,-92.97455076739705,35.37424894683898,572.2452720538311,0.8456841391617214,High
3363.8150318209678,84.28386481153929,12214.897661691452,18236.195223736697,49.74335010409861,0.5587813602107843,19.511364951198964,90.92040752012927,2.6750943637650453,903.7207296930906,40.08236812499964,0.5018821683311062,1630.7847556156962,3.7214129461245573,17.819141484990894,6.126394649280285,3529.817826643144,0.42439739538472354,Medium
7109.300296451781,134.25444691620558,30245.741967500213,11594.63192399609,10.32677625043727,0.6267347879588618,9.596520835850722,23.819898452903303,1.9926061325302353,929.0143779350688,2.7149432219352976,0.5253745330896138,4289.565856286898,4.154470424888404,121.99144189381741,32.100507882976096,191.46854826874022,0.7643032336282208,High
6531.2111357824815,104.84301140371082,46480.92280758362,15362.404450042071,11.352389221453686,0.42340509146420846,5.0181167049218045,7.451680978166952,1.316739327218785,828.8028350112323,35.332233615504855,1.7523969696687516,3437.868390308735,2.113604924481103,-75.69735671857688,5.646779545431166,283.41652573193943,0.8293478398380529,High
3406.743903209499,66.93524512208981,46527.83648075767,16330.231007842283,47.65802535202117,0.5278231609127817,19.30473706965266,6.926597507904897,1.6000349461549794,958.4897818736642,2.12315708433221,1.0351239701875903,2347.222904329204,1.2546624919537712,-123.9623641247674,16.912399028403932,408.8431675937598,0.7559477837204668,High
3424.1885704259594,65.26958363195813,17753.358627169026,7166.056317386535,24.197539048110595,0.42716301163234005,8.423694876702505,64.1199588631551,4.247820687161491,745.2197221889411,43.25295659225686,1.4612114265255451,1755.681351027445,0.9138405529288111,-9.806477526685285,13.628922847772726,280.9231996502642,0.8702440627404727,High
7933.1978925058775,90.08144868264547,26856.195844863054,8957.03946074741,1.8933212214421768,0.6769054515886311,7.089647906156693,67.85913076816539,3.2648450419272463,783.6512750732825,8.724165755816049,0.08106478856600474,2990.272060254701,3.0892176662447386,-172.3862332809334,23.838081183597716,914.2580636191832,0.7033852543811114,High
4871.353978780602,130.6407279400321,11370.1590299232,17045.199600922162,65.0555283510191,0.911133287016907,9.750322411881204,34.54896198041347,4.6096052876974225,728.0477084751969,26.199303276685004,0.7366750777992771,3839.6392617591105,4.90144153692071,80.51160245188271,12.759066874341809,131.7041114729609,0.752006401683841,High
4853.2107353344545,123.69128412668242,49785.92436544529,7583.4793576782995,2.923793702114846,0.2475282358422504,12.59801044645408,35.40104397847102,1.5438580347100364,763.2633521822056,30.26038451967422,0.9635470013169292,2043.298766260828,4.203276440099973,7.343306520773439,25.855231557018175,484.7931776012654,0.7931037581147052,High
7063.997836287513,130.97534682051656,49074.77748552885,15981.7351023111,53.57491569936491,0.4432679289128111,14.518126549464014,37.251921930694564,1.0451235823200566,771.6186435733435,23.41972496129719,0.38096954186826754,4654.0878152783325,2.4612783752054876,-1.4500768108583486,15.328104276926355,2349.437471822525,0.7615985121678331,High
7736.242886919294,106.55421507974484,32825.93755566492,18849.350290201524,48.527441471458296,0.22678174355577518,5.891400814252616,69.61506194209348,0.5273938893901551,975.2899572765131,17.697410978095473,0.24918116747662197,2874.618864990177,2.9147940628473137,-79.82184817999101,34.57082486018811,529.1431228920195,0.7649846780166458,High
7930.005319114354,99.61790981599415,40416.2889241962,12652.602274826137,87.1933221520024,0.6624493933670488,24.411466652547208,10.522710147548715,2.7853791692719723,723.4329066253468,23.922900512867614,1.7419045192146867,3683.5374844154576,1.7578754843531852,161.86937501269466,25.721469768564848,181.14591273164714,0.9869685430014262,High
6766.890926294708,73.27072740356556,36039.9079029013,14961.732105311834,43.57918254128775,0.7559834585397361,19.321261068391163,93.26605350567594,4.992381186718947,828.2245360563129,16.259371940176777,1.8794689379285952,3525.643584218205,1.233796403120286,-163.8054832601789,9.396633595536398,263.5899109790261,0.785130206422472,High
4881.297927654579,89.53734782483804,30064.752732933943,16199.397584802131,5.724129274001762,0.9387214593377103,11.463881306486723,26.13949919685741,3.6273437096838754,859.7196061680738,22.467995006962294,0.16682532911036074,1933.560220959795,2.66936521204523,147.92960355481256,14.109047459095395,1164.5799375397485,0.6199408915455427,Medium
3417.5035834933437,99.06174295564878,3614.051852455987,16978.27315348453,49.65191710258155,0.3509847336348685,11.373945145707946,99.96895449799877,1.8877756638431573,969.6079161406483,18.586736558903503,0.7045472379594617,1794.1203073814381,2.5857570477523333,-49.31791903363094,34.049414617439574,341.8952122425835,0.8882794007870983,High
6885.734579637184,67.97403867116554,23283.452785080393,8203.540088207523,75.69865535544913,0.9551900852788872,13.970850987369188,21.294655909782765,4.445863623617773,999.308865598364,28.74403635185012,1.9169884000075026,2606.8111163450003,2.848684787616921,152.24940639000891,16.07271024951088,125.62944470363044,0.8424802092351287,High
5792.021248679025,79.85507574400901,34064.52880620312,1499.6374539319645,89.71643558532959,0.15693640463860734,17.52489645526066,78.29691344467587,4.017750196945819,926.0164344759507,12.65828395000419,0.17549184893360514,3356.495250582105,4.787620635037733,91.50458333295342,21.896163557060163,10462.04538169746,0.21238378844160838,Low
5121.110046234881,113.8402764657365,34199.049080300545,8336.587289116422,38.73088563201652,0.6427124770281294,7.927461331779355,26.224191768314377,0.5693682473444266,991.2372971707089,49.44417119078661,1.2908463320286652,3235.8073165206615,3.217528850651475,-158.33170933518468,26.308735502140976,186.7086827921469,0.8445162530217855,High
7531.77192547368,126.20968028152708,19283.008302696795,13638.24648078975,28.826886824706826,0.151419447408997,8.778596275299046,12.680446156109127,4.175872162434601,936.1303397607621,25.542627715726113,1.9447205282243412,2494.651971456715,3.225973264800682,132.61451460374144,14.564576333850754,792.5005806940349,0.801664521132153,High
3555.9874115307566,149.85127602536545,47142.9073462435,9281.832522725459,81.5987967256799,0.9043967689857504,22.18869165667102,88.11866581331164,1.852370407573232,988.9607922914249,10.513941793310972,1.9566651004769353,2615.6636516333656,1.0761114328748456,72.87073347980203,12.465166599564663,132.68512683274602,0.8541426598385999,High
5463.125521454296,143.98019982092018,9200.49457960227,15104.781441777772,17.211791616850924,0.5768281513630487,10.125098477781451,86.58136962313473,1.1735305906262048,912.1812177833366,24.37627072879635,0.947734428498449,2144.661603505179,4.984199897795692,-187.07923483386062,19.534941201713117,208.0342294606101,0.8556939436070257,High
3056.7682238370953,117.83086795816723,25517.61286456247,7461.157374638946,55.388602352963396,0.7024135156865164,12.60389995950355,43.33918728271213,1.5184887788168355,723.9290276353213,43.45434134671639,0.33387072448693744,1261.4708174341417,3.9778022490560083,-146.518927156132,9.380357911618775,1618.2045799640255,0.6959048995152721,Medium
5343.3032099706315,97.91232479646648,34853.31485099032,12877.510751528576,36.514298176285294,0.8484165333194073,22.42543701900234,71.72763354134055,2.6086091196881256,820.576056097803,2.0685328630953843,0.4121477868051033,3369.8873247058864,4.4474150484230215,54.251222334278054,12.084212889843474,2467.413785950454,0.7131212155597033,High
3281.516378409187,117.25596282374094,35159.65448869865,4135.186194652504,3.6974128459999758,0.2352795602355719,18.26295658799645,57.921263604972125,2.41190567180605,893.9791851407412,34.29815183625715,1.7803067762975453,1753.5620546288583,2.3643518532394734,65.04020115211398,3.421060877249407,6208.317652710008,0.3119347725168773,Low
3594.0895813403595,130.70864562722087,32783.30888167196,15112.70401457666,31.2559626875128,0.13473240574432047,11.834237586833767,86.03083079900614,1.7999928471840203,805.2155528362753,27.850422042902473,1.8242491786161745,1975.6631343760844,2.759576431035312,98.66057313503802,12.854840762869213,890.6543257879778,0.7937231717380965,High
3587.631233885524,70.65025718310486,14489.122459141148,11141.071391854004,23.870567025240714,0.8909930313215669,18.673990914492414,34.93031708527217,1.274982449931647,782.0151754341335,9.30834172413664,1.2196804913083739,1306.1757828640632,2.849377141230244,88.09816030999275,13.507459641179203,296.1916637775209,0.7732326308914831,High
6246.051510580318,96.89144007266594,8654.121865644476,4479.255576658712,61.74820385491382,0.38343990471303924,5.393664307628274,54.74887799990359,3.9300385533897617,873.2197801399273,41.05634552594111,1.5346910349451235,4390.149176854002,1.3734254268032233,63.807981867981994,38.51149348536147,312.9564725137469,0.9658168179578301,High
6730.224396327117,135.58220570720556,32161.07601450883,6192.2678832072415,85.39114479227263,0.21608101713444874,19.712853200227304,51.11037526443229,4.955494026807127,980.0505630107305,19.075346496326276,1.4824631904261123,4095.5240893920304,3.602701203471307,106.49556069856902,23.999424193169325,555.3472562808895,0.8617226986676022,High
5916.843825485798,94.54496567397396,30365.80369083245,15097.86981734573,24.1242468640774,0.5216151133783778,14.74032081032479,38.62105349440158,4.000062111888607,710.494562054846,15.396299411959864,1.327024979998323,2175.5703511643424,4.563395256278555,30.03428235694915,31.70791459121642,230.0546838506813,0.8789009044320865,High
7810.862742372709,111.4685044104468,9788.444504172809,9910.724095399653,73.03193452365136,0.6384754681264169,21.263642945689224,89.68823113285536,1.8317163545219355,930.7693610624312,41.57813440098815,1.6562811401951587,3803.887683497415,1.2366761816228855,-95.68344579021803,2.769712858432576,3134.2572625595944,0.7189675466225506,High
4874.352897618521,112.89924247759784,35551.818132957604,4712.613087664908,4.982383524456857,0.1278735430802591,24.092753040129367,20.75840284294087,1.6016403263546002,916.8181834133882,32.28772726339157,1.3739591798502389,3437.4178712284684,0.8884322306877402,164.95064549228726,5.154931050726505,15962.727981170301,0.09201798262380805,Low
4428.560431409303,76.60286278202754,23303.427594949164,19361.788212220803,48.43089090358318,0.347406092431379,23.515770989891365,19.203320754466134,1.479496442296722,989.1860276164862,45.0146951000664,1.0726645884375237,2587.0654632468727,3.82198507493154,-192.71438762720882,32.7669414736411,345.41708569403653,0.9119944874594397,High
7342.995640947302,92.60118974870596,33720.2689885545,14444.937886429314,6.3495057338905125,0.12951988684920643,23.185300869106815,59.80640585566138,1.1151278352006633,979.2133666997631,31.86430147988877,0.481543161550432,2601.8024480678678,1.7294082425284194,-53.37531205140391,25.318432427287792,10185.354363722128,0.23476650319362047,Low
4117.979192597263,90.1060159867739,42030.98690873738,19164.129234526026,84.06296920175754,0.47830185027594907,15.243399118677743,67.4619518485695,2.9809874736153557,928.6697686132579,37.300065238673646,1.490337406796052,2002.9378167982588,3.307381437277982,91.54811723886536,8.448299191067914,665.5001168556729,0.8363751555378849,High
7816.112697203057,62.35770376788583,9316.693000269235,8828.548384526694,68.97161525016512,0.9055900261596199,12.20284228277876,23.488829160833692,3.2243016737900487,856.1226294047796,41.98584891672103,0.9521413569981662,3293.2971938158794,3.630912520964813,-29.137583540130265,16.78702082860779,132.5102933265397,0.7572874427349369,High
3060.772373449082,62.177258750221974,1938.0985318449973,9764.45664348855,59.215492008413314,0.9843871703442123,14.300706494613456,42.11815701418929,3.674761972984118,761.280265970056,3.6822421595869086,0.5966354511749435,1710.1538474521542,1.948598436118198,-190.0662370079943,22.00822749928329,142.60459131445833,0.7340657883725311,High
7849.394133538195,134.85273393081962,39176.026733393555,18010.126715607872,74.15067434621979,0.6733427981532648,18.797920066267217,94.92356508298066,3.560960169201506,863.5707154976724,39.02639898459964,1.605873088726133,5664.75518877243,4.16815068841603,-173.60763875351472,33.90078333636023,178.21531666948323,0.9304186238862462,High
3215.7995597528807,84.57637289755311,30875.17383247818,10738.462134785,58.27678160131468,0.24547392440613264,22.679955537423734,28.42865515561403,1.815499900775221,929.6055981758961,31.07161761062926,1.3964600647025263,1666.213697945216,2.9749504195139758,59.454947655315436,3.356067676085273,8796.050055513975,0.22485935783335764,Low
7455.7155684903555,106.6270889614934,35282.33891148397,14291.93878216051,87.2049957456862,0.9152644509993751,9.139726060002392,68.49426670115244,1.9863995242858095,968.700763791368,4.405882029244468,1.875305730618153,3852.1521316962703,4.410497335783113,185.94583976211987,24.272169285327134,131.10964800279555,0.8973188087390682,High
5638.505545431499,86.88530162298957,42069.593774443485,5417.3711111628345,64.25621530782944,0.5646230408800544,23.36386316923406,75.31419240127113,3.5668154094905202,936.9136027631647,25.92031817156704,0.3392288636375667,4243.964705295654,3.9348209865152635,20.745454333799586,28.964400941880672,2877.31134684311,0.8187991670778786,High
7964.823980596501,144.66113206038065,40337.735806400524,9211.16613970149,83.21927486240222,0.2383743808926263,21.303604639397783,47.572226449190154,2.0725143835263276,758.5800805573163,5.040445821213741,1.3018866764266215,4684.054889582855,4.408590344168542,2.7031272095076133,39.137782458507914,503.4098024739201,0.8755621796555474,High
3368.9828236769945,83.33670829791964,48085.08719951241,2907.2723833019245,46.541870280957426,0.9295540025064952,24.57712030356469,94.06496874216039,1.4568043532869086,879.9058942684178,37.06141288443789,0.4960365414954702,1964.4388712835303,0.5907262195305234,-72.66991477749309,32.479243053395194,1092.9407719580363,0.8039261206761383,High
5769.271422006605,98.66911314650416,27260.818863753793,4516.610699600753,10.535797168367639,0.7817221456507927,22.605035465633744,74.9823898457851,2.184512691635328,799.6520378594071,27.77858398099627,1.808130140750267,2486.296053770743,1.5957781733236762,-97.32373045357474,11.772865229045664,202.34754908852148,0.8361716330163534,High
7846.512678095495,138.54572254361415,24936.286000335363,518.3965977188062,47.53599492807154,0.7585347454508364,10.598746593838133,48.502835086785296,1.7243787091008995,702.7617002171929,47.72510333320257,0.20800383437066522,4738.205926264171,0.9050357320067238,-191.60600729748612,28.673588561252338,733.181480066745,0.8254878234394241,High
5615.4892208507445,135.7740210112628,20692.472794645775,1265.6685071488746,11.418554525678397,0.7382626334149642,7.119118226880953,59.08684416872893,0.8974072454836002,760.0662807365998,9.973633207016722,1.3157619948253056,3301.656277233975,2.4893735773520715,-90.81805294381154,30.76783751215211,162.54378126239274,0.8957967569440864,High
6146.993190676312,76.74912760616496,8530.861099366022,19557.03455195012,53.324413125876454,0.2803058389867981,7.244821439831773,70.79827712538456,4.23562506024494,733.9661949800347,30.69563917349854,1.5842605858407794,3063.819600153554,4.504820547268932,-20.355823653899023,29.45968449681741,428.1038184354475,0.9930283569828748,High
6478.743444923086,132.23789788161395,29057.7544112191,5225.897055166865,43.424375447489666,0.28990602253677344,10.824466371565522,61.25806714077573,4.339001251206664,952.8157370618405,11.367524593954077,0.7162865023257673,5152.854235218768,2.6039311802009113,-120.82008678041993,32.98561865012293,413.92724080017507,0.7691725034858172,High
5272.705323838866,101.23681980641034,14573.61369197296,13434.558835328038,56.03178580495035,0.7194636985845295,17.283674479690784,88.4762704634772,1.4888763507509575,777.5518756443436,31.089184251642518,1.9087347779737804,3906.7871901152457,4.323708700611773,-165.0608046074283,36.245469072331865,166.7909030519366,0.9785967683796013,High
6137.790400420317,103.46719848768197,46144.0680984358,16862.444126592425,0.9042282949348435,0.2977504750993572,21.086406521943452,38.90442291663811,0.7914748978634079,785.4093906662666,36.40983541568197,1.7029540623262143,4141.738887886174,1.9723020710869306,87.09114690184106,4.83876489058427,5177.30647741663,0.774998043153412,High
5921.5715596155005,72.01319751743495,29576.349409577782,11237.878955113003,17.53564424898277,0.49480452712274403,22.985006139631295,33.48914530530146,3.824723468080308,987.9809715396652,36.39291213714739,0.5962904163729578,3367.43664490029,2.028065327623636,157.84810762722685,5.085790449563635,4838.855816675066,0.6419277911534232,Medium
7505.790052454945,67.25413623814121,30049.1688448974,3486.3177516371456,44.21973887209178,0.8038016430345473,17.475067687384655,25.31469450205011,1.4518788163853618,813.7260169146557,40.938625543447884,0.025006774504837365,3985.798948086493,4.530027786470949,174.70882787483424,32.0595995620552,2489.175381250771,0.722120782337271,High
3227.2319017072896,125.51453762763887,18391.30838297349,14698.270528055244,85.54532054302214,0.8055572662880568,5.112626254961075,8.589381966136537,2.270459702465871,702.8756920433184,42.82396116995752,0.6003477804749411,1266.5229567156318,2.416177159302657,47.19949139879574,10.842526584337364,148.9652008887591,0.7984697279397228,High
4404.815947961151,104.68150371197697,3547.4782469076667,12204.90249694187,34.52481363196426,0.5079355952732737,8.72633553037067,9.086326616105257,0.7886086350682247,785.1538445038409,4.786314587091676,0.5698078362367777,1994.8034351028316,4.053944695075998,-178.89016696028727,3.28311545605304,1619.6361932586829,0.6736460796069484,Medium
7752.057420382794,99.31656323536616,2555.4445032764424,14759.386492273814,38.19348234482712,0.8129709444477206,6.994524077067359,87.65524334538186,1.5182131314129583,735.7898741805437,17.8200906965478,1.781029568926809,5325.511506792297,1.5648959654685561,96.34505198470936,16.647938058243625,147.60675128619778,0.8069892715371532,High
7451.318919454581,125.65574057871571,21743.422063506678,15510.0591457132,64.322648010596,0.8547596165782511,12.2664895113802,69.4473489085612,4.068060252483361,730.8425685207562,34.66900349763048,1.9345711447269476,3925.909758415175,4.76960373354936,-155.96187789524544,32.975199561217046,140.39034796751457,0.957531862758099,High
5278.283763928564,128.89616090919986,5143.703526764655,19520.50216985253,54.34134815575062,0.6892981761558342,15.027019872674918,67.75057946646618,4.1197840111184085,723.2461870407249,25.430728082169395,0.1501755720808181,3911.919561537521,3.08560210938757,67.89924707512955,5.936035928745235,2460.8634295276456,0.6290285475048207,Medium
6100.662989007684,74.30173509024182,30735.500821466816,11684.483960520845,26.903353508849992,0.30558326707757816,5.867943571571217,63.39106779881418,1.4318817119946967,877.9778410526131,10.343121390984782,0.9478767087813003,2281.3768942849233,3.9169560586028087,111.7463342991503,27.201836900374232,392.6916586356664,0.9699586124923676,High
4386.905914905663,114.92026345298771,44167.67727634322,7162.001697466735,36.9734756010685,0.3466106023469928,11.969559515913106,85.67581874593996,2.0116123029801027,756.8043170889575,28.0827689381682,1.1011806770742936,2431.107215635368,0.9028206490769848,90.34588433058912,1.14101860909114,3708.9777862045376,0.6636714209628369,Medium
3940.6057986188066,72.18186740499169,44262.82600941739,13145.058859554623,19.59298189715092,0.38335703986786185,8.583593492506452,50.62535793823461,1.104072885921846,808.3728382123031,20.964346985541045,0.19489420604610957,2456.900102566518,2.7169890162373793,180.75352230445225,5.279760441285547,2364.771631936355,0.6456454168893243,Medium
5318.492024699911,127.62375774261412,33293.225096479386,1834.5938302312095,86.94193132171877,0.20512369696055682,17.94140332517748,87.68902871303852,0.8337768362821507,958.605314839005,20.11187560506095,0.7612204411836699,2969.9748038360553,4.554673239803105,95.25851378695592,14.683163484970986,3957.190264843918,0.6986479395299191,Medium
4766.761140130264,119.12596406404256,11350.35974217362,17999.247707270933,11.757094340162377,0.3458436583329506,14.285447386486801,39.14727748731272,4.964772715017842,827.3014419388827,40.67793215434753,0.6409940106119717,3549.394437822151,4.44667383069487,77.2839111927234,4.260488959952147,4009.152414096418,0.7204923482613873,High
5918.280559254361,146.09531589751123,43286.84473658473,2827.9297210948375,33.46531061097775,0.2885673018812789,14.906352938678175,93.0372129122136,3.4501727806017763,974.7074050154913,20.97231835777688,1.0767521451109037,4703.740734276979,0.710662807554024,-95.30273112675904,33.99016503004741,415.8475309491922,0.9275691476777382,High
3388.673184824924,66.20622147207791,44418.5783303472,6892.935338773455,2.3255074998010072,0.5097958748277419,13.553835760669221,71.3724131077178,2.9394342913924345,849.3814160186819,2.2962707685407837,1.3257698904665567,1212.8648557448555,1.8666431110802602,169.90747457436066,34.69874962267328,235.38833075208296,0.7604932411939896,High
7871.974038330833,65.13492490361288,10636.025662694976,16407.034922209357,19.960154274019175,0.9175937930850384,24.12039420973134,29.43182792232059,3.944743251823848,819.6509844519267,3.8451036056634726,1.4099353698881676,2873.093027022898,2.4949400291558606,-128.18245168233324,30.467257420881445,130.7768218402486,0.9254794818298907,High
7931.0537223980145,85.39683672238802,37133.87820276318,12147.59137744888,70.24240245421394,0.1940322850785623,9.294702502431264,58.58806756041939,4.280347218594759,925.1166781272104,42.95595804288939,0.2821424969906412,2896.119889704014,1.275191664601047,161.95864458925058,10.45670562442908,3923.7314334714656,0.6311178922245401,Medium
6490.808570098726,83.55351153623154,15039.457897429025,8175.892645410121,18.10577090599915,0.748241131552656,15.333285196877487,55.63790334138428,4.130216456201274,721.9525296304006,48.06943969061354,1.6277659268697966,4157.9376374943895,3.7849923994548664,-74.93498266163586,21.406635934359212,160.37610729978326,0.8042525812694269,High
5680.481831720602,82.22809191647998,40329.37530529355,9731.995357812917,7.205706227606904,0.718554703971815,19.72034736730672,18.100388064381725,0.5744275218044448,726.8435148947252,34.73205748632967,1.3602986392836103,2762.63444430652,1.330303980194202,-147.9345624489325,8.183352495411484,1434.3031736702217,0.8209569491423425,High
4547.638081431639,141.5629122468933,49864.65709527653,17163.674167442518,42.70078618600709,0.18617877879702188,16.13688826269125,61.16807604630834,1.340635541857243,895.5921141768882,18.85404641090393,1.779259084325972,3031.7162640519805,2.0598786246644876,130.67321090846826,11.969859552851322,644.5417720288513,0.950084606874767,High
7068.975098534744,82.45915798645555,2471.2742611402477,7130.085528167897,0.8972311261066646,0.93031516441522,23.580417714336022,34.904634253111006,3.4470738595302395,846.0822139717745,46.99141547394164,0.9041787582765138,3553.826402062552,3.484762865860182,-199.00181855966835,21.124206394777854,577.9149920075008,0.8238787051429297,High
6423.655862769396,84.47547535157679,44970.92742375567,17458.168853837342,7.628953898369986,0.6116249819411377,12.559367112825683,9.97313284691223,2.190917065117833,937.124575095763,33.47735123241105,1.7888406278171611,3942.861556329913,2.66940205036016,132.8353270723323,29.665538529971112,196.19865692724224,0.9822331775444149,High
3813.0846967244565,128.34584361761674,31508.896146334246,2218.6214040454843,72.68632826066776,0.42735296902211584,14.273516115463561,95.12233498212366,4.921171929774982,974.8812512030595,42.37234391076755,1.7328905034885902,2611.6922990698363,3.823569673857022,-95.07526318160964,4.691520835351927,1725.119418832093,0.8869289097581526,High
7554.635922469212,100.47658582054859,48695.748339076235,15647.569525568299,69.43260103736458,0.780884725145776,6.770446304294568,65.94158506110733,3.4943215668721432,816.5100633014642,38.526762897813455,0.8824345713949465,4337.176582692181,4.825435555502868,153.88850910224852,12.57117120749536,153.67184955192758,0.7095862056409689,High
7112.686214615845,129.9039501259663,23785.466358794954,17027.17884456736,82.36249383644065,0.33162891256147065,17.17998222103857,88.30729852773047,4.80447008928143,878.9230079753938,19.577826472857026,0.7684751974330275,4052.465739649509,1.0244600947183886,76.59167289663162,37.13823259430497,361.85023517138853,0.7696601104564817,High
7748.99956645962,65.88295418079467,42522.008597997316,4045.4442303281057,76.90638923196745,0.7241588533416884,10.764239368962121,69.22532047625904,1.4065091674060721,850.2089883385929,24.456407841688492,1.866295909790811,2666.5637441305053,3.693054723791274,66.47333314023604,17.73580939349364,165.7094979178263,0.9081519411120244,High
6628.5975419418,103.88140743060458,4057.3093613155843,8891.757381257908,61.48580069158363,0.1357400868150225,8.206180790311377,38.91345075331073,4.3878066265176034,994.4831966927298,10.120475564036875,1.433177821731491,3350.032688244564,1.5365487003445153,-53.87217473406264,37.615917282463265,884.0424580214684,0.9190167917633898,High
6067.07597967895,63.025224016495436,17428.67345383649,3727.245605941285,4.709957157059655,0.8554672338483448,15.89062585809016,53.70536687123708,1.946085376168514,949.3253222069785,15.30869092159597,1.8572082394117706,3475.758522197973,2.3651452733340617,-176.2388104436916,39.66462112053329,140.27422121146176,0.9153352569252663,High
5091.215181453094,65.63878831098191,4283.810349809289,14278.780515387247,70.45637561879917,0.5033537623191866,15.646205267598212,69.19594223298182,4.953041637070131,973.5213124832061,39.128157403039566,1.5959798100026679,2703.3864510224594,0.6478822660781292,132.0292392822309,21.539733218345223,238.40091995558706,0.8633881502852033,High
7663.642416770066,141.57937080099697,48791.81354047445,10939.281477202307,76.09597297565044,0.6730236229221476,6.5174328244809505,96.22397089413657,1.2095990243291628,776.3020262732813,44.8049412022723,1.2225019041899146,5750.728297484519,1.1115832203171452,-131.6384819293888,12.233716381609172,178.2998336358263,0.8197961410165683,High
7330.319447502042,72.53208340058356,41031.721456319996,12888.80526081226,71.9173931194759,0.2991140378260153,18.964309069889456,29.098598616561166,2.8235291847724695,931.7579269487783,36.49856073931918,0.24054702623749138,5521.675395441518,1.9389978007200486,-51.0965432420991,31.840295534330583,4535.4824855766465,0.7753483792725957,High
3226.093350530947,107.91786140476954,42774.82364105256,4331.495855646117,45.763113177722346,0.7093663413926031,17.47544381301706,88.12282056929118,4.067800402267048,779.6419674992947,23.79351113617528,0.590046538432406,2293.619103260893,2.0389361237959323,40.14187420363271,7.2131186854755835,2236.255203549402,0.6526170322724059,Medium
3131.83487248626,96.99860423406359,46960.296340260815,4629.044310022181,20.96116547845335,0.7950162483039489,8.780345654929944,92.7873915029556,2.4468911627181615,762.622760028517,5.238954178047629,1.937996390125799,1527.236261761135,4.548133474079431,-7.0985045757513205,10.82982752721075,150.9403112904956,0.8367734236338081,High
4882.316834390248,91.26089936329583,5170.070819869482,1309.1978474431742,76.0796978119854,0.5258918681959589,14.388697243080877,68.68947389260087,2.6063782708444103,983.2798478966653,3.7904494862239626,0.6456499764412669,3215.735912106021,3.838158091699318,-120.53574593147277,31.610316470472007,228.1837907318342,0.8216427567314195,High
7052.766653909164,140.9850011118545,19894.282033153337,6780.31693631673,65.44465287661247,0.6559542316556148,19.4064583295712,93.4703296031271,4.938601079775835,705.79132501536,19.341952666029837,0.19557719087288788,3509.7686346261567,4.874823356841685,-143.75345724708643,17.912191064549166,2909.3326731620486,0.6121317013820988,Medium
7936.380646574722,61.964105709794055,4480.709563156104,11415.020896006661,88.26850569499665,0.5106933314401587,15.58871481082553,42.79846581035001,2.41388667635519,989.6166110990289,23.727264219615492,1.4180311782794464,3303.889862686605,3.1958217965085822,-150.70149109988375,8.859979542519003,710.7954761230263,0.778964267882005,High
3752.084455517641,119.74107175580302,11328.861975951402,17229.730822947913,14.012333798033962,0.9046822323320609,12.909781523671404,95.53653672384206,3.218324452695786,744.7785690966418,30.84691048845155,1.4706684665419316,1768.9251759668768,1.587711794410931,145.20315259968038,26.393904053140652,132.64325938033272,0.8118193433126519,High
5970.653576760676,146.70549907921952,12238.923074845945,13505.085225444274,20.309812474684954,0.5480822624628873,11.446769161618873,71.76437333076761,0.7454284730381782,945.8314245379804,1.3179865479628634,0.57806086337143,2003.0486938030988,1.974447634647393,-187.37618037546656,29.577712593885632,218.9452354483478,0.838645946907626,High
4904.454283155108,110.41513651156578,23986.253341331354,8990.228306295154,19.061833489335243,0.857627838125937,17.207877332881072,8.990547904787132,4.28994536094617,782.776765920431,49.496421632849014,0.6023672388991445,2284.9300974927196,1.939261654813852,190.80570383995774,5.8777783385721944,1912.3394484133598,0.6109979085376235,Medium
7849.571989073016,144.31402158297828,14159.546205228487,19085.84223068569,71.32857908592031,0.8212168524432237,23.782173966204812,91.15291902281001,3.4167562204079456,805.2106982292182,18.8330052867981,0.9430970411624799,4163.186198120248,1.9692244744846321,-120.58852384583436,11.80223013902243,1848.699369283652,0.8039554502644651,High
7210.594615678543,64.70320913574214,5947.927234070294,14525.281411228721,16.821656680510635,0.46945433921352087,18.43489680954967,51.0249168581533,2.318090462882661,765.0273133965954,42.55663852625495,0.053360010026888526,5607.971082348748,3.5283387790031706,-155.87108124836874,9.629793459517096,4580.905814358737,0.6325975194826454,Medium
7191.643523555689,97.69139871667453,9207.063365611277,18638.221455819727,5.999384684097548,0.30707604267172756,6.4949180727263105,48.73106355389412,0.5727629297953389,875.6542127443239,27.213368577604815,1.5807527906187155,3284.4616633667856,2.888635676406873,30.788661910718048,15.814330521735632,390.7826835201311,0.8099981463319491,High
5343.465798974852,83.4142011865846,8216.502614052455,10787.965478807231,89.87047259270658,0.4654739193037939,14.213699469642675,58.81432756806526,3.1625096926707674,804.4286642523622,7.391533272133978,0.64100668667551,4014.154550646711,2.2344088013898995,-168.00561682372134,30.774350927466514,257.80176938695763,0.8326951531699822,High
5074.0975116883255,125.77388684826568,48680.76309770261,5548.6333584662225,2.233549030063423,0.8435956381976981,22.81648263021255,19.191531943266654,0.5569602281787298,897.2179118483989,40.080712074191574,1.7089885729839354,2102.853857449141,1.1709039592792247,40.98130526543798,28.834615988698644,142.24824615780884,0.8717702149807172,High
4367.0353596535315,148.3167381447522,38205.332839005205,1530.1203841120787,75.17196541429792,0.30486928223745313,6.889248516021738,49.57077461390287,0.5054162625905806,704.6941953826198,35.78152667107393,1.6072345389840672,1727.0945724504106,0.5996262332396566,140.25065792544524,26.838432504964455,393.61131800263087,0.9088529041297321,High
3281.8774832546355,83.0877056199823,48420.31179820854,14658.654603935085,32.88301573955875,0.5719927112719744,24.77751424275087,83.95708558818585,3.272443529672096,719.3124650545119,26.844368161532174,1.3261900459063785,1836.2029961644828,1.4847560491446168,-180.84079141303008,1.2451362888750568,4851.7178142121675,0.23949220619935488,Low
7323.611881275266,118.8757141326667,22547.283838887517,2865.4084611079156,75.74539137820338,0.8254870731646727,23.981387872908428,6.470833618063957,1.350576803005494,729.8983458193746,26.21310147535522,0.6565009855275845,4659.689691622169,0.9836213178590657,119.94744181141766,6.543589221835188,2861.6581516293186,0.6705237694681653,Medium
7064.505045650388,77.8287869483766,14640.055601470172,6404.11500130336,49.91584420900305,0.4181297276155409,6.565489614597517,30.927130230815273,1.3634939737314289,825.6981055930693,5.2865006817954745,1.0374699577057283,2275.944218433994,4.034502638835077,-42.20902360715252,9.708604414980604,286.9922707584589,0.7725577263119326,High
7998.588366430653,110.8797229114449,40116.36666325015,10883.182703736,81.1468106537724,0.6779886733024276,23.668266408991098,5.233185712165201,3.4397220462473466,944.4388517979928,33.13659848011983,0.8952102226199384,3283.683938119994,1.0062408101624842,-136.203746467516,11.606277995515134,2350.164518736285,0.6905472477863325,Medium
7983.184185369527,101.75392380195026,16986.441984016194,11506.12346170508,83.3573687773164,0.3210684166439331,12.262651805189243,44.49257436923559,0.7416373457271843,966.4533731135148,45.65101263196069,0.6843749536348617,4213.858575583114,3.759027067880763,-129.5614078930164,6.7106351243071005,2866.701602096444,0.6387370133207533,Medium
5777.158528013137,147.48047966683833,15669.785311562066,12211.372341249153,0.8188363152698397,0.19835150083134395,21.89418334151725,74.1899734969048,1.9103250266355034,773.4432220182703,5.569001041846559,1.6977912157133246,2689.279819621222,2.235464103992372,167.50581747769047,17.002306507481695,604.9865995318818,0.867201929479258,High
6844.937075902552,114.76745454268199,12392.793618183729,3741.9789418191626,6.787095839350944,0.8149458025835707,13.36766675426543,80.88332376588971,1.1724435596390859,872.3109172717042,13.91206108179634,0.972179078409554,4492.4043463212765,0.8302027538469918,-155.75769922373422,3.9320428155470104,1405.4947403844628,0.7155331292930514,High
7723.82864941214,91.4555734878137,7354.269932987532,7904.87939402215,22.532285661376992,0.18907176106783613,13.817102254050317,94.79302730706563,3.1107936640844023,930.5094978077801,45.21309069866284,1.6671189646163216,4291.207022900896,4.157285222442136,146.71311484626284,30.250865425123447,634.6796545516165,0.926400860827719,High
7248.236953387057,70.268620639914,13566.689989821532,12535.28742878085,60.238387472715154,0.34424325557162616,17.684861819550854,62.80793823222472,3.4779431962732814,786.6488289758826,14.93285158116987,0.21938476354223033,2755.6314835412604,3.10833756606476,17.697848393445838,31.721110704548092,3738.891010843919,0.7456411401733478,High
4236.740508715988,73.6122145861441,18410.6676752205,19411.467860358804,79.94449768603555,0.8695984797976961,20.48954838551967,29.18955233202507,3.7451113411956958,822.702321020882,33.04323993681639,0.2906393293146681,3165.831005708924,1.5609268078860787,-184.37752847342438,23.396400894435025,1889.0972474149776,0.7489100212873849,High
5252.720676550467,80.27852369561116,34025.71619914079,14688.807185143929,41.39477561645665,0.4118223583708005,5.675783018964973,92.7940551679864,1.6485404761335445,857.1922608057141,27.206090082214065,1.9548674071748238,2345.092051910352,4.5260652844970055,-14.20954171306468,4.498490204636745,291.3877732980036,0.8483838229390196,High
3645.797075757475,82.58699952062682,4065.6772687531275,18490.773263332176,54.62758046468389,0.975740814562745,16.863119910542686,78.65499661863574,0.901623882364628,740.4624539224143,30.22005264518924,1.1796592405861184,2426.5169522561496,0.7036624124174815,126.97980579052029,35.713243612323566,122.98347902334612,0.9014039564691626,High
7770.255136293612,136.5554452057024,11314.840043601806,15363.135137126452,16.964986751600502,0.9817609012964738,8.734659881947419,59.57070588529873,0.8540764562385402,707.794688117734,21.373656177285405,1.0244416502631075,5361.1488351232065,1.408188236889933,90.48111505564015,38.659797319616466,122.22935323817933,0.7953779566406278,High
6030.8731722544,110.51005094542725,40642.15837429214,12038.48089340181,72.44701504935168,0.34144841840820106,11.91899035726406,71.08582049329891,2.417681968028257,745.841742795485,15.699582057131845,1.0510805656567823,4713.602919238705,3.8842111751263744,-4.487032926112846,8.892178852549787,904.1227337345765,0.6621747210953344,Medium
4143.214027517313,107.10518202369298,8199.174255604768,4244.455698158719,87.05953002181228,0.13688040002490143,11.95937332310433,92.81005372570577,4.7562998407822175,888.05608637606,3.3781390857537796,0.43838486032539103,2275.675772317581,3.6922006863945014,144.01995187848684,28.48095295818807,876.6777418693215,0.8826407093610917,High
6358.503422029284,70.32919846822958,17789.612179603555,13500.370211904004,24.173903962313773,0.7345569557848411,14.381206804423073,72.67743270492755,1.4797806541116107,722.0854784601045,37.469766025414046,1.4402208595089263,3865.4471428526654,1.8017226217601512,-151.85409528790814,33.835606595056944,163.36377874440706,0.9132037122791206,High
6090.641202289479,137.41257240144915,43368.28717104886,12655.901536218187,44.53433564404917,0.5058878523835094,11.682728237523467,39.99557822054973,1.655337206036972,756.9089094550385,37.558579647517114,0.1787134412222112,2846.9980360550594,0.7791119390875241,163.97642135694753,22.053897379165388,1836.3122122163843,0.7756364563113713,High
4790.813590164203,125.05328728876353,8591.340246028689,12248.148823916696,7.750449945573642,0.19067755956361865,7.147222369013355,72.73767921746419,0.9539996094763652,801.3561657085911,33.86556126385744,1.1509141890750163,3061.7593647725025,4.361351325012247,138.57648339333952,13.609600881543205,629.3346751166206,0.7658542280338638,High
3567.787960998145,66.09015257100015,5054.104945291305,10050.824425770694,50.322299081667154,0.7367705370802385,7.912574770509028,8.826425459861849,3.225066232522686,723.3610192919099,32.53805561786141,1.1458299052059437,1896.963399399048,1.9116393713145616,83.31073026289442,19.663789888133753,162.87296242266987,0.8100011852415666,High
6357.865977963998,123.70515875067917,24742.36175892053,10808.803777790874,45.25050976620125,0.1280574182007291,5.668759711221954,41.70947837390522,3.559427932762287,757.5097813484904,12.942139476208785,1.8292349640256869,3298.6273333176473,1.3807103671771934,127.1550968514997,20.978481280593627,937.0796451003006,0.8651476700919487,High
5601.538504518967,108.91843956083815,15818.556052648282,7021.62927880303,12.999283573956983,0.8831770214430179,14.404981706575086,43.60068802533003,3.39319043672342,973.3809366950534,2.0949017545482693,1.0571037921086721,4076.4287032104726,2.822278200624397,17.5262027370664,16.62484472333309,135.87310028054475,0.912130969400601,High
6861.5919586781965,67.35528111721004,28607.00985970885,10626.597506524911,39.785959180626755,0.22478727620197336,24.08895389705977,20.849632269979296,4.3750860937015155,705.7897396680954,40.62705444738655,0.2827547649886173,2230.596654166852,4.596022396771013,70.06497163906675,37.26385725171454,7234.7977659224125,0.30418482862181667,Low
5600.817505559967,101.24705773757908,40386.43963369028,4352.340160730326,30.069418687790694,0.2145806908720525,7.313504472962331,7.193120652418167,2.688916257617323,896.0295772523086,25.06578824909552,1.1497789859038434,4150.100554191438,0.6959596002951891,24.239228283111572,30.01144132675758,559.2301875454027,0.8382922099488623,High
7260.907501592701,103.62266584170422,7720.275919484415,16200.900748527347,46.96477877746704,0.25810506817172607,23.92528986006164,17.671217480585568,1.10505668345179,815.3226792745554,16.035068404428298,0.1917420122870114,5271.6723891629335,3.9461183961389947,-57.82858779682027,10.410764047943594,10195.433588684193,0.31418229080709437,Low
5759.534193872428,74.91970861469481,29454.255143159964,4122.650616624802,52.70889018859193,0.9642397226428598,19.667230294641872,67.18904210072023,1.8023230881698569,901.7946218297113,5.9946634322479335,0.41554973224684416,3186.0771341678283,3.0761295257241903,27.54431894447103,23.836730305474873,1214.870099539827,0.8594252965258035,High
5804.689857676931,145.11283323002542,25769.929259103334,2156.8426528445952,0.7646020746488558,0.7238524242284614,17.749976058683263,81.21743755455032,3.480934880396083,876.6075161090214,4.073357954168031,0.0719060825329581,3164.1447253089254,2.414521024483176,-97.01386698722972,27.85887688631553,2610.4912268222843,0.7378366309930592,High
7383.268013291725,136.49778343325957,8059.860514646779,9006.79751396457,68.49053846545998,0.821234381917273,17.905555106471258,98.87933180906255,3.2590488818370194,767.0496263063933,18.094469367963686,1.0314542290944015,3550.640787682368,3.84836199847277,-23.888331663685904,6.466100446383081,1641.8311803850552,0.7726873450177851,High
5017.414331061986,120.21201035961974,31575.925790920137,13336.995070368206,64.17128626755667,0.4578714871594778,21.53455296792564,37.904532795306956,2.889514083843331,954.1628462720166,40.432116173580084,0.17821990443420901,3999.3152142936797,4.846209909987345,-87.68983709590272,14.978603952825804,4944.199793683439,0.709374478776583,High
3670.0761422532037,101.60660049005465,14408.38047517781,9035.478086204057,32.965774758586996,0.40268145475446004,7.138397287596428,61.941026114804664,3.5733398840990924,847.582114782807,46.01746371735769,0.9440948132773448,1305.0228006210011,1.5314279502321095,-150.84488421544438,36.316382982552724,298.00230078430474,0.8528498700689796,High
3143.9133815666946,97.05889874260576,24903.88160865661,5896.705573050518,4.764234201193643,0.3110356061048529,15.095086471310834,94.02877184743659,3.368258826679847,946.7608056740415,44.94081686604017,1.8665606202950467,1870.9668031186673,1.1464131428245383,-71.25525744403754,23.11975090722286,385.80791923721716,0.9358774553349268,High
6775.686278368095,118.58761204358588,5031.343889576032,11384.338085863594,67.94392858065453,0.5325832254811681,18.94182276521517,20.8689692271245,4.465962002592283,821.8037608564657,46.08004090273309,1.4423252119084709,4342.136181680853,4.607967853502137,140.79488727390827,9.462912096352357,1192.6532757295095,0.7613401673350142,High
6101.547756767323,109.0888682466215,23519.61880346753,7266.545540537899,85.96576444303192,0.5966458601807517,16.736408901471272,73.17633070256055,3.1370736986523347,995.4056661745717,45.47854181333779,0.16404923170833316,4680.893909888443,3.5102888485578667,-47.56769174307772,5.78860712664688,3175.1080639160227,0.5957914016455268,Medium
6520.398840496118,65.6045795293697,16016.709934098195,18690.919957469345,21.613643641981277,0.6685973592874799,21.655581420465893,76.7229796491705,4.003706114152504,931.1468075503889,26.834012828419397,0.45617752629559793,4499.738640276757,2.470937097028847,99.20145958754762,21.210848845520232,2150.1135827853036,0.8098951589144296,High
4064.8208075445536,106.12523838932985,41296.67934808236,18491.580222269655,29.11721523633341,0.33140665359882504,6.44543418022703,13.452675907587146,1.6191822018491053,989.785061533772,11.751366289288287,1.350588215587934,2528.007995697233,3.079668066189274,-129.9208583047355,22.35974319813662,362.0929112221827,0.8389480685583666,High
3681.857377933849,132.57632555095557,3791.9576228710457,10296.25048945586,16.543160053363344,0.9537886728126915,18.814020789983317,86.81869159239118,3.551821630650806,854.2979436729577,40.1042825590042,1.7904567034381256,1319.6003586242846,3.855262573293098,-30.232336332943362,14.04216360282988,125.81403346521608,0.8751821300380948,High
3072.72332833941,101.33158898372622,21511.756470998167,6893.7378833560415,51.92425110103557,0.2527826483864223,15.680554607694354,82.24497947553017,4.55987353272204,842.1073396872101,11.47193576777637,0.07550798766026798,1496.0068463770126,3.9786435441757275,-154.05757226592937,25.58622510834562,6526.677519537705,0.19353471440442782,Low
4752.937794032985,64.67609197988416,23463.139782440463,14874.082072154462,13.935725518270946,0.9690878572897711,12.583217279598868,8.173285624856273,2.2357954755492497,926.6361427975773,14.093156561071885,1.6267777521239821,1755.834183335864,4.639523813685341,-144.55157465300414,3.6787027625561604,817.1129689624014,0.8129678455909967,High
5949.588434273166,130.76503794456298,36525.29773865682,1215.9023979197996,32.05745491152415,0.11337051025675342,11.805499644680618,13.653019413604891,4.0059688430239095,964.087378904029,12.429461769304874,1.1280096218732343,4406.303070887487,2.420792550030302,46.97455195602765,6.660448037379484,4543.4568437333055,0.6628583402825415,Medium
4961.220225498661,78.12274039223769,29140.09117942034,9757.995617851198,62.73117125408367,0.5330131226351611,17.41665265548386,9.66705491972597,3.761551855379459,989.2437387596674,26.234137781094486,1.0967217373398213,3347.8838868716102,1.8203490950872776,42.99272697960444,22.30467901943911,225.13517004371778,0.7919310422653593,High
5187.374610118645,83.27587513992349,33693.40452251487,7058.306188271504,50.410438470841356,0.4000310543049065,22.819907492885296,36.80063552093941,0.7678678859232011,797.3655718097499,16.769547900284913,1.9160482336791822,3521.0259300669977,3.3784892005542884,-114.65123705805512,3.410812059933704,4885.00886962403,0.7330048002414211,High
7520.793472468742,74.82357180890664,39075.41499693605,18450.449759499817,34.781630789514175,0.5042110725372257,14.923518522022306,53.38245411459299,3.1167873933083254,939.6113721527917,8.55364643164173,1.4978127790675784,4708.981322363854,2.3707755467578866,-10.23072228448055,35.35544183465292,237.99556680925613,0.884984553434948,High
4741.2773351165015,89.71935583843478,43247.94570925125,734.0590318173096,37.82246416267877,0.6135981210827102,21.4944632815384,55.57303415568974,1.0858520714036106,763.1936792906611,23.205497182800237,1.7017365474316628,2624.4002153326146,3.1756930427704004,145.32246679117918,6.543708447804155,2025.8462542670861,0.8241319844360673,High
5569.947445799055,128.10763551197715,16379.899339401054,11279.890076507807,50.58997943609066,0.4920302422114381,13.043127636879351,30.42834217809705,4.85293627503766,863.6723040236336,43.82145470047318,0.7144511833938868,2088.6496935409587,2.3899360930517757,-130.31939652940684,27.282875089296923,243.88744777284015,0.8672041476656682,High
6918.265063705716,106.74472735535437,27363.112562831244,14942.939830799207,0.5278255098445173,0.4733621652714355,7.047889255863531,91.60170422322605,4.151333762152953,753.9544445227598,28.957089892548638,1.1131844412485357,3215.9378272987014,1.1884810400517851,-192.31578677059406,16.256934226862583,253.50568508404035,0.8598623480264814,High
4982.713911606351,78.43931467356413,42165.29584352079,9957.850756718804,7.065888160824887,0.7594510738719759,6.2301147291727705,39.984965037831756,0.9937571056120404,804.2192085251016,44.038444688491765,1.2346572980812638,1835.9202854285106,2.612420382465313,60.798056265428954,16.59172215414769,158.0088620958734,0.7894641023183707,High
6110.433501139367,139.00470703368367,49483.10541728776,2165.3590881730725,79.31322609867105,0.7172886475778182,6.0266874264735515,9.327264816708489,1.0478839894145529,979.4075101619378,10.597737068877732,0.6499520413213055,4047.896827092403,3.609130198734648,-178.600716764526,30.830691615834606,167.29666697670868,0.833746955334199,High
7311.818543733726,139.16236694563764,44586.4462411444,19462.997105544095,7.009109018216169,0.8499441538322631,12.6030028391534,33.5215755964317,3.175132347106785,743.8272099319258,9.181719809955146,1.1447937686453251,2779.3274309988446,4.096777134504425,191.9760954289784,20.479023232743643,141.18574668575468,0.8391566682527557,High
7747.603118288211,138.35205825414062,19201.895868594464,10601.203411833909,63.61232365894546,0.324963083115546,11.74475501671684,55.45539514169477,2.052001283779325,889.7202685405589,29.203279159222593,0.4809442051646305,5044.129500837741,2.719968245584461,43.84811351955241,29.300563082110788,369.272715071244,0.8256600406371934,High
3735.3674046451897,81.49165902433853,10563.15934371387,12476.631764220721,82.80343476981473,0.6485756587786572,19.35874047245139,43.78107314588204,0.6570763658289918,877.886281878221,23.70311617576738,0.2953175854257967,2413.524330386807,1.243570505946804,-11.841458862411088,20.702457921358,2450.5897637315356,0.6844709634924642,Medium
7632.938125807472,100.61154097628892,24980.234332922846,5113.890762796393,24.3615243871558,0.6266753068535684,19.856430031697315,31.01503931442962,2.937386785248739,736.2215058126959,33.348459440700886,0.7542008159618919,4042.8027722656143,2.366094693422442,-28.0029839902773,24.12330831480527,318.36797118787007,0.8870656365834638,High
5460.58146539769,148.64906905267875,37340.43113996607,9928.212659582674,33.34422933535628,0.43276402978541995,6.017079376674797,17.475708727610154,2.245302948586311,797.7937131306436,39.9367127603123,1.4811863612054097,2007.3879807531628,4.038322679787642,29.228263406772555,30.6678704869169,277.2873708092152,0.9477839977724477,High
4291.221941494792,129.48112286789913,25135.884466911582,8868.415093187275,51.20292652602446,0.5374517877124129,9.4224652577803,82.82062750914183,0.954844215672842,868.8944513545797,37.81405748695665,1.8332124246670363,1962.8066886019703,2.3578667177768278,-163.75022531191405,24.685040973929738,223.27584118896124,0.9543789145209745,High
5295.678781191306,62.44506791030038,24675.862302369755,1960.4689190386828,79.35380726747262,0.38240392897515585,10.485237003177994,99.63379800179823,4.108641765151922,756.1535826965471,47.17079750926949,0.9208509624814827,2436.258777225868,3.6343885712190005,172.00762352779833,25.008989266162757,313.80430719318315,0.8773030454239819,High
7900.1628764273855,65.86841321344428,42073.290633008226,2570.1268941756107,84.77150285343781,0.2276599578552867,15.952239682856188,36.306502684768795,4.617845443754627,940.1870969238446,20.514564048693565,1.289219139668109,5136.6271769583645,2.782461567551404,50.25682742075111,31.779564065676183,527.1019160790614,0.914526531408491,High
5463.090469964348,101.75382391310995,18708.78517429213,16830.714132566103,66.56069233001412,0.29242108959645957,7.890304478139005,41.25399919677737,3.904672703063585,991.646952860425,11.112950370160858,0.21504389064044996,1949.621343681348,1.5855040629922852,-126.40860095563649,38.01438581695556,410.3671187519331,0.760210646996274,High
4643.758051437541,141.8298185275404,43129.93906577064,5176.48906802851,7.795778476922463,0.194962281761081,7.678824388000008,63.71356484431092,4.200900395073248,764.4278199887416,27.994719357446403,1.8098828795191342,3318.1245159614596,4.082677286103834,25.03242150586513,15.691930003478133,615.5036703307337,0.8524993013915487,High
6167.004271583629,108.48316181574428,20933.435246634454,4301.686294223296,60.223873998136575,0.7147626176711117,23.875777784159162,73.25194009987642,1.4742075526975282,756.0735894371728,6.426412889368094,1.1415223850041694,4196.668886116495,0.8789605433180916,-146.69739766679535,23.507569131812097,167.88790716418856,0.7491374144063816,High
4200.728093890965,104.80312572308611,17083.42217823863,10345.773299377715,36.92733496853958,0.6946546537982363,21.08405814595562,42.24280580634117,1.6860782791337046,836.4805215392335,15.153705043249941,1.5628731127740625,1651.5307807977483,2.862006272398178,-192.97891297667516,4.3646531516082785,2463.8416820335738,0.7064255083667592,High
3379.3166405433194,69.49263299609675,23245.505648785253,15490.569061569002,42.363089954195544,0.9555457344218855,8.613098041823406,90.96830411327245,1.4383739313463448,924.3295831420096,11.186514707894078,1.5909379898335736,2228.937073478721,1.4400096540953222,52.2067940855992,14.99335134218581,125.5826860789674,0.8255998727860091,High
3644.3986095532464,119.11020942518647,38359.90097506855,1707.9571122902644,4.423355131065934,0.7567105722825171,13.131356158109819,58.200378976747245,3.942785441145038,784.4801830705754,20.431622123056965,0.5203962474725308,2311.483837370647,0.8017953284361905,59.39333674805113,17.069919809686052,673.6896404147674,0.7353631046192249,High
3640.229194788862,133.9892844540203,7174.09936533572,11747.754432945989,17.195592541172235,0.1468412548805183,12.112439985151312,47.78705725856344,4.7656268552052365,705.9639726091841,6.449612175108554,1.0630571618318805,2453.7343473329565,2.76320271687462,33.478633121366215,33.57425535613799,817.2090336441316,0.9343770494600399,High
3759.5134675614718,94.2378006756806,10624.541577728853,2824.6036353911804,71.1462246780283,0.8958206565360588,20.820081481308144,66.43391155019098,3.725767430302562,862.3661884098682,2.5602454828567947,1.9213547056063451,1482.993764576592,2.748029701707156,-126.60671825599077,21.022303682901395,133.95538395376323,0.8743972870473184,High
3694.1358632470506,129.80506658327948,47620.79645749151,1210.99049109956,40.85629497430738,0.8764076466511532,15.20425832956244,95.51636558367146,4.466600441958002,986.9801703301923,33.18290622687156,0.1883727441934473,1399.3207893635486,3.6810540575407438,41.37194339790682,29.511588558639854,1320.6291995445338,0.7515693883232273,High
6204.3737240160735,146.80289885107305,9599.089741686512,1528.507067163239,27.1496017468034,0.49898828869542877,7.5569947398693404,80.48246797006202,3.3741459269742764,817.3830566220837,30.902199936200436,1.3692692970788312,2594.9296314096837,3.851378118733572,-177.39562363019206,1.741288601001183,1243.9654809587814,0.7467319598543137,High
3909.400421995724,78.33898132149201,28818.638578621674,16766.20011006461,34.56171665684624,0.6272767454751293,19.77984126312488,8.801247400836813,2.244469552514596,826.0403662549302,35.7095878658944,1.9249055152899923,1887.989621942167,3.7750616991180355,43.69534222876891,19.11521411550431,191.3031223708226,0.7960670096358391,High
4728.336416619316,107.09966680752672,29386.408866434955,2800.4634307472006,76.89595619931121,0.978470499225267,12.937759564498378,36.56944152029617,2.4159272671863734,990.6705151342114,33.35893557329585,0.6081484450275041,3294.858441199324,2.3430142981253974,21.606807643047517,36.151388941379786,122.64038629168029,0.8282686064215492,High
7483.942049530059,85.8424162276118,24991.598640461994,1380.4516060396932,67.40991156644613,0.5790739274633496,10.258484952642942,49.70174507036616,0.8389464447533217,908.3822834880185,6.600439375976792,1.7242813635946528,5006.472607385396,3.3426040425195316,62.10193233563979,9.748242462925619,207.22742694644108,0.6968796030597842,Medium
5369.808201314361,131.35689771304556,32592.51718026411,9039.047799286789,24.50838574629745,0.9147896455384807,12.509972440414403,34.879169359865,0.6415573786071174,915.7515768526375,15.26286518740667,1.8679785153624606,4095.6912354626593,3.0962535918978213,158.19024230095755,2.229365226977404,1094.7521499693319,0.768668599576341,High
6337.788692605136,111.98340292930418,12261.509564083302,16957.872702869485,10.575165619113598,0.17473488202916782,14.955131272137926,71.51781827889337,3.6296402188508483,868.8106016113203,7.346803885117266,1.4967015566957018,2087.1274861353554,2.3970279025261383,140.14324209581463,17.90294061482558,686.7546914872377,0.8819443114077041,High
3861.5993560081492,117.11241757952735,28080.45112106066,5616.963341541387,22.679839947966453,0.27194668183781456,11.86231032834019,83.4955692369452,2.4729300140503128,992.3827632589725,42.305647700379595,0.47034334149084694,1180.7926704635588,3.1874571238369693,192.26167662501553,28.472841005256218,441.262968126842,0.8117618668750223,High
3961.445094043354,131.81227436543048,19236.489507097962,8723.39604175537,82.86808059492603,0.4966794490971861,9.838115451835156,74.4777840426008,2.984967806245833,906.6599453276668,37.59827911242064,0.6746614304649218,2573.2335716997272,4.762615445178182,190.49641317463,18.724076766817312,241.6045202154507,0.7313455113578748,High
3204.3430813323944,95.63734253962093,33421.69572183026,1278.4893849931489,52.34299540647798,0.6262811275035742,12.970040576079606,98.98666224868614,3.0094756143008734,968.5098254815508,10.874823142993879,0.08126049589128415,1408.7694018250609,1.3680218465661982,108.92787734950105,18.93915422693937,2190.269195701753,0.5891843732701183,Medium
3844.675315360823,142.35810615663388,7919.953625284324,9257.03102563008,48.01321878703046,0.8346050666765202,5.383458214997965,30.892026549837766,1.7481911599998563,909.8136597199664,17.724152784004776,1.6645919361482568,1795.6150361291845,4.575974431034869,182.5678488710912,27.122396608294462,143.78057933179323,0.8483216982997779,High
4392.951695159793,107.97259805215259,28972.993425134337,11763.455072424107,53.67542397232154,0.9894359036288681,20.44995692192628,88.12400202732005,2.641516298732708,920.5347474521188,48.364134620946494,1.700726261157049,2518.9229518769207,0.7405498129243926,146.9135543556448,10.92116352303891,227.52931956759855,0.8245612735734235,High
3885.0524213837343,74.21593405518132,10078.247413782861,11632.687548166823,32.94254391718637,0.4499663468267048,8.418897871351716,77.82915319157618,2.61842099750466,787.123276642674,30.113808536102923,1.2690935168327235,1364.4559024077398,1.887751458057473,91.03297995798914,30.32370187403712,266.6866107793957,1.0,High
3443.512668785278,122.63092063519221,14653.510092636783,6982.320497400121,72.63963182875615,0.14267407252607645,5.878092272612745,39.40698196802388,2.2479224955253567,791.0436094041457,40.256624267756706,0.7115304240150642,2139.616983405969,1.7966536187518771,-169.84629814249791,6.971427705323604,841.0778347836651,0.7983002461494406,High
3603.179355503004,131.3935215394429,11716.780215855579,6652.897022931143,47.09576243702248,0.8210543529657923,18.073973858101585,74.74183164741203,4.193039225304817,934.8953948728088,13.964960703667728,0.16285394500344189,1666.736089528203,3.3186429854640758,-180.3800446920449,16.43427360615352,2250.4119264389387,0.6514744702576727,Medium
5303.893840163629,88.5085509360774,9959.051213572038,2579.160569263659,10.507311249191599,0.6439426471745273,20.478722576473444,14.88721585973346,2.530238016594182,789.0118867509699,11.292593088785955,1.5085846437306698,3269.0950772282854,1.0905122829978064,135.03982700230807,26.5843162303658,186.35199971073897,0.8917872537706646,High
4031.668592028963,137.14613312988777,41459.83662647268,7652.567252602234,11.615861234615666,0.2786885729813815,21.276582631856865,79.98668082235247,3.2164003602769453,868.8310212404594,39.41192951348087,1.4557871252837464,2890.7203160951885,4.470564253278892,-4.137656851320685,33.30639128197771,430.58816052718777,0.8631324032065356,High
4821.349305240377,141.552892928919,14999.670815383626,2440.1460430228108,48.31732318523565,0.5453456109592781,14.870183653211999,55.57140724577475,4.5298405417137175,774.8056932720106,34.60775030634057,1.826079018260413,1858.8985456246987,4.228481338092686,125.84267374996836,31.869711775437157,220.04394568962726,0.9018670053056745,High
5517.0863542742845,84.9214038640028,46429.06531135802,15448.620921885007,84.29131962637553,0.768079220980352,9.107363693799705,32.76756640737905,4.398051302865151,945.0950142427208,34.36791853137642,1.4637587218006707,4222.979525522184,3.43429618858375,-74.83269173791226,29.145738373000214,156.2338841126776,0.9102137801503029,High
6451.9741431468265,148.51693254436998,48526.39974191435,19342.348806089623,27.75169095085789,0.7933706083617794,19.744553544996535,67.29884366949712,4.506899917006243,733.150405368307,28.0790945096305,1.6591029350655637,3647.585325048819,2.56286224306489,-40.94005667079489,15.004758957919252,151.25339751088893,0.8146894600143284,High
3196.5606992054945,72.66403752438826,28991.763026917768,19416.451905000784,78.25870519732965,0.5496565707988859,18.994261543086743,65.95389987786885,1.7150224840925627,948.8339919284994,28.615338796050892,1.494449689628959,2434.0655209419806,4.698302189639353,80.07468840477276,5.7698683354552305,2264.2830052717873,0.8215978562449413,High
6997.051994545213,78.1814101562241,8007.055010620594,17368.88643782018,68.76860279209914,0.3746930771159732,9.925414682063465,24.90119115836197,0.6574211973862827,880.8189401522806,37.04917776000644,1.2650675047415096,2825.8646913620605,4.238359496242502,166.13069477283727,9.456534490026634,320.2621220643961,0.852273706973172,High
6139.501947454539,76.58023553142235,19352.863925599482,12215.446912122572,22.303119861621617,0.9763683238346441,23.06815511725586,7.887754407094983,1.6748005995289814,756.0728604481232,14.23012157493857,0.8596631244401084,3697.7074125843724,2.746918166365602,-164.89541020844564,34.728518768482914,122.90443787515066,0.8762399455254773,High
3408.7951597443594,140.45907390070835,40088.880904062484,14166.881096255658,3.2706673484618207,0.6970263498608436,7.08742916165658,46.194145755659015,1.754183055293189,862.6106156518355,18.285654826990832,1.805213444198133,1711.022773231211,3.6584300950444004,144.59125785384248,34.43592343517372,172.1599190962539,0.9577878218876782,High
7367.893120533886,118.88632970924657,19002.14570615645,6061.513152268074,9.166253862814447,0.46741376741166885,24.653764791826514,59.10362758772001,4.592121470262356,784.7496510542021,43.7102017554827,1.305427458095865,5062.5611141516965,3.0511847848085805,117.20508995174612,38.110873249021616,256.73184738333026,0.837058130809162,High
7604.362002659066,73.68938549000455,5263.843696836649,12800.023193366102,65.56445404626962,0.35241690178418716,22.20495621954929,88.27750144520685,3.421592297770868,797.040200419149,16.13439484959573,0.8027270907121591,4585.08407321897,3.1457400727471905,-73.78429170805813,3.9635574239261224,6477.544477620987,0.6707443344832994,Medium
3305.3897992743186,99.62910765315141,28282.46063548121,9385.16621407761,17.970276423658202,0.7579926847032059,18.757972909581504,93.18059558652146,0.8676678182100295,805.4584124790641,27.769168997585652,0.1761038974120949,1808.9001132890476,1.9893923124686208,-57.913354347376156,21.93555432582079,2358.0759975395144,0.6312838246986795,Medium
4384.388240736019,115.37682225628218,42410.921723305706,9899.338125650183,33.41438284548544,0.3179651010343909,23.77499776559666,55.236495724892805,1.1092036820499551,718.9957740916963,35.42933373632752,0.5885026632497204,3316.7577121806603,2.5793807208120354,-181.41540911123616,26.29863875126511,3131.731926669769,0.7672121265733385,High
7031.006398965306,67.5117676490445,40000.392970031615,15276.64292731558,45.15292494057824,0.25453899007631936,19.446223366474158,76.61133095801176,1.2005425649388894,995.7885053204252,49.99631651482565,1.092016202312028,3435.0581653646386,0.8515464385538489,-193.70375555331282,28.715637705607406,471.4405441933276,0.9007586033784967,High
6741.298451918292,139.4174731566605,9581.033866387308,5997.407934146407,65.29213516051465,0.5768505000658632,8.809139940600918,46.73381087115971,3.3368978667601543,709.4603884393672,22.329275243271265,0.5585143863322272,2763.8656429418775,2.108069112490666,-9.197549456908348,26.110666165406776,208.0261696683954,0.8378926776757082,High
3922.6050967818865,132.32431818973816,33965.46610621087,6701.772428043138,10.190810093321284,0.36098865337972774,13.843122762256234,75.87780487442484,3.809363114781514,898.7490619552835,21.976550954622244,0.4502583423566252,2369.4519364871303,3.6312283191296837,-161.7841418010758,31.030444206189,332.4204206323647,0.7768526788991017,High
4046.7466166835516,105.46860962189744,11804.708908346709,18530.514927008415,36.57297647497153,0.6660146304312535,6.430060486632707,24.456144869220857,4.368397597544282,811.3682943272291,42.28683059224971,1.059513093034816,2476.6664684267694,4.789472137277839,-122.3992742339148,15.019391475284321,180.17622213839113,0.7606024899339039,High
4852.36051395691,147.04139537332534,11692.16919305644,1596.3737495939588,43.65656182284258,0.20614480738681012,12.793148445762307,40.251149806335484,4.732864478628094,893.8030872840097,40.4696524517333,0.34794248833251185,2521.0308559901828,4.833788507433591,138.70687981066544,7.997878113283804,5827.17379722078,0.242423759258638,Low
5422.614925955107,97.59848813475898,43829.516891954074,9969.868819060137,48.67443575743857,0.6894469941105894,19.832060394744175,65.25165988729341,1.407670508238988,806.8744759262752,36.822718204992874,1.602816026016956,2946.1339208013874,3.0007529110620124,28.411356500180972,8.978751513867103,946.9804561343137,0.7452826729019917,High
6091.27385765148,148.5699287132848,13233.778684271278,18299.615607953303,73.6524577255695,0.354966875197932,12.728867018616349,6.7250067326724885,1.8939761812582208,902.1251938776576,23.698252233042417,0.9738926211718893,4749.833471068045,3.229800133143119,53.45297490644535,1.4671688893364092,3820.0754558783105,0.6726310052570297,Medium
4844.568197848862,120.11279989232644,13899.119979382547,12402.078652454062,15.451037553889522,0.10021864099106147,11.605883509362682,73.63382448220062,1.581452963351738,918.7706528405082,16.873016887875075,1.1519869201856738,3228.143359134583,1.3357453347543538,-125.00826766723199,14.662553012142672,1197.3820320583159,0.7078549559593498,High
5312.67358066574,117.12041459285473,1032.0161473036783,11154.937947136576,72.70483066439601,0.21424245190675872,16.907114450206237,84.37587262047585,2.1144270535976197,907.1657921198935,30.827793646657582,0.3032927025187236,1887.5975757381443,3.628886486420888,131.46472178176782,4.578017984319114,8692.190477907729,0.12085773260332842,Low
6737.3546906687825,74.93594057662065,43662.782672150366,5370.011494972427,62.3590584926987,0.9402538400515846,22.4440905799779,42.918457803925385,4.615992983406873,734.1885944074456,43.934941363450406,0.6559069079024411,2735.8041712066406,0.8179645670347381,147.19190897589903,13.538059018817444,1731.156022616244,0.7529949674620049,High
3183.4160144529897,139.37349824741796,39837.1458472476,7193.872036756741,50.02837327790634,0.880619175203822,5.951663850922248,47.55452963183061,3.088006551227127,897.0679703964054,44.30509545222074,0.8260784696896943,2507.8579450300513,1.7810855860975003,9.331037485217365,25.500193009483663,136.2677572541225,0.8381352762599134,High
4262.184721720104,98.47407191285536,31739.11781944322,17114.944108191514,62.95750833623147,0.31024812883261316,12.709408693994709,85.87181016057045,3.8218635379602457,783.9962648362292,6.3164189084514835,1.6183435327278408,2826.8206086333926,3.50763506278449,165.02310875146395,35.88464416788598,386.787183702059,0.8935373715834569,High
6566.747929422762,74.60100652042314,37763.02243300327,11404.753569484934,37.081596505649074,0.8005347140909421,8.164814836305254,78.68719035597317,2.705536562570519,708.6404111708,21.989163906844382,1.5426174509414436,4974.459722546225,1.8963955919457018,137.93144998183266,33.74461258863014,149.89980807549065,0.8632312798615422,High
7476.034188435997,61.134676797818315,8450.379803800097,10537.472778257208,12.455782737131212,0.6477144338565768,18.907085014637392,32.374201458170624,0.6298606100125603,824.4492015666862,23.771375853738725,0.4537251748274859,3378.6496031947486,0.7243109335150444,92.52967066977521,10.854294266345498,2590.4412908186414,0.7021269115380598,High
5558.38721057833,110.37801152745443,23457.856134791196,2441.8044140305637,59.91887162388306,0.9738142403048825,7.114491208622697,35.7777301233462,0.7888796869901644,830.0629308411403,48.90315300866391,1.2361963723979454,3729.3077967021077,4.243416842079338,93.63036627745146,6.229242545723832,123.22678703325421,0.757970978215925,High
5660.567426326578,107.46596599104086,18209.749980090262,812.5490508749008,47.220507601706004,0.4362450935806532,18.29615517160489,69.49343207710668,2.9206536407054857,840.1522400057339,34.22190274688664,0.4944781519662752,3719.0004649865427,1.8964850321055338,-157.84261041965468,8.529818678072521,3872.5972355156437,0.6787822567593864,Medium
3535.8600566988803,124.74182601322427,5595.049786593808,19291.861179397456,57.5437320488498,0.7133145512654542,10.723617415958147,58.503818782575316,3.734550656690115,911.4472496172149,20.955074445841458,1.9766118398235883,1581.7492913217945,0.783973511864053,-91.66558492173368,38.86847942424067,168.22872852812867,0.9775294176441698,High
5237.061834117273,140.1232247716022,24820.39377553128,7851.230262093412,30.4198902925641,0.15718215018152673,8.978336274744494,20.41180925416721,1.4689873738792918,792.6531427427377,2.276836413294057,1.9047265174804326,3013.4481280484856,0.8365467402628933,-173.26111207292956,22.42950470773414,763.4454666857162,0.9881589641714327,High
5663.086332275116,67.14659261787266,46116.242866789136,12262.654710940335,81.61799196058523,0.4566226121347654,23.72705115649971,34.44334137677081,3.7485930829653684,794.5841539311767,28.7038728448606,1.1308967938360348,3475.4788703313748,1.6329145945493913,-196.52751630947654,8.117586697022418,3822.911437296331,0.7651121666633209,High
4212.352518173649,125.83468413063261,2962.8968334840292,2054.4439271520573,52.863288171801926,0.9674358950693625,5.370491534919117,90.49841130347214,4.147995980675805,718.1656768723782,5.70772280627945,1.4008161180693446,2277.0541529083544,1.3010717624968682,-136.67618744643596,33.78910003278579,124.0392263834663,1.0,High
4346.216154746905,76.8670749687824,15281.5847611959,13820.728571599408,7.686223586178644,0.5850827870051085,13.75554543779138,70.37657148861503,2.3535386526295006,906.0463647976887,41.88804791004039,1.6048464605952035,3101.413575293924,3.984350530010679,152.194873058776,16.412458528189642,205.0991802617366,0.9059951899720502,High
4886.420815523114,137.23593478414477,11169.50587407947,18685.05081976624,40.48235916339858,0.3590915530013601,5.432539849235876,98.66756018012435,3.8588865477984724,870.3478274198752,37.873414367947746,1.4447868558893588,3500.800555880177,1.947578210001655,-104.0503763855794,36.06966392701437,334.1766159549442,1.0,High
3100.355988888632,133.71571624754904,12669.186029619119,11725.472433449684,68.07204492692709,0.2082438668157462,14.67186096208658,77.86619034817309,2.3181347764780695,804.8275338081364,23.564948835500758,1.4026590952540174,2248.6890487059322,4.121131032679246,188.0615850366887,11.166407946544973,576.2474632982867,0.7423748109403254,High
4610.3958279158915,108.671437948699,45513.29304208939,2959.248786320506,71.47211055590451,0.7331755061633773,15.020947555888364,94.48757105364108,3.55257783254759,911.5566936752064,22.031328197543285,1.9175224758195608,3235.1690838845,1.2823069902041877,38.916399824482454,16.33564859336521,163.67158885045973,0.9030890400986835,High
4057.240034982723,123.92185187609803,23935.383657480215,11843.569785732796,44.51373474873829,0.6803704390867541,11.43324942789494,25.537914517695164,3.9379867219379436,861.2073247680631,44.969609312869665,1.1969476515514939,2207.3079225437327,2.717956307948377,-105.09660494612385,20.692962748813297,176.3745058663532,0.8015713044495472,High
4637.486760889573,88.29151018653735,23848.671234051122,15443.77065554072,80.5272813748171,0.4365448422433972,7.643235550500473,78.29106310760794,4.963669782386498,840.773483761162,15.134459170488292,1.2762423169199206,2275.703557148007,3.5961671009890797,-1.1476786063148836,35.811998029472235,274.8858499468734,0.8235148862713766,High
3598.810659096256,102.40511090395331,38268.206480308836,8425.122463193364,24.09015934748678,0.9558472166792509,12.527750754689507,6.920664414040756,2.0542849792861824,853.3973630983379,13.20197814323177,1.7000448133719805,2575.6261135044315,3.433958842396347,-112.36207091995385,34.88153983259718,125.54307624276719,1.0,High
7452.636403699475,133.94732079394245,8570.117996241364,17656.836084858624,36.95388275144399,0.1199825316890653,18.44525879865132,68.72220206259573,2.3496835125857514,890.904437580117,47.02067420846234,1.3430828270382296,4062.437538701349,3.2050823446862093,193.58942327294955,23.39984774185124,1000.1455904512832,0.8366228951277975,High
5967.962267770243,101.33386774558926,24876.002350902487,13149.317590468607,80.8737219512073,0.37335146646864326,20.647916172889182,49.58181642142293,1.245290267345771,898.0007813723798,40.65304600092065,1.4685359178148698,2525.5562857658615,4.661697208690264,138.90599356198555,9.649244881454736,2082.001781094059,0.741864890411152,High
6395.511595722448,92.20184387928975,22069.275491931927,18035.353906639448,80.6631044824421,0.9289625376696232,15.615012047762846,37.94220683240652,1.4183287628081311,786.6873457422151,41.21065406029253,0.47599568553131844,3541.0142007074946,1.5283631646803497,-189.50448448706837,16.73092189777713,988.34970400245,0.7105259848795583,High
6945.856193036691,104.479120252527,30248.62383678615,12658.353569323075,61.71414919422128,0.3888418944874964,16.796687888795113,86.92841346784347,3.6202775116926995,742.2230090173459,10.56449689952035,0.7488211789889911,2576.3910899404673,2.7217364200794743,179.11041258698845,39.04968954925471,308.6087216969331,0.8303193595064817,High
5492.2109946452865,134.54243271934965,49978.32745927149,3060.1154540940724,77.30824924099981,0.32702755046965337,9.012327422493055,86.15543080246542,4.626705155695142,746.9902543571557,8.021503580115786,0.3031296779666671,3546.950844637407,4.4779664753258395,88.42604292115493,24.70315573121868,559.2438112591626,0.7191438480719268,High
3434.6014404371185,90.16872426337855,38702.99581002031,6538.988366551188,7.98959402606094,0.5807983689381226,10.746606664552989,7.118661965371141,2.2757222824755825,891.8172657709005,2.27544794103961,1.016473230246263,1607.2582910006113,0.8505219451782067,-167.04749919148867,31.46281244984367,206.61215047727626,0.8478812157647122,High
5685.5327090927385,75.63854338221694,20495.419447853932,4435.00149092291,77.84954785869986,0.8414215749284841,8.237912201047168,62.90298663269594,1.3093000107599355,961.8619857301378,12.61503393701532,0.9168975273536901,2446.651874970728,0.7514972071388386,68.25509853057821,18.54472311909537,142.61578687259035,0.870954127983083,High
5934.205590104395,124.08126182977027,41550.0995614283,18222.116705478817,28.855791589520408,0.19283208479052494,9.985907000092226,39.94406131049086,1.7829477472234734,822.8488835036655,38.93533409400191,1.994354000416119,4618.321451476304,1.5498602940123114,58.77067918627421,21.748283743205448,622.3030785066551,0.874860957930408,High
6727.19737092165,134.33803914372737,9364.709802311529,15327.801312105912,16.049836118539467,0.9487186386811626,9.497735604510636,44.48779514254267,2.5477326716366235,750.8560480988388,12.76188251944334,1.2263052191029296,4631.275107368636,3.348595487921083,-112.48450167696662,17.72921037706922,126.48639449817807,0.8942401070065986,High
5158.297731148397,69.057373067118,2492.720629139046,13689.768193745118,21.54328527078417,0.8155655930630477,15.388975727824752,84.04387022578372,1.8079264821441576,926.9807494881563,36.72606089614894,1.5750251981569023,3577.4587344229963,1.669458319024131,103.37868000303024,28.41391892441675,147.13715367676545,0.94201395423675,High
3637.901513977819,81.58867014803502,11017.97025074938,6368.843232816623,37.61716572124983,0.26312522999639676,16.253775115814587,34.43477829512943,1.5511058740483983,949.7468423258346,13.343505003003653,0.6746891948077319,2225.8900023643296,1.3560794771395954,-165.17411867481314,34.20736954158822,456.0566084888298,0.8583193453680186,High
4418.879528993622,72.77747907848945,17680.166249598722,4088.8730549791635,22.60728041440205,0.7408071650783464,23.89894841643009,94.58963701057391,3.811930199406858,964.17473293629,20.369332399582913,1.664775209372165,3179.765635524085,2.5646104191123142,-4.2219275075008795,20.78717818575798,161.98547429992664,0.9078194134786003,High
4815.411481993176,91.31472704239499,26018.457115518435,15250.796215783781,28.851082741484912,0.4464628503738014,8.911412942030461,22.065213505353373,0.5353021455828044,882.04942867412,49.17495220565901,1.23401908331049,3272.4633088442392,3.2611913094623515,-196.03071713476484,19.753830886812803,268.77936182042896,0.822853845956986,High
6229.586206658007,100.53158810148713,31141.327886518793,9746.079944642053,12.148063746447788,0.46206521026868685,17.833514203229917,67.9586302199769,2.926537373014174,958.2185678164253,12.995774832922644,1.3970147398808925,3733.9320660875514,1.6185096815753317,187.49499555789856,14.271172216837481,259.7036031564052,0.875359840265448,High
5853.89152334456,127.39437032669758,45619.680143506666,4902.896266937268,26.655908900309868,0.8049610831949797,21.345185379750458,68.84998136630765,4.071950631633893,704.6244875345224,19.442160737615115,0.5959172481194143,4569.326451443057,1.8531103402568392,100.62545271076374,7.906771077469268,2479.6335323543794,0.7274737088716771,High
4780.483629489231,118.60328263935068,25982.846467972427,12524.128574222865,51.505543308780105,0.9665063271826589,16.204829275661048,28.95854033565223,1.698027288428607,732.1707405308571,15.753271842795469,1.1017903994741984,1892.103349076368,3.2610168716518126,-136.4591695361376,37.630661192129246,124.15852501431306,0.8150990466567904,High
7932.576243964899,115.8835710730588,25562.50658666074,1286.5101166998134,39.766833728195756,0.21399028556247454,10.100073050021514,35.85130785188419,3.214811797754078,727.7728201156297,6.371624330170112,1.2717335770930813,6121.488647157492,4.7558228989525375,-63.330384019486814,13.327109028500695,560.7731196048428,0.8086214994463099,High
6028.874096784435,91.71374519486889,3461.9074813261245,6860.319955500943,31.204688511232003,0.4785672131909374,10.251004600400005,84.30585679509434,3.51005047528378,913.78140527642,25.004812964410423,1.1822984048749963,3018.7722972031856,3.536337773471397,-135.7750488767295,32.22696707939713,250.7484773139332,0.9185633330341161,High
4186.133958679972,135.7302797776284,2710.666080154967,9636.861394527126,67.18069159714025,0.5328474472758732,5.785061061419999,77.37149922072048,3.447611133822905,720.8745350630737,19.555842503317113,1.8312354857348874,2361.814651678461,4.02306864613052,106.64698565172586,28.898533830211495,225.20517009790973,0.9131661567944854,High
3508.912363102019,102.41584506583482,28006.83813390223,3385.187515133414,80.41589742539861,0.43868063525949785,11.108884530969634,36.264108629902154,2.5063233538942296,848.9093117398921,35.04946720455673,1.7975626023401814,1268.0144668244832,2.1506454263996098,-176.44146982891394,31.845786410847033,273.54752034817994,0.9452979859239499,High
3764.29569592166,148.1194444213639,22470.75204916888,19700.762313021372,68.11103006121573,0.42687021134460257,19.892073580067603,55.72587195881872,2.0596009454410065,841.8120695908867,41.06213280062576,1.9422582751749724,2145.850762610782,1.7251446172300973,136.1626622254857,37.533957201511996,281.115891460336,0.9512527137913369,High
4229.788641922541,117.07279244661632,42119.83935403463,4577.398609497478,29.880063190591127,0.14704180080543688,5.950355144142208,10.859628144044068,4.261658328625161,793.2110570674723,27.66823601028629,1.3381817319539089,2561.5742810148395,2.5442048444118015,176.87853553429193,25.311459648614992,816.094466625731,0.7914941886332085,High
3803.4068662977784,71.36382674080525,8873.299650880414,3041.886035843678,66.99979510537983,0.7169847585063609,9.385905650096614,24.830858827869775,3.9130068064993893,961.12155098263,2.5776246822795064,1.9441091189501123,3038.3545072045436,4.132097729202531,70.65117712251998,36.02006339189974,167.36757452137024,0.8969923853079479,High
3932.835120256529,120.85598058678906,2223.6114437354304,4468.930040794479,13.678216422664608,0.4925929754080408,19.124649970635637,51.15295309173791,1.9456482803626063,751.1299605639988,31.327195455501357,1.6666312200634987,3097.4860177118294,2.5533483880575014,-114.81381999942633,7.540195593579453,1597.5683575817022,0.7275103624045602,High
4425.475843469236,89.25936138885291,23002.899628576168,15496.692096614623,11.728618928216182,0.2753144223795341,20.65303125645753,13.167504851525102,0.9635863749899274,805.738835319772,3.7141457710260206,0.548955959276519,3466.026688232644,4.310264339554374,-55.96396167457968,25.441790462314717,2914.460656167538,0.8149481890634445,High
3866.867976473774,121.76944770174876,12636.449280860617,8797.360355800934,31.106433333254305,0.8344301520718616,14.106368201238569,85.11657371473406,0.8231339545046114,932.2514500068787,31.201459856352223,0.8605969824070812,1833.6457094393652,4.949473913128072,-9.104050076427484,31.118748903669893,143.81071885051625,0.7171393573402411,High
7483.827123132126,66.26770333461651,3431.104293603035,11525.610825174492,72.69321321396514,0.8223046733364652,18.96148676957298,73.21058996022654,0.9242419005452123,709.1266943179853,34.566467514190236,0.4844009599561295,5954.381691719825,0.8241199957865135,41.849908880901495,11.594004099022788,1947.5029857421932,0.6730861201378613,Medium
3401.168728308211,75.73932934583634,36505.31605553382,909.6785612340345,22.171342251807168,0.5377524652800044,12.75904337309784,94.64519871160701,3.1229121253641927,901.8851200739106,10.690613753258402,0.01835235005282476,1794.929641308922,0.7043457023766666,67.46523592467497,29.889398250386634,2724.7858734811425,0.6111508559344219,Medium
5622.556947851273,137.01635330152078,6468.056997905126,1171.4105171796339,5.692806800881163,0.3686055950329845,8.19826490048255,70.87935606658257,0.7324797912304536,944.9193179084712,41.14796128736678,0.38421701876234815,4081.5160219220616,1.1731536631101283,21.68588612755312,31.360596335533238,325.5512168480835,0.7811167067545277,High
5051.984134948308,80.44616013211635,30807.655500380813,9193.598221626815,11.853858168571957,0.6742834532168072,12.96298987045813,94.33813036490763,2.0161709373381727,979.6803516514501,45.64317144712838,0.018080566710882578,2062.01776626267,2.229663540804558,-59.47443167125769,33.41633028464135,2199.4554882022244,0.6686100860241251,Medium
7911.893084543032,135.33370127186458,14771.437758177568,16424.777242431657,77.28704716766221,0.35933692219966273,16.599356404062856,57.678692790641676,3.889398658614032,962.8889921474455,40.841261241577165,1.4424785380874752,4374.616943391652,1.0896899411544458,156.36691222596124,13.20243359124138,333.94842719035404,0.8304544265019853,High
3560.1945108402615,85.13484796089693,9501.30646739608,17762.158134797523,57.040495627255886,0.31240713729134084,23.961065637057807,62.02076805088709,1.8245667493192015,795.8152350501056,15.950350320392026,0.8568132524651871,2787.653834271476,4.417990149284401,-167.4431767928167,27.582657016564056,384.1141436153933,0.7599365406213441,High
4989.277995228708,117.8593719052837,19607.824623046556,2190.7780681149843,22.7881047032979,0.757463188623694,6.375019041773546,97.81225018949479,3.9348863473105844,875.9092423968857,29.74550760983609,0.6320237068849379,3859.2848532989933,0.604158129621787,-13.497578302601994,12.865878052980722,158.4235403149284,0.7841520379888608,High
7847.352166376844,122.47355161588479,40270.84303492473,10998.080490969944,49.97662427953632,0.13629271574885565,15.147881876899213,66.00226895210474,3.8546016719317486,723.1880479451397,45.82594231037016,1.525824573279424,5036.959837262742,1.9210672235112014,110.22593538699226,29.822575112439758,880.4579125205931,0.8706070485106995,High
7327.535629469901,106.13892778305475,20212.585268324063,18307.978882445776,47.48216601828153,0.18529162393113457,11.578395564214487,7.9247240417709275,1.6062220968494734,777.3610010644026,16.712571584919644,1.6666486814930936,5121.267125945439,1.3311258327239242,-175.65093388343965,19.05597294068278,647.6277634902652,0.8571640816821272,High
7085.360354746399,87.47796090270582,37787.71281134173,8065.468710758784,58.98923805965951,0.1061093566212308,15.166233885533892,73.7612637798997,3.7796998104173545,728.2667136242522,41.18136329100582,1.9508460819132611,2750.6314672366825,4.691926985708895,82.13408672452044,24.30423060656158,1130.9087513210866,0.9167944516164506,High
4289.514135224699,79.13799387339864,7148.828543158384,16676.53371285319,20.986879897945467,0.23764886782788355,5.4795089475306336,91.01952575305448,3.8649948722244534,794.5561870461892,1.4642814318231296,1.28760703350373,2834.6365149764333,3.512664522005126,127.88464910133001,17.217759275792186,504.9466513213504,0.8270615523723626,High
3854.437936950329,62.98704191061836,38865.79956358888,3107.065260789006,77.7962688474958,0.16209100783941352,11.260507094031627,80.58012373046103,2.288542665501621,962.5561640376187,1.1786884364491372,0.928442627494703,2347.4506223904364,4.604136154031185,64.33251941082091,7.3173341502631475,3306.8697953164033,0.6657482319197081,Medium
6343.2160996221555,87.35517611166514,12609.732920425784,18740.192548522075,27.843170587201158,0.9962221310019267,21.3973629505401,60.46416089941515,1.446892176836832,804.1500519022878,38.2258713566094,0.6174759601987975,2193.3310519694755,4.87547919639677,-194.8252430898576,7.943151654609183,1986.6241364084372,0.6786829879297606,Medium
7646.879945637929,118.78465114781548,34192.26336455477,15152.754691860402,62.47184885786132,0.35992897295868065,16.07883467709275,68.77383374388404,2.845718631013411,868.569430900428,38.310931524228934,0.4524132363363103,2726.7206527708317,2.7369420965481615,-127.9451891471175,4.025187383223246,4753.533401544336,0.48821796733612827,Medium
5783.814465069649,144.44743366036346,28723.29618720882,18856.020659344584,1.4512181734993401,0.23434121140232256,14.011649856322348,99.06821997890881,4.646289146000884,830.0142544344823,39.6598822047624,0.4337226414603764,2048.7532220180105,1.5544359862161181,-63.154768443219695,25.10483450914481,1599.2652940051305,0.7919606405631658,High
5858.063447349499,138.4084034036747,46528.09114337268,13694.036054273876,33.53914169047325,0.31689663219632613,10.710501434306792,13.61289840838714,3.3782752959442788,837.6749572896206,46.57131505651996,0.8242868556923996,3879.0834755852416,1.3717795378846518,-106.52398574478164,34.096897520169314,378.67237391673103,0.8146564398146054,High
4399.895468301421,128.94582988817723,19978.80338079039,7586.376673988826,31.653883616292745,0.9425130143861212,10.960850455827117,68.38825872015775,1.2781512393226753,990.8716155509675,6.777409279193926,1.9836548470229802,1631.7346917693692,1.5031348775862823,185.06085609097096,1.8126362242211567,937.7320900200197,0.8287445877588292,High
6847.464665959685,130.9602608927969,4242.094252887582,18794.53286423209,48.9135985724713,0.5681442007219561,12.66202867181169,31.922780984206412,3.5724061613008393,788.8463404791573,12.36726426420073,0.011698857900432501,3655.629499580611,3.688669884299013,60.63756564551744,3.5833405814457864,2665.5432188174323,0.6785740963512716,Medium
3935.218742787617,119.84864131283958,1938.6187920113923,5873.55213802898,6.546263559947684,0.42833628667707124,21.71141419929121,65.80858767568616,2.4224136227682553,888.1973408569514,45.28252109831657,0.4024397354896916,1882.9663694984465,0.6820057765535033,-81.21161705937187,18.841212699813504,3958.281000290391,0.4334775728001629,Medium
4618.396182021219,83.42581718094027,41516.0694876649,6977.364180203785,71.11182363534975,0.8860523121182974,24.344264136165368,62.72423970897418,3.1618795880991786,826.0188008738342,9.684573690845319,0.38490203498311193,2656.7419655663884,0.731124828647217,171.87899946617824,29.771108710559385,1745.0848398279156,0.8339427397075029,High
5127.182193082084,141.6475527635247,26712.046245410176,14165.764151033936,19.600272159081168,0.4554912434941293,13.77310762700749,19.578399050275397,3.8032881576039856,718.3438543143059,34.42923411125261,1.4370677762092616,3349.2714904758777,3.236643240724175,96.23767979047477,7.150598143766101,921.3472717021505,0.7880558107851144,High
5538.051893422275,120.36590807152507,38986.95853991251,15423.667840745033,60.93340333938092,0.4015077129619262,12.867056774955238,24.64093134532272,2.8172630818150015,846.7992494872708,26.992687001999954,0.7114446079201431,3557.4300398904334,3.3892571603183295,-86.15711526918321,11.59440146241856,1380.2820389338035,0.6823089452295943,Medium
4212.048662075401,110.4396567882396,12486.85440056422,18623.3679350585,72.28909109196839,0.286554270294762,21.931015516397256,64.05480991410528,4.162927885579888,944.0029987135325,5.076490165723855,0.919949001137723,2349.312084672807,3.49368315945107,-48.447372239217856,10.048241849990479,5312.98121654556,0.31736670647031884,Low
3574.1841236960177,69.9890522292133,17909.10353014845,4493.646976596085,50.56892606173618,0.4400171415184704,13.538106412726073,17.18184499385854,3.749700106924825,729.6258906045065,14.97791943513511,0.3057620196351109,1902.0644037771237,2.1734622706486606,-120.2284566784173,16.56299752817501,2310.938380643309,0.7065696418986144,High
6053.100212208163,100.23499894257829,2475.089738354628,16060.961686774868,66.6794886049787,0.38501592041523347,16.040363445913023,30.19218313738067,3.267830030083298,720.8775542188927,26.498238605607426,0.8159441073651259,3019.9388952895792,4.126751999213689,188.42959930632873,9.774948403685276,2513.5226265232004,0.7770687139431988,High
4443.152766201279,101.43224440817337,48113.1239041315,14901.648041240787,59.567428099350494,0.7095735633683269,9.61883329197489,84.34832703511023,1.1785676712455817,746.08945611798,42.765155717507874,0.21536762569261375,3247.7446153728856,2.901310644769779,6.9185983560292925,14.751348463245368,1089.421150433276,0.8345891005751314,High
5906.191107113062,137.8107248570403,33725.52742833986,1743.9938469451583,31.997681743680683,0.3606244342036544,19.870050715581506,36.07369307015567,4.261770999102057,929.3200334167918,35.669385991119015,1.0707561428982804,2748.8943259894795,0.9745953350423875,158.42267499919387,29.413161347815823,332.7561546543259,0.9032325182508373,High
3771.8135763710115,109.19833981690095,46727.049300206,8050.851253599036,72.79726851302088,0.6194797717803053,15.639766365415637,51.36571484561798,4.7115751339391725,917.1986152434214,31.47227491129172,0.20489734711188334,1620.68383567439,4.086946881803053,-61.400091593260925,24.829360689713376,2044.0950701489426,0.6556604787065998,Medium
5405.700509274087,94.23604940733688,14009.323964024545,6013.926412671923,26.52312328969752,0.15930294852877544,21.18069100480683,94.40833183885482,1.1163430571418267,869.5053306718332,25.305611607129325,1.583111678534581,3630.7806240840364,4.788805038217062,144.3366412389903,4.166086510276022,10986.848088855471,0.23382295601278763,Low
5662.94716275793,147.91202956595936,30961.71695005738,6437.563274903593,51.409162597636545,0.2721602410268629,20.614654600573395,26.579163439509898,2.6970850824504375,840.4679212277897,15.635515206892581,1.1375374179055742,2717.544886167103,0.770163408510614,-178.44526062913442,25.87208098358299,440.91671710474304,0.9570400125062724,High
3259.1176841121346,69.96485339936841,34246.498446339254,19667.464151316668,67.08579652273856,0.4666647444502139,9.300095365400571,42.014471649010986,1.6649993388672701,966.4977444107866,6.843000654643798,1.4506960688092987,2357.9693626772055,2.2610810241526096,192.8361270097152,19.606009690809326,257.14391632771435,0.8323802087361375,High
4683.021390969603,98.02935854807501,16559.935312621834,13034.159562858595,34.10603188312568,0.9432543285178259,19.312711011155248,62.613488676636834,3.895354883415041,930.0093471500447,21.04472569373868,0.8428476094388409,2172.6613589085623,2.6938222017563644,164.81374681332107,37.44805741357841,127.21913525545216,0.8739007797498405,High
3672.0733846948715,63.78222076542647,42557.35251576587,14494.685076973241,27.249084685568256,0.43952678714412585,21.00108815902743,76.75719830287736,3.7473333620211497,943.5826753905416,2.397406201653336,0.7691676735520323,2390.4184693307893,1.1591184203524263,-54.71882208933803,12.282868367058077,3154.347778708557,0.6479762884221997,Medium
3316.8748523638387,126.59137086902373,47410.91168211214,19544.04392764268,41.34114091555404,0.6976667090798507,11.9221448156479,90.65707173770699,1.1339830425667943,943.9786904051963,11.341738574075679,0.20543568920723856,1069.8729199906284,4.404690265022947,109.88886612583093,29.320490368267237,1014.5823945181701,0.8430660513663293,High
7949.8011619497265,142.62688969792356,44357.90076710421,7855.434757923955,73.61671449142382,0.3295785001792583,8.452182258045491,91.96993381948394,4.446622720677367,892.8151464236674,22.191685417760333,1.052472658015217,3917.5144647377706,1.778673402005198,100.90317058953042,29.503572098738225,364.10142025263116,0.877781786661244,High
4611.769224873615,85.20335965954405,37214.28182102925,16135.883284829715,83.69295868310984,0.21433021837590854,5.052643111591763,78.78080706539917,1.3143787879010103,837.4043872947838,21.511654097923838,1.033859308065613,2174.979946443754,4.023538429721721,160.50191884117265,9.638530459358307,559.8837201272987,0.7128485157090861,High
7049.3722292731745,137.25075091192087,14595.769306522747,8973.353784437659,49.05750715739011,0.15268294007204514,14.018073061862964,26.69142947636449,4.087665615416483,959.4033257756951,3.1704761188526276,0.9415230684547147,4993.347881226713,3.519475169127422,-77.09800754847555,36.225721373866506,785.9424238449735,0.8255896492719405,High
4273.203273818819,86.2996407415708,14799.186063175955,17455.906600392107,59.53195847912867,0.3748721486884762,12.04865463077683,7.356886354043751,2.556411618326022,977.8022252809752,29.863947522739274,1.483631545718074,3348.173139665342,3.1912062011016054,-13.791997874340211,20.15614481675452,320.10913699465476,0.8645040759504735,High
6407.513611119646,141.96931454795237,48204.65570185586,4022.822055570412,81.29462600150228,0.2418949241172172,16.09819667650818,41.45852338378426,1.9772253210116806,707.1418129775029,27.934528536808575,1.6666837560643855,3398.805610096069,1.3646428191344948,145.9998450424212,27.476451308682794,496.0831668458265,0.9062609408938751,High
6801.139299448432,127.85657132371055,1503.9403008489094,18979.880452753452,8.869216627164816,0.25660940321451176,8.760821851775715,18.447140843843215,1.2120766820339608,715.4664619798754,4.827110897024729,1.5040714531475312,4845.2549999151115,1.4931658424790757,111.43178165408642,6.688366796456677,467.63679934085036,0.8254544901580929,High
5978.193703039222,132.4416099157295,36086.44868886508,4766.048314012153,20.887072007954853,0.784683377548255,22.193310953329505,72.48682650663832,1.2542641526598324,987.6229890725313,47.21498957056153,0.29629282818561925,3884.9133385683826,0.7130678213595619,-42.613312503888324,11.0543527626868,2893.0882520214673,0.7121183376818442,High
5357.880942750791,61.620590004040906,35606.061965207846,6861.299886128165,63.80100056264242,0.1142542638503868,10.155104312562193,67.8074057484431,3.478507496154051,783.1481841532584,5.869756168592145,1.247898423471395,4198.933756618964,1.5832059340201987,138.29009316484883,23.858177599551688,1050.289030413229,0.8308567129064663,High
5059.204570736343,146.65293213666234,31511.787506540077,15245.74856508222,74.13700157210697,0.602029113161891,9.528592101752999,9.17730595403821,2.976936745762042,962.0108318948256,42.88687341062947,0.16984298032217143,3569.543322784095,2.0544962425723137,-181.2183843070394,13.44206346656063,1444.2262320887132,0.6570045339490184,Medium
4744.3413327149765,125.40038928632909,49515.33345825642,8178.225260525431,77.13261254975201,0.44151524253411834,14.614281129687118,84.47640901744036,1.0493843974305472,816.6385356884208,1.0151768638352912,1.3922983520065482,1607.0935951797649,4.2491538673809135,112.81852118519606,20.488023824267962,271.79129606318617,0.8336728469070528,High
7647.64572123913,87.42759858475199,16282.092352422536,12360.121846945709,37.35964591694393,0.5558949999176925,14.977020474885485,28.630610297662315,1.0071403719724634,735.7300172828067,44.23177365722377,0.7698598021566421,5021.756672479031,2.148767000216624,-117.29365622651974,15.58620277555828,642.8184078277636,0.7273829517606174,High
7153.097038938646,134.6455198372962,17658.62132586916,9169.183270853855,8.040591206268015,0.6065472134931426,9.301704575701857,46.06157217164901,0.8253975864775616,724.1329600628003,1.9662668780113153,0.27367292296991036,4061.169826051728,3.895798022445229,-85.55163687048513,25.981598069117872,433.5183754769843,0.7507655060023423,High
7825.134553332563,85.3369078573437,4868.030744381222,14976.213773250745,39.40033295696579,0.38203092501155034,10.437214534518315,68.45370486829553,3.8469530631809485,746.9523697241369,38.13278956271368,1.7254812053824944,2411.8475484231835,2.477490265829694,-2.714062561762546,19.998669148451548,314.1106966572717,0.8733635127114762,High
3621.486117427724,138.54784556095152,22697.108690643134,4952.459421187911,20.76611311863484,0.3655979741658568,8.394104783104899,45.79478475096406,3.7034693835318016,774.9679584602094,18.722849753712392,1.2318765946874854,1541.5090308052575,4.031907403972498,-20.10619957201044,1.1797875029535585,2278.1588505289305,0.5966008258992358,Medium
6654.337376018221,70.13223513707433,13791.377785507557,1639.9307511191016,26.207680949696176,0.7600616644014151,19.369203566463334,46.922341265994625,0.7629394588455882,846.5555061792479,37.172623206679674,0.7159026862155797,5063.13640206711,4.89322220196668,8.228042747952372,26.337552679869976,157.88192671775616,0.8348120251258019,High
7691.702284105189,123.33173797147163,17825.948406704567,6348.623250724791,69.50408011537553,0.8841492893090415,20.40178062508164,11.234659556895336,3.0212153401863784,910.4493701697351,20.685515065823946,0.07114708750449407,5869.004873374284,1.5792870112591104,17.910238268809536,17.462740724957087,2600.37860768438,0.675907012601629,Medium
3906.1653308283007,108.66286289804194,41894.01772252576,9749.01896493439,6.7974377423298185,0.27332346921267514,14.246569949185652,43.13713717970036,0.8810426985921045,995.9195729455901,4.474488194260244,1.079247415417185,2732.070585324466,4.380537253837442,-67.38892358740122,14.326235279118691,439.04023443602296,0.7374617004230448,High
3332.4813368338873,68.68810231758967,46838.74116284729,3776.391017757232,74.4823095732632,0.18785688448163407,19.28174045370035,77.66054985589842,4.566855967740238,832.4520229867513,38.60782807437284,1.847219498187603,2635.625503454205,3.2982083883759863,-129.90899479318801,4.671723339045719,6804.3555865859635,0.3373779631441565,Low
6705.603246450295,81.77044454329551,10100.920528254095,7418.547148299579,38.49021772417522,0.9080162257528234,19.718707838748912,91.94175203272678,4.582028386310596,855.455482702933,4.491381580746884,1.1967958670777077,4715.867112259614,4.177824177148947,107.39249171492241,9.594417932093167,1088.4582733673187,0.7797645841992509,High
5872.365565899559,61.11636326495833,19252.937646119826,8299.668856724587,53.64575379905356,0.4149059172826588,7.765510553556172,44.282228021020316,3.6420484541590854,856.5447104149766,46.18390136209968,1.9435847031927913,1791.6710287907997,3.4321365602051235,-40.00954036514318,9.727119371653284,289.22219472287935,0.8471459771682107,High
7209.14388379136,102.18911689180553,46502.89754365431,1619.1409519213341,8.06870081121111,0.5961856515965328,24.323560496690735,45.240653553512495,4.667850146477525,861.8303066463808,3.4977277537914073,0.2815377253582125,3200.2627521022905,2.4077727827336757,2.3363449836236043,37.47941047678443,2771.9605434469695,0.835795704318709,High
3698.8618831314475,87.11387346840003,4028.614573771909,11874.491339591988,30.362317052155166,0.4235888300680032,21.42063894192862,71.74957510074695,4.151538636861607,855.3221971313387,24.48693861080426,1.1409271581437253,1166.2958751301003,1.5263372274880567,57.87868734044724,17.868006015115327,293.08014111005133,0.8483500521437252,High
6976.3365592994505,113.8521735867983,5525.665877457547,17744.696845440107,8.07308271133612,0.2132221027114462,9.08966922391647,94.56334010500127,4.2284235916717225,702.6324265185754,36.42868711168899,1.5982688455327947,2421.165399202458,0.8151585139902426,163.85516892266241,2.6405680413916315,2740.427860111866,0.8255898641970516,High
4008.1366002387226,86.75140269377555,8976.758471105239,3458.986802584522,86.53893505929986,0.6303984804529552,8.723300714921404,30.37078932273922,3.0636853275646994,700.5174466329522,20.26907677480985,1.0558260549401752,1641.0129240948909,2.9098326400732266,83.02113245608797,6.413850607489515,371.45840763537115,0.7519261666658678,High
3818.2797143285225,86.99272003562862,30165.428872216864,12157.256261329523,72.65354843936254,0.5726267665926668,7.5132229115916545,46.813699621104,1.8772663919727914,729.2998954378369,11.6444402550293,0.19122204841507046,2106.8476055043075,4.956467425370895,-181.8163097638462,4.08227435358357,1410.888021368993,0.5860343245994121,Medium
3821.328989654965,126.8873878858443,8373.141279293875,13462.414495761503,41.36694789208142,0.2826942032720775,7.767571250838367,80.6174581374686,1.4800960180238971,730.4669810287536,38.19545710840533,1.1699431430789633,2765.7480041413696,3.821188122563928,135.42414535920705,23.96590621808124,424.48694954139773,0.8233683052717874,High
7072.873601156911,64.3328552380518,48435.74269108594,8677.026268176123,20.1242293491304,0.50668214018705,19.963235980573923,62.920889090533656,1.9724000991751813,911.4690726864388,39.430440534647595,1.2273584326265186,5170.153037696306,1.9730549362955747,195.74200605100765,8.278238171106242,2321.6615964455486,0.7139110959216651,High
6325.986103481,141.26054956727887,22889.011835667498,14171.402953603265,84.0109594724867,0.8172527536140812,14.393085139032472,15.505702676575698,3.3282294354007793,761.4748097547999,46.21205421376399,1.4601314044659517,3846.8380281306113,4.222421600390309,-11.00598985144714,20.443747970989264,146.83339942182167,0.9330745839871556,High
5615.327123845596,136.70374869520634,25574.380057158152,8509.265098074735,31.01369361542746,0.6313834927971022,20.658683454797345,64.63460987841523,1.2769544112457951,968.4142314266838,19.432090411122807,1.524810915179293,4290.603900323423,3.9604280007938293,187.83613458184027,15.432420451929048,190.0588174524267,0.9290132379039328,High
4794.152420617513,120.10242149037659,13086.272174464919,10340.42711555998,14.488598851863728,0.18722559436029537,19.925097887004107,22.740897036746055,1.6638810648679472,978.5818988731058,25.806334990369017,1.5438376495391084,2636.9332329262893,1.7673610700905555,18.931496937259766,32.35117870862378,640.9380106924538,0.9486552183718467,High
7386.002704065541,113.38994130966458,24077.052369301942,643.3843688113261,50.68479496085594,0.5932193475062216,17.092254270104434,53.47051373744839,2.60627388257959,992.7680013687695,18.79329369945753,1.3302543433415424,5499.012124209442,0.564383704074056,-16.15360165122007,13.499095853349129,202.28605237583128,0.8434438557328514,High
4962.225537113177,140.3072248325687,33433.76799921357,13988.542225626432,84.93967083103345,0.7324644693606281,18.72733213157359,55.26481042774166,1.54872544336077,981.724391466106,13.597009270717042,0.43946426097312974,2615.2547663772284,1.0317318734027732,-67.43809410901798,18.872353813475524,1709.3427812358498,0.7508351709623479,High
7082.997197357885,76.6797161575843,37807.679710748096,13396.182239422127,0.34472614502903176,0.8134330652026762,5.367114487582835,88.23931941137356,3.1488965137222773,781.5664965755574,37.80061511534282,0.8144291541205639,3106.691134510721,4.44787785640426,63.02195033333555,29.130136395315205,147.5228941794991,0.845396393161672,High
5195.674542851092,67.10722459717458,37939.53605278574,1248.817107863719,21.43123589285989,0.6662058207708401,11.23555293610044,48.93695603118162,4.654292128053484,852.9330534110537,17.642940405830817,1.5544986455026533,3939.393997512465,4.2645336588719225,-108.07183178998217,17.900697070294935,180.12451446484332,0.7650806389852839,High
4884.7221471245375,81.55591529185843,29316.664522010327,7680.877094205095,84.46028763693668,0.23739234808670537,17.756443585188205,31.54703011240995,3.866402145664069,752.6364910590823,21.97932265762525,1.9073196969676183,2412.8941720448643,1.828440503952631,-158.02631259423828,31.935405904514372,505.4922829954532,0.9467123809564882,High
5313.398928348032,131.51204508301714,45313.628974699,19591.120895437514,15.397737017144584,0.7391559399311446,5.186899069724884,26.941803080522998,3.4989197636701084,941.8628965517299,20.780009223577366,0.1671044600248778,2931.413104734489,1.7833794182798919,-189.10515896631438,26.805689893229932,162.34733906241556,0.7066812423513245,High
4506.889370820711,63.1203240053835,41052.98451799936,8704.362970088028,10.191910647583788,0.7096076614733647,5.659538873651869,88.05392828501193,3.1222466419270045,966.5295115432289,35.920400056690546,1.0757179888164177,2093.1360558631554,4.06789244196112,-83.0479549138945,17.010635443921924,169.10753154897304,0.8066928029781699,High
6738.046900881256,112.45261515751406,38095.357620232644,10287.935400070914,51.316849421982404,0.1219841946465699,22.037759649407665,21.246031169731697,2.6957655916567917,955.3866517892545,45.97198567942331,0.6319193199353698,4254.529489477637,4.719818614529399,-41.691667133184694,20.655295101768147,8839.125076819078,0.4355628723631698,Medium
5513.601950462396,149.5893764572179,3724.6705623425705,18243.63808411451,77.5659440965347,0.47057290083121883,18.680497233841436,45.457513283898656,1.3395373683559688,830.0100846090504,33.671047004061485,0.45853384969049127,4397.183636620851,4.0061176555891995,20.830678512499105,38.72093477784554,255.00830963285878,0.9367991569755826,High
4161.063475734087,137.01264844537855,1337.0201487628165,14486.606579382249,42.93988359245335,0.39965522226613603,10.307394662406878,22.781445918059966,4.526197049420895,927.6021654060343,24.107547208617397,1.016563260204233,1301.4007908790009,3.225104046638427,-82.90006992519743,26.8028483638273,300.2588063770885,0.8815019522757018,High
7497.8728663728425,106.93011201392305,11409.916582578175,11850.36755692236,89.51078310160723,0.7024708578282791,18.759256802374182,78.46388381086567,1.6184120090577634,729.2737508728808,39.18105062220529,1.216117787707508,5622.83483396203,1.5920210764931204,193.62382895416448,36.294813812920665,170.8255917846692,0.9173114469614363,High
4919.456106866057,65.72768183579781,33512.65610175916,16057.191286150914,61.12545295841935,0.29452223107982867,20.849133382785265,50.0654007975888,0.9108899491017234,712.0734311857752,32.407594881984735,0.02944674052476768,1485.49386457569,2.865865613428673,-83.30193270353297,7.9715816353715105,8399.119975921569,0.05225688448769167,Low
5717.764305569943,134.82361629471387,21148.676955244744,17355.14219589148,6.666741648940296,0.6317847306768326,11.135885662202025,38.35865060289714,3.8750683065291285,925.9709242926283,3.969907498772861,1.56261107868037,2756.6138806265712,1.5508033636696907,-23.60984462143651,19.846210093560924,189.93811368540625,0.9392932312738382,High
7532.360554822735,113.90806573594895,20717.906705666275,9409.317398876703,89.35489185137779,0.9218853656327551,5.720747549983749,39.30446585951435,1.2902699044902488,827.6065822986051,5.687515734523241,1.6415654412063008,2894.711794931708,4.136051390435481,-158.68953378723987,36.43780512395697,130.16802790619798,0.9448478374340885,High
6121.189979569961,70.34396973536101,44344.75752325107,9764.61311617079,36.71048131021714,0.8180221349877469,23.65558249375469,85.96034963868304,2.1735319979352923,998.6647794218708,2.8579302596080334,1.9313665408901868,4154.273453352234,2.2413248578298175,-95.74939466516975,13.581870396215287,146.69529694547626,0.8776297041518589,High
3584.4902035418204,68.44715563410206,44882.5795584601,8027.993245210798,25.86622804609343,0.9293119625948774,11.90359676591261,57.60852565797162,0.6272821773094088,729.1762647566597,23.38399998410967,0.369481029117143,1166.0540925060977,4.2516374764731175,-180.66714408440356,38.73890372771041,129.12779005333064,0.832755101771608,High
7699.160618067375,141.86641374929332,45549.5879386257,19350.76973035998,50.209126522009704,0.980655370239421,7.1296352656941275,73.19744585747004,1.1168057414320163,956.6883044605702,41.466818282609275,1.1931595990982866,4440.4329640848655,2.217241480922264,23.803453374931223,4.78602212847264,173.656972430228,0.7230383752668257,High
6138.540265357089,120.22802366442706,16380.025749236338,14094.741958661833,27.387683263877786,0.10960311430554649,14.837137427862947,90.21865904381504,1.2794163384196042,843.9949196586975,16.34107529821625,0.8589844932180251,2746.7700535648996,4.208672323399512,100.42587325297268,36.20417564072644,1094.8594003038047,0.8687446375120599,High
4674.528073285431,134.635811938508,34861.73482422383,2122.8497910574097,7.781175640813709,0.6604671487397298,20.369355913282675,90.66545922386099,0.7448455748758007,948.1450586511631,19.823848971531604,0.6763074245951478,1714.7810874261793,1.9999301682435888,-121.71607426557283,18.36327276056849,1444.4572852317197,0.6607272284546372,Medium
3696.3603633169364,139.10810102540404,14310.025882444112,17327.71265460386,0.12855087712590474,0.4715554579830158,9.432946292351183,36.208360162096994,3.454956304802803,945.1381846510435,45.56437831002664,1.1356105683606343,2535.3672324462536,2.4805971707795145,-52.8356248735717,3.876022440505266,1280.3484707136963,0.6555556252835849,Medium
6970.12594635148,111.459511684349,10339.88182064804,9870.918846307228,40.46250176282361,0.8738690413016096,10.389801002667268,95.48286999890661,4.266535081114028,974.7976004086232,42.008268820516086,1.566942355514865,2848.749142713526,3.269697887041959,-193.35350930913577,35.30134211085741,137.3203470182014,0.9506824731892549,High
6100.363779642568,106.57017165795372,10046.990410021092,1840.7011752385056,75.31770800039331,0.32663323180821857,9.854299735971663,7.3632087913875175,2.179919328646734,789.3550033858309,33.58735750674544,0.05587503905596813,2512.3592149046804,0.816294263134634,135.8088222888848,10.825668283955425,3398.0921218314206,0.6879212765661504,Medium
5667.305459881607,98.73846692888912,17763.273422316106,11219.486475684565,51.50836670670689,0.9829265402035685,24.833461056633563,40.799378296535735,4.435594145231903,984.9398060386009,14.073385322520314,1.9391062240067116,2479.6637211138973,4.76693177816959,111.98540997266781,1.867754894313783,2589.616014855923,0.8145422426750738,High
7469.462915254789,88.52519290120074,22067.923369211265,8634.703440026191,89.92865690490967,0.6523371725893725,8.94807467461085,90.10089146333995,1.4600595855205694,745.500088107286,6.735032651733731,1.6216643555543644,4432.255165735195,3.0812260375571143,-174.69838765028305,6.296477117198499,183.9539505677328,0.7576303783965962,High
6942.986056122654,99.11363647728406,41716.50938169835,17616.113394821186,25.816198108248,0.8141836620059478,16.51040433932248,31.09050358261338,1.9642569060255777,724.5906332780471,1.786882311325572,1.504795870254701,4372.921499550808,2.78519006610861,-54.052956271835484,26.705474934090702,147.38689266295222,0.8118642739925569,High
3758.374398663756,129.64916901571408,6874.663580162893,4477.894770383054,25.240955828404978,0.17703959754049148,23.505292833139286,30.942737780525245,1.1783164686402579,829.4846552117048,6.243522957616623,1.523170890539202,1160.5907568146301,4.277272870039605,182.11464553979818,39.134648076389595,677.8144644875522,0.9872134311262702,High
4558.610338977741,114.17310879136184,37011.36652234982,16616.059885097566,14.377451421054978,0.26511209628297855,7.937931377555585,33.74911708277943,3.2925163793854937,948.4968905925527,15.337225737573196,0.7842308121411187,1918.8778136298765,4.395932284535724,-43.18917756840918,5.3470234437571555,1694.964911321128,0.6757215416927866,Medium
4242.445699072328,140.32709609593616,27041.290795275963,11374.929478116328,14.765722943880167,0.7825633057307829,24.417083957354006,63.16977156045761,2.3894131589163807,842.0263391900337,28.037713115395288,1.5057248961811793,2186.918908327756,2.850171820380572,10.483470689606435,19.01597387686572,153.3422269115214,0.8778141299300745,High
6719.731462863385,99.90420129412689,15109.321791123632,1564.9009126626463,25.666793640904302,0.11978786983539125,23.949544687912493,46.64161368336361,3.259775060788544,948.7860032591542,4.136004054866957,0.7796727151198857,3131.317424050681,4.672680466071368,-57.902855595857915,8.044825486953767,17708.51801484581,0.1604777097093154,Low
3167.662173678897,114.63806208468786,25148.159642108407,19450.98337584695,71.35560407461745,0.8351901873044045,22.69143974116525,74.03980945356754,3.9275370742738263,918.9060417382916,7.675161137604001,1.7984265908538382,2350.6756271245167,0.7913199473441628,38.452555251304744,30.05642482996209,143.67984900218087,0.9540398028479287,High
5849.448424356582,116.81767977827899,15697.16141907411,10495.997260012398,81.5181111572803,0.11255411682272032,9.291130426600045,90.01651104364325,2.9556635721482682,762.8285158416801,9.872954413089111,0.36267254277987465,4058.665324674718,1.0095160651304789,191.26275025472887,5.6042970907107525,7738.790144816337,0.4024730602058915,Medium
6812.293428703453,113.2527446075693,30208.015806676995,6172.098657515859,87.75784527369132,0.6914069551551459,17.681101120219665,69.04894061957177,3.3243365970580454,984.6644874698392,31.967122556182005,0.5917713741881514,4175.561929813507,3.185547035064981,199.00100139247883,10.353828190754694,2005.3027058848922,0.7301284169936744,High
7383.828183808747,123.23703957769646,22258.352219906967,9653.433418790533,20.906068868680737,0.42858452820862525,20.217829459224802,24.424338418769672,4.708626414774498,718.234350588821,31.173700150026097,1.1071617099711615,3463.1720144234955,2.0932963780711265,109.88599120447645,8.659832738313783,2976.3074129735155,0.747256130547592,High
4710.408743579537,81.36901215373257,9055.870924865058,17228.226778591034,79.31677910526825,0.6503453674472792,24.720558563928595,93.6047807242477,1.845789393239794,969.4839122631386,27.987520592235494,0.6452299614156723,3063.3491928477247,2.589013247851395,-38.27556079182429,22.548271434312138,1876.8621287430353,0.7454917619450458,High
7106.286523360064,106.11273997912116,6712.57065322914,6445.610925508739,29.542958034960336,0.7264282662902023,8.608476441627408,30.12682296801046,2.116237723852789,791.3330346971122,13.274569810101042,0.854232118137594,5129.452677648186,1.9763564805372495,-2.2271196684046686,35.05417958802466,165.19180980226471,0.8125191567280802,High
3553.1586847760364,69.38023225275128,27788.088421534376,4257.189731490656,10.155649006519598,0.40822769726767383,20.32051799038593,19.23995805617502,3.729665127692016,850.0444249493198,19.184864869717867,0.9899211519032034,2122.7109660736564,2.3212639015022103,-57.30746875507782,20.932517845100325,293.9535969831962,0.684404264517273,Medium
7232.261458672591,94.60601948803313,45218.23863101907,3016.8893151521884,78.30224329681491,0.19716620329975199,11.776023398542259,13.546891491791285,3.25087482674924,826.7055618102204,5.737796100549409,1.7141431641388822,5006.393654015153,4.201908562158348,194.22985196173846,3.271494658087379,3754.1199803826626,0.7785724698615762,High
3637.443311659912,103.89003617591379,17853.92664132659,6308.258268609119,57.249507117925674,0.1626812809734391,8.512529311360046,58.52145536328573,1.3033980704287167,751.5503670750749,12.096569584144689,1.0511525846812988,2453.6464092853585,3.170642899344371,83.10412233016149,22.972168293276418,737.6386470647004,0.8959450090817908,High
4986.436452801836,118.70018335909252,36917.00525390854,15710.937697280848,14.825780647295556,0.6300424203062931,13.427538824277098,15.807433935661921,2.1926628950472056,807.4440599205079,44.98755609715644,0.7312950987429754,2921.396820738919,4.988050471775742,-20.42742182659549,32.10331897340237,190.4633658502905,0.8701501093681893,High
6986.476828897768,145.54779473275832,33274.40639204858,9696.714121307603,38.68481317617023,0.5685898183607004,20.876718242972327,18.18370899069992,2.6052710590612174,757.8803308878386,49.0048955753556,0.5029949664298804,3186.4734540164577,4.040956390194333,-195.15389195615907,6.154091694868586,3752.7033773704648,0.6747162058361068,Medium
3749.587136743869,114.05859598935203,46646.19080116457,4935.89127202403,25.85319253893609,0.7679809082090192,14.296996074081044,33.50289565657218,2.387254270857752,761.1659426381572,32.73531969637444,0.8232651977964724,2523.063734250487,1.73149814345822,8.19336575621935,3.8357373594390767,1740.5381116795259,0.6647598638869758,Medium
4146.256976163208,126.92345245589038,41228.069847657905,3740.607492390109,66.31151118391773,0.5587619590035434,15.75046200406097,31.757035920024062,1.3022366374491836,756.1170508079141,45.924341309147586,1.036314847784596,1672.5925311766764,1.689553029770133,193.57128068064713,8.324503324745194,1529.8798696101176,0.7935345957286742,High
6611.262841965332,105.56394535456825,28763.657686367686,6988.2247919523925,40.80746075618413,0.48020121102779123,24.903188204002426,62.40275348155352,4.659935413029181,846.7052141039783,32.494353119669825,1.4947685658344403,4560.080022975724,2.011542215526532,9.224363589220758,30.09736659004347,249.89524650127362,0.8939982239435101,High
6600.182682730372,117.06936282386982,33194.49441347126,18828.525271271323,89.03519505957465,0.4582784604126078,12.982185991148521,82.59080154990474,3.9304344276228913,939.3794102533947,2.626627819168024,0.25088706458295396,4635.132377282686,4.294667662914842,-127.02932580435453,24.07553636174806,1817.745133953513,0.824213103205911,High
6205.738164426486,66.38389945203961,45020.93686261771,7189.020895505475,4.92704840336356,0.12380221233790073,17.308015094184796,77.32821733927477,2.6661012444853354,870.6910101283723,49.84136666433404,0.45100228459591024,4412.7293772467865,0.6227944279275452,-191.16250115809007,22.083191504508207,7122.7598948807645,0.5670692805877522,Medium
6469.742222335501,82.89524227576624,20576.420444759806,19768.41948111539,31.951373952262202,0.40200148152699144,12.304884032307438,29.93602319806529,3.5602746273807644,967.9619765652526,5.8486627826402104,0.7655114915786597,3470.744879228709,1.5358157549206597,-58.11849675031638,10.729715890638966,1221.2382504986756,0.6927012521719681,Medium
5713.622216737981,92.56677838846248,17012.94058703109,9961.993887424445,43.37101503989797,0.9784181417720448,12.8557129265741,28.304497308668093,4.537772024609848,890.9633465730172,34.44944827080798,0.7271928261878341,2263.967860535327,4.572132891549201,167.29122227864275,13.957227214627519,331.8970457014085,0.7001419214809395,High
4258.995294534764,102.52440195058622,1529.7430981246207,3993.696406657942,45.28201992734878,0.8862000186043799,18.912815068908163,96.75019536016192,1.1127836406270704,906.8020346897813,13.388973950664711,0.7895786943343713,1490.059760078156,3.3795339623746337,198.62164327035237,38.66951550479035,135.4096112398873,0.7981995284356881,High
4728.479967519597,64.10838709521454,41501.002635381745,17877.231789973433,28.43422401470731,0.39644026033079593,23.75773952189767,5.782442951236212,1.6266787281813997,900.282168918101,20.207074532441048,1.589107316634246,3176.028381037113,1.5208119297547538,178.14718992480107,10.384383842446042,2196.2973709301373,0.7639337150973162,High
3907.9885840071283,72.60216877979859,40248.05431976488,9476.929776129124,65.63162241878112,0.6290158645597349,15.847179009846428,88.5734506407205,2.9421556126549024,834.8377579551224,32.65077505524597,0.6550672618947245,2904.1462617965694,1.4861523570466115,91.76799730170274,36.16417150694845,190.77420262522506,0.8514883967125106,High
7542.252806668142,84.91328770121751,6118.271386907418,14338.591198338227,78.72723661400772,0.8625670709819445,20.367998578975595,23.97420931662847,4.095546671085614,906.8016466600249,22.387880116077646,1.0087773790013026,4717.0695613129155,4.3817814579174375,23.25709137626211,23.640728673851726,139.1196163602585,0.7834713300268575,High
5916.958973830602,147.43794218109457,29266.011675502312,19682.375872578457,84.48473717800768,0.4971469030750618,6.784131176339276,94.99201069352794,0.6631470294868732,720.9123239406883,13.276756887625284,1.251574995387214,2201.582273640643,4.521908787246709,36.274458552900825,5.808562188478664,241.37734592682716,0.5613815440190848,Medium
5004.257083818199,89.82123063927457,23735.103210177484,1478.419331239493,72.45840391195736,0.11616207737513587,9.22316074863854,37.51919205861437,4.928081675883623,957.955441574699,17.387863157037913,0.4720353148653742,3840.5082127107326,1.6525899093295187,15.596803636784358,19.22518274804765,1033.0393766329598,0.7970431100977753,High
5310.029018220664,103.38369523008743,6816.745679946462,2385.543915857559,76.55221775759395,0.16705941563677607,15.042632818390649,46.83341851985897,2.5470797129707874,933.3436430331752,17.73585772923564,1.4402038204236023,4219.088905058351,2.392296611344395,82.81972196919531,37.99339997707416,718.3073132549823,0.8497826954603607,High
7736.416698059076,77.64879414645537,49047.84312597545,14548.906458523745,49.54907705579959,0.559353449213836,5.400234472575496,72.1764583247162,2.1165401327977538,773.5689874695037,48.00687132090247,1.0987515262791792,3997.323766658804,4.2556808238274275,-32.45070932185902,17.324058327356987,214.53340489570311,0.8259568585090347,High
3766.757015580401,114.97020639681915,11520.098485704417,5995.587564261704,74.32994037841331,0.9724954381082905,10.057099575251176,60.82855988995973,1.8172599702789733,930.4097362762247,40.1320377802491,0.8990945144324424,2250.30827038243,3.9695334737444843,67.68160198230618,34.67207602678513,123.39389502271126,0.864830561060648,High
5931.149160083986,85.2614893964377,4294.474824437496,4093.8772405269315,27.3153518233157,0.723888587996981,15.348025796499323,35.20423632214816,1.2846051844289224,703.7927804200056,23.468889802490605,1.6214702132092444,4084.273889825772,4.16262247954738,-151.3551540171196,11.0007190914166,165.77136591149088,0.9230192575990246,High
5529.44339442233,78.6293320594584,30147.52159559357,1267.5566564847252,35.863088589829296,0.1638245722947126,5.299223965126014,57.61393700744323,4.062082590185126,765.1739717442641,10.791225096726842,0.4945555657785122,3694.7458484828317,2.8327918585458596,-93.72187737540649,23.265963920214546,732.4908487117898,0.815633250255055,High
6057.271177173239,106.49153656013812,37204.4671795186,926.0108837309352,28.52217124366899,0.2704247882126765,10.290925724520834,74.41715401447419,4.799363741357435,719.5411716012687,40.739789402870144,1.7675201815225032,4748.2560848199255,4.601970717373279,134.4012155234518,33.910230269876976,443.74630296696614,0.9210729397273865,High
3090.5509191042024,60.495521924437874,2589.728856312161,15602.469260835922,42.06486019031329,0.794190828895165,15.28061638951739,9.021819860736748,2.361401396804292,934.0680749853684,8.701941108810303,1.1264869833797404,1104.6912970928022,1.9667819477949586,161.49957229735645,36.90684920561812,151.09718676421565,0.8620797662482991,High
7360.619544720757,60.68976293843028,33277.164297624084,3121.451833706225,25.70216546147727,0.8572957839606202,16.46298495962491,6.063933999291891,4.785893126390553,926.7622453535162,11.312648639958168,1.2222580099655198,4345.433263334267,1.205024604563831,15.603295024119888,19.947111318900728,139.9750264087525,0.8970977416310199,High
7660.591412418062,79.7161928191672,27082.301921621267,9620.552011437443,86.54502980290022,0.6559251275697318,23.515033861106108,48.51635921192467,4.207089269457654,944.0908071405493,18.934656200167407,1.751367338696196,4948.479369490383,3.6892954965418916,-187.34575311482703,25.947835983671734,182.94770996898993,0.8310823589329077,High
5825.665917946045,63.3049226250739,6059.985434877372,12314.987895999919,28.156016520510132,0.679980852666835,17.906912465012155,17.524478691333847,2.6647300736434323,701.3445079976586,44.137061596747515,1.6369895488201787,4340.407802087609,2.9270948720310335,170.78942831670724,1.116225100510907,2837.667604012399,0.7788038108024167,High
6483.254119384461,69.72231787176223,9453.66997037174,8852.860111092501,8.824008429984584,0.12550370534504618,13.294716050599876,68.11270768914787,3.5331178060675974,850.3698180035224,7.457546763071402,1.2071085169555817,4778.513658163997,4.345635959642665,80.82570321091458,10.875708993022196,956.147068886015,0.7685333734981855,High
7612.496905886478,90.49745844048765,28830.740568487945,1028.5797205565455,47.41354494453721,0.8456772336233577,23.607023542661356,25.334983341606247,2.4574288062670835,911.450859255201,6.989475449871778,1.5088435306578665,6006.25927298741,0.8652166210612173,-34.38883049785568,11.869772046130885,808.4495437195111,0.7930719098612072,High
6536.1931715669925,132.23271116218314,15521.523062151131,15778.279300464223,5.138917060065873,0.8094476873537466,20.697659667755886,46.12085514558874,3.0142553369564857,746.6203386217046,25.204774426958032,0.8723057855634647,3634.3797984371176,4.2966158154713,39.35157727979853,4.646227454522801,2467.5682697984244,0.7281016834053091,High
3762.6952145713067,111.48437790323707,46977.470703914485,705.007878562243,9.948884967772248,0.33313162969301247,9.000178422254951,23.778739003055552,0.7612085165832672,894.9372182537874,14.54411651359006,1.099281729464495,2691.758533377011,1.8198259394396998,-28.09006622345356,11.90810552092209,360.2179718286805,0.7789466935764937,High
5881.441800834065,106.14009533607748,41118.27124471849,15356.852940360937,19.745045027662165,0.7378090479689563,7.616847226976395,57.10594064616683,3.633185638852399,725.2330297929058,28.867669140759833,0.13351957204993717,3020.9487897061426,3.4468505022568237,-13.86430930717961,13.523759289267426,945.1487248898396,0.7038407907897476,High
6033.575231914279,86.41399408873095,49194.79311916949,17919.437628868392,41.791522489392754,0.2933691457824983,18.51623271485466,16.025078641534044,0.7377109001786152,754.3977568312939,23.130197549477952,0.1888172568200932,3084.1038463371983,0.680579550852151,154.7239462637607,38.781875543159536,4578.618653546816,0.7298378926124802,High
5120.65335651193,143.85783474895348,13723.871108570285,8940.37846061486,38.99258390781251,0.1362971449463617,16.197663311539678,7.195151014810625,4.176882261138423,842.7390444983803,22.312996211209622,1.6605565543308007,2184.8505834059556,3.243115833366203,-135.5663012331554,27.07549284187267,880.4293006080555,0.9223171884063978,High
6682.221178123615,95.73135371134725,48516.458007100875,10943.078225407065,71.97226758025121,0.2810228883313396,20.793472275855116,9.857505620136234,4.212261182572508,896.0695458043306,6.486675553862671,0.12874659480816836,4738.487617462238,3.727722601343012,-158.5323458071053,17.614198097237427,7910.688425655883,0.5430644533677109,Medium
7671.8350738450745,67.83834901161943,22130.459619786336,9801.176156044248,66.5527188495702,0.26076598907886955,19.77610100157373,95.65455194395444,1.5668477940029657,743.7607380861689,7.9114348222421675,0.3471042600088885,6083.055974706733,2.1593759652752915,-198.9085021947937,39.53412396712486,2785.779623293241,0.7994096722121938,High
7627.842564533882,115.53598645060211,18028.420970373976,8089.568063157057,38.368646459163116,0.4039731970613625,17.5042306771503,18.5171907680389,1.9564825146611011,755.5669992492814,41.232850294895655,1.5937069913113786,3266.019942636862,1.469348173679631,-74.39984975514933,6.976060489149837,1897.0865444256826,0.7944480941715649,High
5254.196857020661,70.24545541289413,3467.126821498309,17804.778439722024,30.033378681806692,0.47660454745791225,24.727643432577842,72.30543404799934,2.6658967035123196,761.3339101196989,44.408254141015476,0.012280441750230011,1723.7222637861466,2.9193380447159525,-141.03449340622905,19.5659965632889,6165.454647574782,0.12296172171063938,Low
3566.190229203776,91.0700828521523,3585.4976351205282,17931.703458064814,28.48219056553487,0.5576850023479372,15.671794602208173,11.452989401168495,3.1849830811961666,771.6102414096936,12.499493111377262,0.57198461440327,2524.046804673481,4.249358619960409,-112.00580194475553,26.235426074912926,215.1752324247238,0.7493567615783491,High
7924.205994811673,105.66707448460281,34908.55154138608,7048.4191105099235,69.65955785646081,0.5290784879574953,7.262115130034397,15.275233462342307,1.7930914778389853,767.9661545578874,6.559564574713684,1.1722369290749775,4834.677148672638,1.9559631123349286,-195.50440693384922,3.167644744879004,804.9206450855474,0.7162544164960052,High
7194.490432229671,138.68002722166582,23438.52072726737,12493.860203286611,4.686516559914277,0.34360714536876047,21.565471296319767,53.34324388388679,3.166188820843663,818.544732549291,3.6174169247910197,1.1949453636239002,5610.619048862147,1.636111838845758,-109.12183412491872,28.962955465241635,349.23604359628655,0.858338155651806,High
3623.3134060163343,104.41919223061069,12099.55967576918,18574.69746184435,1.1539484559545243,0.12625360171666702,10.03706724691418,49.16273836466265,1.8400418295318448,896.1368952510169,30.806583073352947,1.5565342873766523,1543.9648938072064,1.7552088888695945,-66.91536722705044,4.894826763957606,2298.3279923896644,0.6905939931787229,Medium
7604.209413086862,123.20328894284978,31084.5450099364,19260.140729356353,71.59899527339833,0.6445914600134356,20.546042962878367,95.4001293967876,0.749708244819773,831.4095349403409,36.052307412510075,1.0167932464394192,2551.3174167074862,4.77109468812499,-187.37300143604747,6.471010035387401,2600.0400925504614,0.775016639366095,High
7349.481810310642,149.35351550991635,13390.047794255448,10424.701288229928,42.943173839014435,0.4561703468626189,24.142141920001027,94.75936803697005,0.5113739742435903,932.7921726249665,19.26768947095707,1.023709720366631,4014.4422625264924,2.1167461209405185,43.16164971885908,7.227890986021279,4404.375630729809,0.7039458646308059,High
5594.19028563036,71.83402079081834,29303.955962876706,9330.083703044373,11.779302469821838,0.36880494164879474,18.935910279286823,79.06282104153418,0.9551797606329286,915.7805517845844,34.30411750704134,1.4533680453259938,1917.3136834006527,0.5162190794972923,27.520139553503185,37.2267032395652,325.3752497553937,0.9413129170541665,High
5956.377178724646,84.72583729675677,18601.228602151827,5934.539160606253,21.200934113505113,0.880246938547461,16.92060321899602,62.19967386209822,4.065128150738082,737.9580742147227,35.93498196241678,1.002262681899904,2566.573147710627,4.017565435818289,-161.18568859603,27.646186260388543,136.32538182753345,0.8443585851891241,High
4995.013519350651,95.51184680378817,41354.05910397913,19198.001527212997,83.92535577876443,0.7720689770183438,14.207723513500811,48.22123015233605,4.826440905725017,714.6524869962232,46.831771788448364,1.2208972622615974,1813.1346147705056,3.646736579009256,38.003911007360415,26.56167254302106,155.42652738545263,0.8244666745679619,High
3273.808194110157,97.96453606849482,41214.111877572184,3284.8789372209135,77.35526780624082,0.871988993535198,12.288197319908065,38.836960761200004,2.4213478967654867,963.3824691998818,4.178808253920256,1.7965703958275516,1349.0253414005147,1.07855719071336,199.46156744355108,22.664246362134694,137.61641590623606,0.8966653107037558,High
4675.986208229505,96.99189677389913,24390.169507997663,11806.676732930637,63.88065452015753,0.5454845152412149,12.060095019436725,94.97331696267777,2.8070777905247426,723.949319968862,10.42229443832291,0.8088875051486202,1650.96132880392,4.932069121107106,177.78758112461628,12.41943394910901,443.09307136094026,0.7931219910192668,High
7014.267242990058,141.68499023008994,18190.136357415762,6009.730216613458,43.40027073035939,0.21783812691409973,17.72745411419181,62.276337085345126,1.1608167608304176,744.5017542159139,4.357773392252419,0.7763988911292522,5449.755975234267,3.2362802838730005,-198.93160265293469,25.214698479374707,550.8677553370612,0.8130386923539688,High
3023.1601150230144,124.26293800201708,18765.430031395634,5940.661661782034,46.829126357224716,0.7265992925091451,20.02546233875492,60.011890130169476,2.9796410870607066,706.6399826674354,43.531702733469416,0.017062493810894912,1328.017876923817,2.7535077092327067,118.15132453214386,16.995839075656953,3259.370793752954,0.2683130039764361,Low
4667.495858455721,114.71146926816334,40480.01175774268,8396.887453835676,87.77200817555628,0.28546640194345774,18.570341389688288,27.030606568046913,1.1509470590313957,888.5009095895962,39.83677084164486,1.2307182604272515,2436.193829636112,2.2199867043030097,-58.557889505405626,6.6712298536119805,4354.951862135815,0.5077416603903128,Medium
4990.843467954716,87.84354460765039,17080.794657082988,19976.462248405263,86.91933994958585,0.49710670218254516,8.968202023871255,9.43629269908574,3.2504644903947355,874.7111689475046,29.157461460470113,0.06924609574019264,3739.668475565534,4.544027400036371,-174.53945186614902,27.89429432278159,1698.6206826896132,0.8448389993006844,High
5686.978014689615,134.14113457991652,11243.909311635454,1571.8429833765304,19.374214120725085,0.15850071005399965,14.879743602869823,94.79291507715672,4.699664004113842,996.0710999305767,5.099507092507975,1.0132554945593495,3632.0498942126655,1.5978356663835347,-81.60671451351678,6.053704549266986,6621.39181804789,0.470579231732204,Medium
7599.278082063803,145.95544603364903,5149.728751890035,11781.565454968862,72.99941096747864,0.8427775621806842,20.83280144366126,34.80484959024212,1.3806434268636782,966.0797188951516,14.39230557403226,1.610425240174131,4628.1027645826525,1.7859600509895583,-71.30539347481508,8.436074659825756,1031.8927615584635,0.719833724289168,High
4731.729971829806,133.9078454295204,23867.96292333601,2110.157081687905,17.751839955031514,0.21334657694275053,14.514081563781126,47.04595721582358,3.940536731256959,823.2529532442729,15.588272554867329,1.1043429303341297,3088.786238974058,1.050848630089551,9.297695723622724,32.89027316205663,562.4650824943905,0.9178948648546,High
4734.766009481138,60.14085946723256,24624.47284707225,3513.15618481512,19.218373009555624,0.9127877563443787,15.732465594709877,15.890794640642149,0.6057609026824582,811.4757522737605,28.47641660475544,0.5465759687811852,3382.5695282663405,3.91603593012917,64.43350690754187,26.744566748881006,146.52187519745954,0.7826395786401024,High
6687.506240548742,117.27612331650664,42204.52680974245,9071.477364571525,60.84837307481191,0.8778075420354015,20.422720963416445,84.50781134138273,2.1897375859472943,789.0556102839955,13.644150807799058,1.574475158684249,4940.961225112871,3.17997176182634,99.62224488336318,25.608655014332054,136.7042253040479,0.8703386998927314,High
5261.089704449036,64.60218432978907,11840.696125857135,10453.972561255605,36.45009887287936,0.5181244879953215,18.22530612530183,7.62502412131341,0.9983682852372907,745.7220760113644,4.575033331734787,0.5467368381242523,3268.8193888378555,3.2407977616452426,-101.63878297469333,17.309908589366238,2029.1667283661009,0.7139365532561703,High
4123.02411469991,83.18464983003497,19668.572409751596,5546.451963108218,83.83899663958682,0.7699313838735916,13.186898417647852,84.22912239941417,2.0861394871806476,741.4250969806027,36.80735279081167,1.4687332440823384,3071.667962320946,1.4831169395875863,-71.29177190060122,16.454940211335476,155.85804464323766,0.9227337566807032,High
5262.197580663467,65.35722303129945,40611.88120579086,6670.9140520511155,8.010876140640795,0.6575005664363379,22.908254223884377,18.327076214856845,1.2809161383749759,739.6851124028816,15.654930371115155,1.2244143258285602,2987.3430609548136,3.4302577510718772,-76.64731725610592,27.920241758230645,182.50934847159397,0.8797721553042434,High
3704.2851018989995,114.34159076544489,41357.556926699704,2195.856894990695,46.037307672854375,0.8227680781039703,8.251341373269572,89.22359069995944,2.179872455552993,734.2344271560336,23.16633467414173,0.3482926305285224,1624.8677244536686,3.944563012610888,-54.905252751649414,29.860216005752783,145.8491198109366,0.8116179041638705,High
3881.934932531117,121.79309221433462,19845.94272295964,6412.785784962885,82.66693773988091,0.4886245907073209,24.910328971806493,74.32840054693496,2.3788526274838864,772.153612721661,7.255665114132962,1.8112164109399296,2872.780739520942,2.1104983882656017,199.86252358253552,20.898314892208113,245.58731239107502,0.893743996734147,High
5491.838863697399,70.30388742593146,23497.077141047364,19347.88956792061,81.37022944315547,0.807227635819915,7.377051569524744,20.643674938193982,1.8526600525141328,792.0005890939349,40.3248668663344,0.40928092908481944,3134.392417720873,4.106062147827705,111.17732113097031,38.80150052959252,148.6569521100624,0.8484380762287044,High
5094.62724752274,94.54549947404816,15861.008651614864,18921.793942613393,14.08762920741671,0.5162111353586332,5.298999422084778,58.75270932164947,3.454798772629081,988.4736913116748,28.711061969278823,1.979278277539933,3836.604796069099,2.0695576483940945,189.99618610747882,38.272282797836006,232.46302100134093,1.0,High
7574.2295053405005,101.06128580599878,46695.18904254629,7030.126657671208,32.99739300868108,0.9468692090585145,22.800378022975295,34.70234986374585,4.634834230665094,873.5419753005657,45.17769568428328,0.02454787242333214,2424.38897239691,3.9116230767917943,77.2444238188229,17.084750110497588,2836.4192489645347,0.6585391738681914,Medium
4811.969495583166,93.21477195848249,6813.544521337435,11631.651757435851,55.72092600420266,0.5377348907426328,9.899070167319122,21.932144396600428,2.3026791834737255,996.2787323539843,25.278106590201336,0.5343319205143771,2400.0076838900704,0.6517854835597354,-37.49171934108628,33.00426791704299,223.15829243342444,0.7456076543606162,High
5902.941751390217,70.89225004366737,46753.72172707203,18237.110126663414,14.345539629426195,0.5163573447403565,19.593992548934416,86.6223089440553,1.3655442041375965,811.740084347702,47.12985791907611,0.4077219915756557,4568.301432951558,2.980240706631437,-44.102326549210034,22.187445822338198,2451.251961312371,0.7951114434367597,High
6161.321439597652,97.70530111687279,34509.45613993182,620.5845414974851,87.12199548411648,0.8065646754071615,21.220307498641386,43.33466281818679,1.7182524118819251,837.2879897768323,44.701542014684975,0.03784688623922063,2617.483666333932,4.86286952287949,-4.567542009981963,20.958479614729804,3039.12555475166,0.7176488561612231,High
3065.4722829416683,127.60602430275763,27047.03548164983,16308.329621583041,82.32743958548943,0.8394199225847542,22.179727820642338,42.86165286471134,4.34300370573366,797.3735977495837,29.24653296650246,1.467412121293158,2362.7683176904734,4.9156007030707585,-33.25208665422505,3.1435983937674217,2511.2732677192294,0.7606430323257981,High
6317.686860083553,66.390689807993,2600.293978440298,18993.20627938392,15.025516113102226,0.5990402028890537,24.831884713283333,21.1392341066289,3.0723787547156656,754.8662952689658,46.76077846934331,1.3899173461781966,4908.534580263878,1.7678866025378328,131.3304984370983,23.385013708264097,200.32044497391573,0.8794544652365294,High
3890.179834348757,67.2162012673713,24304.213399278407,2280.8518195043625,10.903991513488688,0.26181803214556787,10.880794200799981,41.391239228148976,2.5475496453813076,742.9494123332737,16.83134861743306,1.5867784190663117,2882.9000712182215,2.4862959098615995,-13.999194789322843,36.12253929196342,458.3335953471736,0.9207533273517395,High
7805.351587347276,91.92941626523859,20979.657145133882,3648.2298776419602,7.686763452743877,0.5209824078618216,19.204866838545183,87.80360040124077,1.17336524679017,983.5237593423496,18.916465972506355,0.5208301074644849,4541.41911145714,0.7834005859398487,-81.75425591566162,31.425220118608593,653.6111832385252,0.8102437404822045,High
3743.313638765565,144.75531404570324,8899.721786781005,19234.55290404143,81.8499297632968,0.9712652526187106,7.307997165616564,39.497227496515414,2.5237728874570187,996.0432045396267,3.22841961399581,0.8942269824951102,2333.842723229187,4.430035884220699,109.94410747866073,31.66636864327122,123.55018330621613,0.8411695287728715,High
5073.120618635119,120.17153820506226,33164.07057153219,10982.032800986754,17.42614288159147,0.7776875737352666,13.136185827136988,95.40233843747987,1.75321401510824,713.4728489526194,29.8708444314288,1.3216359080268794,3727.772148166344,3.0585746891309635,141.76816375255783,7.237232504477229,551.048970577419,0.7387753404715282,High
3426.748340393219,121.08029610053083,48586.394461046,776.8343721986122,37.46564356899192,0.830046343491219,21.959433866251807,94.8993454247968,4.744234075340072,745.10376241953,36.37427452651774,0.8851393227374057,2357.426521814505,2.2329530552323265,-31.828417543819455,14.979528438208982,1257.828208425354,0.8228695678779137,High
7984.371259229737,92.57279917540785,28547.25174216173,5523.8239758888185,40.39662290868027,0.12954294893731613,12.353160921182166,18.765372634197874,4.478315492370791,827.0572276903068,38.902440321863054,1.3976782829326524,4910.762988873529,1.0074675132011888,67.12342876221282,10.094991749359195,926.3337061908802,0.7196298556691713,High
5510.975051656213,113.42947120876846,36022.910545753344,9273.901648242763,53.91099397922108,0.521073516370744,16.82190761071228,21.844569084651262,0.877561438226891,755.9000429033222,8.340998016259062,1.2716070827964798,4359.896061011887,4.760452784736001,-176.4781864446781,13.320696015769801,230.29379968453426,0.9118082969491452,High
5976.9250866002185,60.911806562496906,4354.072175734822,14011.72376498297,6.456180937268247,0.6819590202917998,15.075468874492682,86.95403668152947,2.824940701675593,809.1641180880649,22.763794543312514,0.23814912801413118,3842.1964704793213,2.885985715194472,11.785940788586657,23.60203439625529,1663.6773792570903,0.7856931869298557,High
3335.3823869421376,117.24864417685879,21465.682795032742,14796.627373667592,20.408275566046434,0.8470294152652672,17.919030622240903,42.31228729784832,1.5127625548160244,738.72890495789,9.666297392601866,1.5642758109431665,2627.417444277384,1.7731756808730674,-182.0075449017968,15.226568721439667,141.67158523345873,0.7436616479663974,High
6749.802351995889,142.1958252818613,6701.565773060298,19910.719502046395,83.83413482270335,0.14434628822449433,24.457887787753897,5.4155283168858865,2.3484969028593077,836.953527016537,33.44424009385819,1.4441459545941113,2218.6211360389652,2.075968085591793,-188.32366380221276,22.867214881106378,831.3341581279195,0.8475423531616262,High
4049.527965477929,115.13161215103372,31026.99594128901,6106.468387983301,81.75690965417125,0.8671949970776858,6.114710530028042,31.017822872010246,4.445815992131553,781.5083848507778,8.739372248666637,1.3151104313586366,1496.2203433502636,1.7181373141496645,45.169940209095614,18.101548682708504,138.3771820690636,0.8135914907542283,High
7490.271447203569,138.63287341197105,46985.62575249357,10995.291986435268,70.3161582665123,0.5935608430677205,16.479230350032594,61.774754353578196,2.8738153394984516,805.5715167275982,45.304020513847675,0.31863627647929466,3937.8560860535445,3.208144139856413,-78.66584704200514,12.178006779539377,2547.110530353458,0.7123307989122024,High
4025.698202410036,125.15757499194844,33427.108891110285,10899.809183262298,1.7461121056393891,0.27758257351845395,22.260575585005697,80.93026676619697,2.0039688201684194,728.2937954388243,12.301097637409253,0.5433129331027737,1982.4137376362764,4.684836091012294,97.01486498218617,4.720733934001187,8514.543057343473,0.06726332816562408,Low
3953.4386033183328,70.85025747633212,4763.349367406655,8410.082559221131,29.43060916464919,0.38552969480473,14.62765423496855,17.671918623859657,1.4354975934724867,828.4384152130425,15.278711048123997,0.7924222928593249,2733.278649987062,4.355122114969539,158.43302425303688,35.78169983644652,311.26007053952037,0.859751995636576,High
3182.7483392404743,141.22079765572576,18378.64404426906,3798.6569299271937,56.516286180861705,0.35373659657640466,6.570543718831456,15.501429619589858,4.101461867329201,994.977283288471,42.69440978539899,0.5670599470963225,1210.4215147739342,2.571713939416899,-144.2435305078597,1.443561274181298,1951.2681451905787,0.519329894741806,Medium
5360.334725549996,65.97994599201974,27982.505592601727,19560.40298208493,24.767119059612813,0.5777731308596282,16.21078704833542,92.5988020893715,3.310331069139562,798.6499140643571,23.464912897140465,0.4633424784455016,4224.198859681626,4.219247130354535,89.80913543156953,1.0644470375368753,3264.4474476832834,0.6145619196461938,Medium
5824.2056663130825,108.05707252929875,20757.180050529358,17139.68513999843,81.86280255483996,0.14651711192001865,11.641477816476408,76.35909494314535,2.6062945719180406,962.9287824527305,2.1758013442035784,1.6126617636219338,2664.7659278721776,2.403974665743484,5.807999315337298,33.245111850778294,819.0169627797883,0.8836541240418636,High
3328.543197141762,72.79234114141119,41848.556513283445,10217.494051737625,57.05005156491977,0.2426825426499312,8.098835706758718,61.02906207391745,1.478679592383401,952.9597424871056,25.23472630892964,1.2800821702568028,1712.408503888193,1.6353821334138712,-155.15229993492045,39.875626672705806,494.47314458502115,0.973326582724246,High
6877.638083475053,61.053594965781365,40918.87923078947,12263.285742338581,6.471604558480104,0.8314237390382042,21.98069026566946,78.07274504961316,2.004108683707091,985.6175254891632,5.142623433626029,1.1352895417849982,3008.0898742200607,4.925368018698926,60.6370425922899,29.35701028083259,144.3307357795878,0.775484878580533,High
5266.444173740138,97.98308341148751,30979.71998505785,4931.590544413415,81.81050299521327,0.21934359167212997,15.431990259822433,45.74116432413065,4.819295420323334,937.0328536801284,49.28189121567822,0.45964589459797517,3105.5263255952436,1.8674940558686983,43.786721242589124,1.5956796844525047,8041.379754048074,0.22344210775720924,Low
5621.9513466379,86.55366368887405,19299.439311502556,11103.847872639064,86.19899923586003,0.3100566425123143,23.665528247581335,77.05329599436702,2.8404047192262545,897.8790481176445,29.817466952324516,1.8369723589145963,1851.389254637558,1.9567590394410876,6.2567469603130235,9.840918840072021,2162.7141312382123,0.8561937941202026,High
5203.813734691141,103.74004444178428,13511.482314398963,14051.91759586878,6.994117655255295,0.5080335450437417,21.12033009206138,40.3212841710809,2.3031467655946383,956.9753332682374,13.570098262937945,0.3904542478036594,1950.5910500382477,4.95361790503935,170.58848182386322,38.90108531021649,1400.986878849696,0.8225429707024238,High
5003.81530437663,111.94798980610958,6187.841592443337,10545.757053538482,47.91242113751834,0.5654087993019974,18.859435875473345,28.188984386797223,2.8463991905674577,722.6934041972049,28.62216629783327,1.5919523563211075,3367.0615724807667,1.102673719245447,8.431878441606614,32.53556583477956,212.2358197257297,0.9244917067922584,High
5798.2016565410895,63.936516507805266,18389.986490841147,19810.560826406356,27.30278539927534,0.7872494316527427,5.100510067306239,74.25627502283203,4.005448276548239,838.8491971596424,4.766488065705987,1.9336786067435332,2280.1444927841335,3.922402946043628,196.20604618008502,23.105193908383733,152.4294526933774,0.967068580201141,High
3776.2012296535627,71.07029656113711,21245.45334317826,12421.16229683066,35.35551688332621,0.502599183999569,13.556469132764999,44.86886775494049,2.0304902142629095,996.7768715845177,40.19467390917204,1.4569145311562297,1577.5353496807961,4.711157413172269,3.6915255392444237,10.237567668174,238.7588436675673,0.7616367159202901,High
3909.6406524763556,110.27781568053828,34115.32333009961,7733.987395547297,16.16860961598077,0.8108781589319849,8.949725633040646,98.23082491098852,1.3041775441967398,930.8800453884197,46.34107463934402,1.9857889626174132,2723.0299884836136,2.803077474239384,-153.65918467945295,1.5604380311432102,865.8797797668323,0.7762984649710428,High
7308.928105067586,90.88506178553924,33249.8313905811,15556.964538508844,52.02648918111713,0.6565116763409117,23.215958220977356,38.20109231926959,3.132212532525715,988.6226134111669,43.84777502210182,1.305591722786114,2533.644233885903,0.5113479276626902,-11.81149956998783,1.8135974328589513,3810.7118899151947,0.6180855944863104,Medium
7730.577310668164,125.62561387945031,4435.298842421591,3824.01897584202,86.21814179240016,0.20178976548144023,8.491679693527205,92.56410495045127,3.4934184656648024,933.8903068400438,17.746122512629576,0.44274608377175106,4010.135797362213,2.187765248508978,-127.0684949779715,24.86725367767884,594.6783262951811,0.8268771567267333,High
4866.546581398765,118.70624837327458,20367.706456126733,7998.058367272198,45.276534024444814,0.24069829455355474,10.72120103318571,93.63144211387255,3.707231013313473,962.4645902326433,16.962637862525057,0.4156007924958575,1516.0834979930453,1.0020604657317218,38.853394086970894,1.8514431777445015,4961.434296680392,0.19054009874723654,Low
4353.723365717769,136.10439266909162,9907.164493650735,7265.6995323629235,7.462312325503304,0.49333035290479377,15.336735354689983,27.976029971150883,4.4689441584475835,911.9588896909573,2.7192929495987,0.6558829256683979,2061.068748622416,2.3728444742016306,77.25287007744043,39.751575535089536,243.24471278408936,0.7945516585191065,High
6219.997716195079,122.32435440023028,8683.822560523478,8920.238354601657,55.80012001296675,0.45720045378013563,10.267272379961586,80.83101225086126,2.1702835431010086,928.1506013251719,32.91861757634492,0.02418874023980206,4039.830678809387,4.055120427390281,-12.625888517162537,8.151969506255785,2643.064701412027,0.6934702675193348,Medium
5043.670855490482,98.69379696511334,41537.80533712505,15744.706605610163,30.620069500613134,0.7691898426735652,9.197293545582424,46.14207798873369,0.8390970330300132,856.9534029518502,27.21033442529995,1.3665799554648408,1740.32689959409,2.474201969977102,-160.9188129267407,28.717587112901814,156.00830034741702,0.9211913464283573,High
3126.931778301724,120.56699601549892,3053.845619096619,9941.374127186446,77.0332670632168,0.6226634258176167,16.98198650205505,92.16484908688307,4.81256862633924,977.2713102442399,23.507972195039727,0.5446488914093769,2326.9604206106706,2.4436630460566513,-12.543440566578823,7.047329135084123,2533.0538373553427,0.7583971489536312,High
3780.762986830952,84.78430568298766,21539.960919203946,15983.281780186273,39.12103334848232,0.4493197729020244,6.778590455100478,47.76180590034769,2.457553673468638,947.5116731870085,45.47391671340064,1.6322146322625781,2853.5290551035023,3.00555264613481,-167.41831410623985,22.063643422810866,267.07037445727184,0.8927950819466312,High
6579.8611442369875,87.56821489003914,9241.97913255939,11741.533611227385,17.355564804802103,0.2536842551053471,6.163355174418495,75.70885314704978,3.3046587935290908,953.1654896996897,9.226066153059469,0.7247535746130075,2319.369388173467,3.117607631364561,72.85038220261362,4.143840250182485,1494.8151066740152,0.6909652950675298,Medium
6294.619709550757,131.0086643928714,44087.180568245225,7170.35397582233,17.199506042203044,0.3041533920929457,12.444905903721429,49.361903870560795,3.4983739540773153,901.9027302889157,1.4736470678189344,0.9651134219919922,5006.5278733163295,4.353333389595371,116.14728994603502,30.904358556796485,394.5377665337016,0.9082939693117646,High
3135.4799625174173,100.1777564761424,28294.98515047672,16294.585501827713,69.18877626490443,0.6179509166221531,19.413289090157246,26.641071792721338,2.959311689155416,791.3739841261747,4.5925061539175065,1.9317209439551348,1407.0929652193809,1.8875994765302817,184.95213089081562,23.811922694268358,194.1901804368941,0.9471768974419437,High
4109.860809664748,131.85423064665173,12337.651182465554,5146.648575785286,23.90288384766239,0.4810949244098133,16.09613516547896,23.938262249745197,1.4236588838132154,710.6889386170418,11.945200453541077,0.4919225248640814,1405.7813240049745,4.197520689656072,-140.47915714861745,4.360501042655186,3479.838786497658,0.34934120728043905,Low
4155.373982940357,134.01801363014505,25618.937071152443,4875.468106096012,69.05100547433007,0.5634347579746048,13.457529369335576,45.41596345435283,3.8981437255226368,980.6965388228634,2.6309919139093907,1.4452956538851818,1257.1400727573587,3.0467018691142127,12.968134213321662,34.09486137880022,212.979405870109,0.9629392645306107,High
6359.463717993642,137.18061038951555,36842.83162545267,10337.807019069298,18.529857968993944,0.2536096917720103,16.315031284491646,76.77199241635041,4.1168838843683675,875.8361046416491,25.63934182151364,1.5126844007177802,3206.8323821880836,1.8523829737271613,27.014947014167433,22.333725976291376,473.16803692138643,0.8706144687744306,High
3098.5526887718206,142.49717122570866,47947.78243705226,5586.560296260734,28.951773183117847,0.6966156271101092,12.309029693065472,62.48179109217285,2.988390137078479,789.442891344442,16.390432306445323,0.449786333472034,1905.3155189440624,1.828067198027347,168.99061351239186,36.9421000905194,172.2614241340188,0.7709839147809919,High
3520.542909922869,98.78866984619665,11801.854208025528,677.1971815487183,41.893827519572945,0.8672848667703703,23.72292670864226,70.41978254055161,2.698525222631787,744.7405323542613,9.843667395338501,1.0069837048582693,1640.888524512164,2.1251188269757604,50.910656238605696,36.748311573446394,138.36284316462334,0.8553940694933531,High
6999.580426865947,88.6980136489025,44422.90683433791,13141.80178232663,84.88762647241056,0.3321455561082105,6.098097818215487,31.821003319534533,1.012721824075934,948.8569496502264,37.75411967248444,0.706901831372807,5028.209375157289,3.30211959178989,-141.79614174187157,36.899803789976716,361.2873867892573,0.7833914531857635,High
3892.723310271668,112.39788719347024,46780.901594207025,10466.329518711762,83.85582822784421,0.5423628032486439,18.467829580596703,50.73635786597252,0.8777824767490272,950.9560583342736,11.018114985393971,1.5460934243661775,2562.591969671017,1.5386527911197712,-25.459470414724308,4.033622807818251,2706.2634401455443,0.7572277555536528,High
6263.7305392593735,93.40551810938649,45904.606682071244,9187.597382616643,18.618468788005902,0.9779745961188115,22.82565329655501,9.217550172086064,2.0280418050358793,944.3523904391594,34.692649948695866,1.2487418048677845,2975.777902508819,4.641501027525203,61.90501140250018,5.717352708426414,1924.7317079958045,0.7997471407856707,High
4190.913905233632,114.09667501202097,32135.30348623358,19355.88603505715,32.239713711876554,0.3999175664956549,21.07769417470507,82.66557951602147,1.8988076998282697,893.5248075900358,18.11398038653431,0.9572062791724886,2795.988467838826,3.0871066288005515,80.11377282771895,39.52052657893172,300.06183787204003,0.8931397063878818,High
3497.2069637967256,123.50272763794422,31861.212067300676,11638.384087276818,13.445944960839508,0.6355417104313851,8.680820696428935,99.0397554127881,4.79145402933472,809.8046162775628,26.079560272465173,1.5609328974449592,2693.7022206861593,4.640070996482031,145.22959943622942,20.01643203454953,188.81530201778241,0.9072617133552471,High
4215.860954997271,121.95645166429232,20757.321026007317,17336.915766893,45.898657138214745,0.18117613018021994,10.918526979605767,43.65351094934373,4.026302340995434,791.221085434077,46.75948495271467,0.4779595843167499,1460.9981791611754,0.7088196136061962,-127.79715206224114,10.290348060336758,3974.1370955946886,0.24224493728619065,Low
6611.334659278296,93.70975983181091,37867.496232885605,3219.2796060006235,41.452429562519995,0.6454135022314988,19.340958774142095,6.041547047496618,3.4696593286657698,702.566431035451,2.8302301059748287,1.5097075423628745,2995.2782583496864,2.0417511670766304,180.61685870219935,31.01691505144766,185.92731572101206,0.8859007150058252,High
7278.482340531429,75.01741815288776,27033.406899195663,11599.52603102384,81.06841462056592,0.18066859597415613,6.685411183615311,21.13030075734,2.829416400579223,950.0822676064721,25.51296086639563,1.7320948810647205,3869.6995350449242,0.6026344730943038,-176.3442351937631,11.307123627286797,664.199549196505,0.8341263640014042,High
7151.099322834958,98.74764046159868,34194.46549018643,17425.602721252606,83.70048400119654,0.9633118917914398,21.237233996651682,66.99005338628979,1.2531538882699311,726.2298092480927,42.86672505605329,1.758456977647069,3925.918229533297,1.7251331679408641,193.5048538275608,29.36141183272705,124.5702466901347,0.9462575914810969,High
4985.917648092274,72.83347296737179,21994.437288590976,11870.562266958012,34.52106519065629,0.7440963868650803,19.378138892095805,63.147535229366625,4.9030550248292775,889.2264994122303,29.810738170147076,1.5695104501090116,2847.4467117058052,4.379029125208646,143.1068371465634,33.65414533614069,161.2694297650963,0.9321829416147853,High
6340.425682853231,140.10873316654275,36843.326738113814,14501.27647347653,44.25641487170905,0.8093438093221358,19.59213298470685,79.84714836062668,2.187683142080945,851.2224840520265,14.566655331292676,0.8219481923265548,2855.178984443152,0.6647437212899039,64.10911310486853,31.586271714515945,148.26826203873202,0.8476603892478308,High
4024.921477079105,91.12897146640717,41399.10436262291,7754.849572338044,80.66126242315198,0.7336939246944731,7.004827405351827,29.118981041301474,0.9811652110126017,858.0068076779054,20.48637562210668,1.9637979652084756,2550.31028307501,2.462661949620852,93.99820010576866,11.687864519719481,163.55594064646334,0.8163666137401097,High
4465.738651305066,73.90137725009915,8175.376573537989,2302.765582222799,72.60370269705552,0.6307561324688192,19.355210896324618,77.54503197697774,2.7220950307208573,978.013853592332,34.33301580770015,0.7653913512066554,2780.1109957770695,1.029051817129525,-170.92319763248142,16.663124389090246,1255.9021019415475,0.7382059221308794,High
7481.679092605599,62.29029839151758,41813.55606313717,9429.055754977893,0.3290680210184349,0.5049215029769548,18.5963625043994,70.35848204474863,4.432991052258874,709.4845033813726,44.64978282137635,1.2808645442138271,4406.041269146784,2.375782966671655,-183.40805484221906,17.11678912609778,237.66070427283216,0.9265934398596039,High
3065.00961755368,118.12401476578358,27474.530057725053,8192.348121357722,28.805360776522424,0.8725360417849561,21.61844981643701,35.66737728281511,4.492809507997983,932.0176673886317,3.0122523135839683,0.33053761435824264,1093.8432708427551,4.274832129189698,-159.2936813794538,20.159643806074403,2056.7534447111384,0.5426213023953982,Medium
3427.5426542723403,117.3212085709269,42388.62954542099,17407.673556389473,37.95968177425133,0.9611521007887567,5.8319191251293905,56.82137406541139,0.5493466222540127,715.6157195101921,4.505402272628444,1.9610933082864215,1845.676692006539,3.303819650311336,-165.0560741343449,7.527541210065305,124.85016669216412,0.7600549920384829,High
4039.431275730137,90.65437499231625,22133.783610709717,5257.908395873209,20.674465531490853,0.5491325556136732,5.462213369355844,18.99101180734104,4.488330851381299,711.4460817806132,16.927524656869792,1.4109319845106798,1931.3063980093332,3.8154035539914046,18.95249338777404,18.646331966159355,218.52647192970764,0.7159764104065467,High
3132.6610193690985,66.4540699962886,19572.983783768716,19351.31743693461,17.961445430634488,0.9383815442397357,12.460141997571215,47.99362782638035,1.7216789787493634,828.9453094424146,12.40620453743647,1.5092213150402731,1708.9268425469972,2.0709685195231144,-113.82240515528434,20.920536630103708,127.87975289648563,0.859334435726982,High
3907.1771754489864,96.86660054057089,45837.9758933439,19183.693336187676,3.40060559361117,0.6249996189896657,7.975765676983057,88.71374725778588,0.6753756378579039,718.92255230289,13.981613424897894,0.1408956397881778,2973.1009004631082,4.749789627545637,144.08225488269062,21.736650866661044,943.328513552999,0.7674464630315948,High
5915.207804848461,88.00957455570543,13307.294109871664,5328.817039893054,57.90327525627845,0.5845457682067899,16.167689551404436,45.01318108341213,4.315056216632934,936.7431853878736,11.842229932668165,1.529201450299137,3195.7837172170034,3.6916794220077507,-21.700550772771123,32.97611676939387,205.28760368606174,0.8918036370057727,High
5107.12275296249,120.94085757615085,42366.40393902101,7287.013131807749,23.625926143484907,0.5090344596598211,23.346978030134977,84.7588371151651,4.3874004019469375,858.8689280945011,10.595427393902728,1.5516996241489966,1567.8376359427486,2.398094686780389,78.20419058330998,21.176045440700314,235.74042527532205,0.9121331260282981,High
7463.358555384874,114.52013245074212,24717.008052960802,17963.336947040756,4.711246058818178,0.2883589853771079,12.829594606680315,61.07406969967097,3.183039859290575,708.7116347979323,7.400574376595298,1.3468277254608374,3876.6055284141576,2.419091601021747,61.14923718806392,10.000572978033333,416.14794781951156,0.7876683656866046,High
7087.217808692205,92.8134355377786,26190.676685011727,19349.133307474098,20.788137947525726,0.10334769473625327,21.899007545452083,23.228287744723893,3.0849519078336125,712.1502059445759,46.76375245796666,0.5909001314427839,5034.221540766075,4.634078800744839,-72.05878442811597,26.8620207915233,6997.23698062312,0.7251043590684636,High
4709.08675848938,79.61032988294912,16114.945792984718,9147.062505302858,72.17225575525138,0.31735560417045516,5.004817490357329,60.20509324630016,4.159041226796387,883.8005589218438,8.0652837314015,0.9844831839001542,3249.4133097176527,3.093821120459263,-102.73297058970839,32.09525161937838,378.1247232538131,0.8967303352956664,High
4297.1171671564625,148.92323695400327,29079.06783033177,6759.442389997507,76.6340263481892,0.5587508544432087,8.370292869183684,53.06841626992103,4.038392987196259,941.8335452975215,11.015784963511273,0.2297643989043458,2392.183799349771,3.6787064445636877,-63.01748588134592,13.455494991092209,1133.6786208633473,0.6636600641708296,Medium
4898.462040836334,100.86014590765033,16935.348617534357,10758.83325840507,43.47596206739724,0.44196395703377733,5.608470793081713,42.87092684365648,4.505474630492168,831.339859382432,13.0670204750585,0.9484582622537137,2081.2806264851592,2.3766585103092686,118.66334953993498,26.166931231686604,271.5153534360019,0.8113451662936217,High
5951.474712574039,121.94468122022133,2924.201297840963,13911.499524131828,37.44636033678176,0.5036367052023705,11.562943610301373,16.36489175402668,2.9873635141851658,866.3742014606873,46.717728783390605,0.49520946667480564,3169.424121992605,1.5066174414412135,34.51073936784738,6.730581841894493,1960.912462722608,0.7166737053903974,High
4340.318204114381,72.64976708205248,14327.931661873447,5832.753049812106,88.00683241516036,0.9825833976076446,23.163791913930055,44.587323065486835,4.854411917297639,939.9488362149705,38.02999254645315,0.7047030031232233,2525.418963554542,3.7560168139748837,-98.58453499232986,14.335125878544499,1595.1971941279653,0.7405642716263633,High
6120.74453924567,103.70307296934581,1312.5731269229432,14861.226905071919,18.05081936292629,0.4152451336023949,6.939042471979755,11.912425742764576,4.982660739200023,883.1518522125457,39.69527208546022,0.3335748127233602,4896.20218465576,3.2352069746362453,127.13857722417208,36.45973325243573,288.9859273219136,0.9110949612034016,High
5047.0582609562025,62.47830478825189,48939.38456578598,1507.3184637355002,19.382335456914763,0.5069646454240971,17.128195534876006,14.38305988288137,1.0244507449938467,767.4280712976458,6.133154717386404,0.4678081918163251,3139.719654045033,2.756042961911507,-178.09624555587732,36.541018363340264,236.70289650990352,0.8641771816411347,High
5760.235904259901,105.4909606119405,48321.61328116763,1461.2426089061205,26.268045933275978,0.22016399621753763,14.029918782388883,44.51207062860802,4.32294691799355,883.9156077608436,41.97918387576791,0.16237159722203134,3727.6356598855477,3.3080942299750875,79.67334999611813,23.437658570979483,5572.741538524021,0.6713257938606111,Medium
5180.632645676584,146.76156664059323,20362.609576142946,8032.610250338132,15.548158645297859,0.1431619591932889,23.76936424731625,34.011240787004056,2.7492001598686504,888.483837719564,21.001461009053482,1.8406037192094735,2827.211483713813,1.4372851372890514,-24.359677700275654,28.39170697373916,838.2114960999035,0.9235436744861897,High
4472.328797709588,94.57860416872202,36690.17186264265,7392.727245184052,34.142903838376796,0.7978685631332452,7.450382850741876,92.92671095691122,2.2440485223492446,920.232094264338,13.878328284407047,1.0655172690710526,2134.3955525387983,4.072724179393804,92.51615442635529,34.30660119303171,150.40071202800334,0.921822466707744,High
7742.266534810783,63.50964113174204,17944.498822110825,6654.847699659469,81.97508042907785,0.6136148575647807,9.24055701004458,40.692051511125705,3.2588253944722174,886.2622562670404,29.211754092495216,0.799516522812852,5469.729300276405,4.766732622591376,170.98451209737073,38.38357422719244,195.5624094179162,0.855739134777165,High
6818.028970798804,62.78602118274092,33883.56469721282,10074.885372043746,55.38130565657168,0.7846343254395055,5.5908393722298655,76.99652159684952,0.7518450076790316,990.7726391374114,41.28696238501996,1.07470813340988,3732.6401542044923,4.509964148754662,100.01363917876154,20.10557117130101,152.93748451902502,0.8221175567574688,High
3700.5658788322626,94.91880839521826,40466.07210925298,6754.304855075639,37.075189375103726,0.23487651899789647,13.678704992627475,55.373515004793056,2.7790750344518593,759.1864926151205,39.15395540267056,1.2603035246782899,2950.6279411286537,1.946460853881577,-23.213857875447047,22.90145372841534,510.9067543745176,0.7947229687596777,High
7342.339879489564,74.40224428168746,47391.0559899198,4249.029410127792,84.09697151140934,0.6146458940644218,10.556657991293086,71.88813852102187,4.41900756512,985.327203870123,44.60987664647547,1.8445387988050046,3880.8692749385846,2.3270259797693416,-139.6097273944477,17.21002109926538,195.23436365365626,0.9224760549883568,High
5437.155991247568,62.101688669536735,20610.401516633927,6534.6562072277175,4.361780922824009,0.328278226907238,22.39811867780642,29.71101838646292,1.4605768226253595,861.5018471050049,46.47847711475675,0.3655989750497635,1816.01087219475,4.137810349089025,122.5403903221735,3.807295545200721,7678.67264058493,0.11027858415069196,Low
7472.761134470457,128.0592252555159,39381.60116484634,19510.63331979958,18.924856011167524,0.305255635210018,17.0988162639551,94.48097241964126,2.418754526462413,901.5868421484736,12.667981499959728,0.598149472284083,4792.200027384147,3.178027088710717,-15.717789231451377,17.48933542550392,2609.319695221578,0.8463863367395581,High
6999.276279736576,101.26707079937016,14030.49408097382,8516.711631399547,50.92997445915831,0.11037341264768674,17.281814759514035,55.358407206870275,4.72766399471694,729.8384792356569,21.76903681429431,1.9518207793247881,2263.011084479736,2.9656149965449217,-169.87507061714808,31.83446623594001,1087.2183537809187,1.0,High
5126.067522346168,86.03202947753891,49526.282885888766,9171.899148737548,55.399736087386124,0.2173066512121647,15.638213937626048,83.97578677209872,2.428537270125638,814.1727824134321,1.7167984210484306,0.7486740434305635,2179.864306747115,4.6698888539005035,87.6221591107464,32.390534421669614,552.215034977643,0.8749860490230612,High
3112.346541600587,141.00748647148328,2262.710339453206,11742.62730404723,3.5601755906351826,0.3783413003497258,6.83700674458402,39.67934088023078,2.1126543454957925,930.8137439389518,44.08676130398794,0.05489768500708199,1484.1819763158592,2.9121123243967286,-83.25921363336413,35.80270746913869,1545.1194938663502,0.7819865808065405,High
4343.38679692473,70.4525064180473,30572.911518554927,19675.14498407742,36.2734882116419,0.20519088453184514,13.900373674507104,14.52007815979983,2.482414916555202,912.0733045296971,8.57403542226361,0.303810550347946,2908.9476602425357,2.8172240581428944,-180.4447081979259,3.007201501862794,7594.930443922416,0.14023957964009634,Low
5708.171073304335,146.03269460597875,33315.793100915034,5211.2248904973785,58.42385683477855,0.9872725963698438,24.99010379417033,69.00260653348063,2.8375374493290035,712.0418164496231,43.21226580479202,0.062414016479618514,3123.042931245153,0.6890836606986184,161.1004059896311,21.55902899364472,2873.9197206789163,0.7575797521179358,High
6167.391099130737,88.25700456396176,34714.23229663231,13785.001155382459,62.826349176306145,0.37776938367155566,21.704585816920297,5.737166592055326,3.34396104859161,863.9782790491734,17.139978777343224,1.9799470534172496,1938.5526606338144,0.8123763136556194,-6.759563162435967,5.189555029545974,3630.6409534430477,0.5848868738567361,Medium
4289.438427166011,139.95633050778133,6898.991360665362,14461.701524063621,57.43259122646423,0.21729155203209535,22.86918108334232,50.15283277372329,4.1031176041252895,726.4834578905228,19.038545909075772,0.5649529894925339,2609.8012560770926,0.5333913854629257,-87.61557873079138,8.82894514346399,9874.976894362966,0.17944090663231613,Low
3696.7803703641207,114.26485888315153,46987.959390183394,12342.826127464785,28.85069019248321,0.279174081545162,21.464527184929988,23.316180753313628,2.534459925939414,998.7569287534486,2.9174804697091092,1.8478500863030898,1869.5288141969147,4.609599016026351,86.5546231539646,36.10844359284365,429.83932940991014,1.0,High
7174.651183996496,134.40366237673388,9877.980673454058,2227.2776229145593,8.416811123811856,0.6289329055073288,7.060833868619653,64.6006729213594,4.178664207905632,969.1889765599884,17.01706069850066,1.9918136887618343,5459.315884391116,2.337739970079653,154.3609510730255,20.37485907875814,190.79936659253337,0.8598344998368067,High
7922.01090351776,148.56118468894178,31514.916758752213,13699.009378637742,38.44012017774007,0.15763917147830966,9.548965081295993,98.04488794809596,2.9017429760843627,706.3241981285611,44.52982045726194,1.2036840300747973,4355.3723089750665,2.6085261926003565,-199.8771699864978,30.58325191496793,761.2321155627958,0.8270694541582526,High
5628.45091151343,85.95648940368712,11911.127877031164,1749.8468652054219,11.587899363124993,0.8761907171270412,5.0624330271281925,49.118276100461365,2.0231622966558995,957.5948736707892,2.2518226549586027,0.07606066698046789,3683.751176655349,4.3042412641660786,75.14087401686152,3.510980131218552,656.7591428929385,0.6133396704356056,Medium
3858.3964292415176,146.50219368668337,16053.604434042274,12124.78166622299,85.28612926686004,0.9653497113134326,11.07020249756223,82.66233436993834,3.460778726537364,975.8288801675224,20.91004617928954,0.17236734446998467,1579.7596334113543,3.2416083966910008,106.80467760736855,17.256233653069227,1006.3658256505809,0.7445644019580648,High
4361.536632596844,95.05337054121783,27776.468544678093,14921.832955823982,42.765377942036544,0.3220726786006428,7.172148046929852,53.2394977603565,3.7297501463457112,806.0644667690365,2.5385818608243156,0.9683622196646767,2967.9680288503555,3.242757183757615,-116.0290290882028,27.29537094590917,372.5867109292905,0.8610564387067379,High
3091.953382737334,94.69607142632302,21442.477509664248,4613.912867089033,28.55332569211808,0.5050857417317735,14.45586690603166,52.10480295488229,3.011220390332694,915.8504965143297,19.175247830344183,0.8182823056938571,2042.1661203474177,1.834404932096656,-4.1504674359302385,6.202852769850319,2228.57581545916,0.6588696011612782,Medium
7571.494032802495,90.63483938290551,8851.054447848808,16911.629147084095,68.96736640070101,0.11992100592654736,18.542549771478036,93.3902318519839,0.7547673791062554,832.6311238623337,9.459391398234267,1.2162928385057177,5694.072840533948,4.252587682660336,-164.2856404328257,13.706897285121643,1872.1811922729432,0.8279914153057968,High
3588.7554144507058,108.72668466128266,9375.883718621566,1091.899207893583,44.81537333240375,0.6766392022544994,22.49010590076154,89.54675753093474,1.264472938223712,896.5697453729032,13.35870127015023,0.8833071413256143,1137.3154242579058,1.246234892177722,98.69995300613903,3.5173643959314465,3437.5530261813674,0.1392043321659979,Low
5882.582377571268,73.87305388606384,21489.094619977182,16954.350841336967,27.903062161120506,0.47253345224733,19.984343301817965,79.65104419285757,1.783839744006027,802.0952212894574,44.00232028490953,1.8688129300502538,3081.004572149014,0.7391731647782656,138.98240742534102,26.402257693910904,253.95027469333638,0.8770054977571371,High
4370.27610343603,109.834033682221,38106.86593549953,9476.41648753392,73.07709681517215,0.34305261949140015,23.771711915570105,33.14429656509449,1.7718152267817189,796.7677709899805,22.36641181047266,1.074132033672887,2795.1311445870483,1.3622151088333954,-156.72533707013577,38.86475910326662,349.8005646419739,0.8959641330241622,High
5770.890012578967,108.75343311690037,45000.26769554164,4742.964828667067,78.04369359010097,0.2861533995549477,6.077965807875776,56.77579949377435,3.5303936011109176,827.3301666572737,14.416101578693697,1.39051486231026,2005.8572040391778,1.704817484485541,126.58410137313388,33.254774154570356,419.35549319573045,0.8776537947051168,High
6257.101941759322,128.57116313443828,5122.255450709759,3108.673827382376,60.57073496598093,0.6886207698928843,5.243596708330829,26.270237164040076,0.5825689775313466,743.6703275957503,29.877580519576842,1.7940056925585681,3161.726335453664,1.7703997603439303,108.62806819381342,39.01030155549506,174.261371783291,1.0,High
7148.709018536008,135.0284965743827,20262.09147041065,19089.489767856263,4.226798016690056,0.474595327929083,18.22676227672425,47.17208631442128,3.9005679967228395,949.3416893306148,7.963241031796536,0.30227503290808266,5512.178664621991,3.517311193784454,-61.23467185164108,33.978587008837465,2011.6212618881677,0.8144393623730477,High
4032.106358803016,99.63972152811817,5912.032622420955,1916.9789578325558,50.96905921498789,0.2616933601269208,10.787048204444925,51.00024124718011,1.6940411366311994,804.609368608491,13.710188763621938,0.46717196169587183,2088.4990240127418,1.480210642978896,76.11581197343332,34.352636441682165,458.5519477521334,0.9067584372593609,High
3054.9791432924026,87.20999244163444,1813.0315509972963,4382.3216887505505,68.69654207975535,0.7201981733381416,10.070020322115463,84.00580381608644,1.8950983079724608,820.0448661717536,27.76615041254154,0.22356413434328998,2421.6892736046684,3.5449623702274304,-199.9807504422753,23.509910619482362,802.1204747581356,0.7275466982571368,High
3684.428150344036,83.3401407585385,33424.21544955387,7282.5357749443965,12.285271087522396,0.6085650547330242,11.617741753875885,90.12269470587434,2.875594225747659,968.2163838106434,12.638629050555373,0.28788041446752544,1210.0381634440166,0.9100947795520988,172.71906178639944,21.211840145115186,1086.7403663916934,0.7274399451522157,High
7500.0932092405255,77.51614530343848,30520.022656362802,12594.57955474185,20.5803676246143,0.8728048494365466,10.395921157847283,44.3889059276654,1.4716652042253089,848.9871442189515,34.27725913264279,1.030042094199124,4941.92307748463,1.1624110749405907,20.153294123349156,16.843916390685276,137.48777871418562,0.847742921826427,High
7369.450387812576,65.18828239791225,8987.936576929424,11123.62116288392,79.42455945613229,0.20572830898884362,15.228728126031745,6.681922281957535,4.480120911089874,863.2761728052589,25.083073810716606,0.6491467253452534,4351.720280116379,2.7896965182094773,48.13554562479979,32.90570090678932,583.2935709713506,0.8248971369122822,High
5987.065510851542,90.82031809512421,12456.82882156014,2950.0481020401226,1.8109549667766633,0.8070999417500105,13.80296894448265,86.86851477998869,0.8841595069695438,986.9494374331296,38.82746444247985,0.8521139506582422,3294.50157214072,4.648531111594892,65.86376541563948,8.100636878842959,1025.9403417884835,0.800414841844408,High
6002.584302168267,84.3222922917705,2161.6799285814004,6149.695682895185,67.74544240433784,0.7061651081355331,15.248571027533126,21.556474457629268,2.499720630354792,966.0179149434967,47.46398225040096,1.965154765270183,4714.571976627865,4.368054149650012,24.54760688734669,3.192771717143535,1525.0168046727495,0.8395207456286228,High
6325.183372731277,146.97756472797664,41912.413079025784,5155.65953617747,42.63959632629806,0.20350984314528803,18.454272230008723,64.07878656958738,4.322400212547005,750.8400126665318,6.674439578022979,0.3218416521139367,2307.586290546602,4.859390490992614,142.70555501578525,37.967859084702326,3676.26467905516,0.5735459386082833,Medium
3876.856393117248,110.19379436250395,48759.83920637902,4664.085662561657,40.20949429556462,0.7253386568845487,12.742610179422966,7.372235541242463,3.271297524895561,841.9645089754315,17.3985854892427,1.0862160208881704,2899.886549960425,3.427155793751769,43.88073286061757,1.1473492229356053,1901.9542327379215,0.7732155888451756,High
7572.059729624799,91.25493351274568,7637.517302939849,8517.314561359748,0.6386879245398458,0.4973925599918474,10.026153742843135,42.95311514975361,1.8154828212918506,991.3888682285636,16.65790408104192,0.20675359855676542,4888.674759215847,3.541166898872414,163.10399649618904,39.09634355315822,468.7269201247212,0.8617934182774581,High
5093.852624460365,112.24208408943264,12342.285474499608,14228.61332553731,73.74584078698435,0.9504863070002588,8.324010736174909,98.66622870095823,2.393420934994073,811.7098894685807,8.407963047525458,0.6438076633951184,2187.799701189241,3.312603495191714,32.932648893603556,29.425281425076868,126.25116123841994,0.8590738037704234,High
4915.692641247488,72.5277031211126,43552.06667339977,4740.332178236101,32.384241057290986,0.2274502155561094,11.98948239065251,14.565892104861295,3.680124711541316,811.47193255486,40.70485372934007,1.0597765881124512,3690.8719843865333,3.302685152861888,-131.55103120777335,13.811457868215278,527.587980985656,0.6794860292250585,Medium
5594.588526414187,99.96393742819826,46396.726099853055,7650.2381542081375,48.668906817048864,0.6785500517341642,19.83612950492344,45.25084943996602,4.879673345137547,758.5090695367463,38.23405649790071,1.893797174471022,2879.2407688808285,1.1620415528041308,165.42502233572117,28.214973880366102,176.84767644378937,0.8973050887853804,High
3234.829833875275,116.36108892789574,21561.741757533706,8122.889823402664,60.95706177020935,0.4437820409166514,20.134098202229392,34.179245268045456,4.51912423270745,734.2969342357376,24.736848070885554,0.7885441603541312,2287.392376366243,2.946825302737679,72.65099934391071,32.89713113021997,270.40301079362,0.8139048300086744,High
3831.416843780397,104.00080486132063,3480.501141184632,19540.9023239905,63.236661879412424,0.96113320353179,18.338107733684204,90.9833717218851,2.0409476377206954,922.0914372267946,27.35076811193587,0.13916432546719296,1894.322443580275,2.237305700532766,79.69559777422245,10.569120183471,2105.9220333567687,0.6138634273753225,Medium
6690.168082131852,96.16009205888918,2930.199850948151,19115.993959141844,86.03820529434651,0.39697740576124885,9.680563506137492,87.58731025119874,4.991890456795359,931.009140610455,3.9176627621223163,0.7824412814410306,4853.485555537514,2.4914174709978205,194.19270022864066,31.064931647903695,302.284206250697,0.9206649129783184,High
3413.9933396256324,149.44635500097283,29123.54343738151,16102.68286366548,47.82059579129482,0.9659673185426202,16.761724917093954,27.581382229091737,0.5157709858897622,990.7038890509,28.219860264025236,0.3000249399892157,2110.9217869792565,2.856202578766568,-169.92137831616833,32.370415375321365,875.78031074468,0.7912661759526732,High
6015.760547331941,139.22832859340343,20251.860335765774,5212.348955974111,35.97475958769848,0.9113372659906742,16.41379323153696,12.71283976979096,0.6243339011378679,932.0254632716089,39.77573467696219,0.4676793304499761,2228.9795510230674,1.0777827731101322,-28.56295716193148,10.724830574888472,1500.8290003407353,0.6985324444912676,Medium
4226.745548406605,116.10653623434962,2403.968951305071,1826.7276247875589,85.83332638425371,0.3433449117795907,14.68532396219451,64.57814743580616,4.207282318270372,773.0057482100797,29.117551105609,1.2400003400983308,2641.004106601271,2.1176948023345394,-104.36184280535392,2.6351278207413578,3990.5404192279702,0.665500943950642,Medium
4946.478070209882,111.24396250640545,29579.367223315283,6679.6306855521825,57.7899211522969,0.8231875991437849,15.999579727677284,36.95502762895242,1.3975820907487342,712.0349734865547,14.000012135900526,0.14417349374532656,1957.184757340128,0.7855230239447162,52.170585885462856,8.960769097765809,2144.0081491273677,0.6781764348152735,Medium
4443.4686838535,115.85944318421257,1553.8242928621012,5702.493713959701,26.833532064890004,0.9960437816231553,14.835812652473361,68.848017107576,0.7734617077830839,995.6312153108981,33.70986534438252,0.9348002749375743,2248.223253765225,4.9085065869007956,122.72467349922874,8.825209946686384,793.4595755053916,0.5708614416518288,Medium
4778.363582324746,78.11808970401898,39581.22594931437,10365.553102854681,11.381782086321405,0.32739670195415416,16.309127321482165,8.051376826442375,1.56716632956426,802.1352086630817,18.712933068297136,1.2228285561614212,1840.3761837077404,1.0333761296905677,186.5242835569651,3.5443777128438443,4389.156385114037,0.2928058038106841,Low
6595.229525921228,95.56239689378867,16015.208312465207,15665.694246321966,75.82990513186631,0.49309945239098774,19.310119092422575,17.672927341861495,2.417450692913871,793.5914627297262,27.698790930001024,0.8494982008113188,2051.169525823307,1.6633613234522953,-18.161557218111966,29.31428800155264,243.35861542358757,0.7608818311993313,High
4485.608578115875,63.55135796018094,2972.642147452373,17237.29730813773,32.59634425147364,0.5681626629100838,7.192563888068795,70.20536211340112,3.787548216950322,971.7865629248147,24.890702800667313,0.048061437741223414,1820.902612906771,4.510818170165288,114.4872922570417,15.81902205387792,1358.5431140202734,0.7037821193947504,High
5832.023201484486,102.7991433738144,29829.258828174512,16974.849665504917,59.4422749227988,0.3654380222234779,19.992515042980475,25.17521225373729,3.309509869480425,875.5299695634958,19.677575047293825,1.971183520236702,3313.67400393849,2.672195208076138,166.82063681615182,35.49106053070047,328.37305562751726,0.9601290339604702,High
5380.2520109954985,108.87221255618968,20486.53630721968,7513.6734438498215,42.37347774293083,0.11373835568142679,7.7177230025518835,86.47082919742815,1.5692954790218918,764.4613521547403,36.22502103931262,0.7405603770076653,2909.5352859491513,1.1103674068428364,73.33017301435387,10.834673120942252,1055.0530582322785,0.7289987814365644,High
6318.35582681324,80.49747624928887,48716.220254500324,13901.069697483317,17.90368018155345,0.298116319777774,6.3325599682074944,10.566134332462866,2.76471701645263,966.7288728148719,44.30992948730821,1.5593686019972013,3479.8252958990743,2.22903742117707,-102.90697902009151,18.676054438897168,402.5274432793618,0.7453911449496797,High
7684.14869662379,146.76259624489623,27665.73446268141,6600.266851722291,54.15179477584186,0.35374319590758263,24.52159372442935,25.470788364629588,4.667963474293559,998.008256516423,1.2554134053693222,0.658036519453032,3256.87601108027,1.0214059738612362,43.141660443116564,25.92167972814375,2532.067976124288,0.7796885852357783,High
6662.860486051251,141.8509149843518,14486.719870813406,1687.658093086063,5.461476205561409,0.49923973118636844,24.13983537740883,99.86322360608152,4.16753499642691,726.0035683452492,46.747209442287996,0.9552833464169035,4281.424890889223,1.400971986880258,187.98081912687462,35.221133037199344,240.3654847638788,0.9273905124193277,High
4074.7018929537835,124.99289119103153,35762.504367064765,14180.522679257374,37.2008213884073,0.25399223057206166,6.208730898811281,46.1422297457453,1.9543540317430703,958.6754884907461,26.064241668078022,0.7830426487958831,2657.2420418584934,0.7341343112743026,195.02153154462616,21.46022296315562,472.4553964888075,0.8560778538504747,High
3155.9156753064235,108.00479658888264,14303.108124592854,691.637275110863,49.195344569730395,0.8859289210225053,13.865068829499243,71.78173803674113,4.920190526100633,817.1547093053182,35.33586213779999,0.6916530667241193,1511.632838561479,2.4720237254709496,56.94392948671123,15.56746048468293,419.59849879420165,0.7829457800728415,High
4311.320221499125,138.29722436829167,45307.92127897069,8479.060455440527,39.24422767067212,0.7344200194582025,8.724898765995494,22.3529896414163,3.6887918019580894,857.2217339520113,42.92560374261798,0.0534842406434797,3192.899276959178,4.129862547763669,154.7951031487957,34.81358806040834,1121.3616616125307,0.7126430996556327,High
5975.389653501274,71.75871094411167,19361.376554861446,6922.895751390477,67.38049577258917,0.1766804298036958,14.70689794268836,62.937529823626086,0.781022100500518,974.4447927294942,23.88808092339923,0.726441666330462,3716.761728699713,3.1368613041495297,-119.86025446055888,13.099610562816812,3525.548374263925,0.7987711293123008,High
3257.129067421252,131.14588148473965,27943.559576034055,14020.862001117623,74.51324590907812,0.6850832060259383,21.603544859991747,73.98007649509475,0.658223209798874,992.0137587325352,41.91372959487963,1.7800850808950648,2138.3691950553116,3.228553874680753,-101.56855801911328,4.097524285670481,2506.487308624418,0.8176360912127125,High
5481.831236006182,71.23387325701634,3478.082087387214,15441.786718827389,69.41187666298602,0.6882908287650583,24.012235494857805,34.8752804073185,1.2578357705451348,778.6491731226398,9.703371153304909,1.3838827438014305,2404.714683376389,1.4026281353745815,181.1550451539439,18.356642192899358,174.344906229981,0.824312033641413,High
5984.214244584446,131.47895962944648,21879.940659659307,6429.845401440035,3.49316530306219,0.9605990562792649,17.685053069030747,83.74522563770839,3.775351406225661,763.8552312879741,8.799209189510908,0.2993914895999253,1797.09435128061,2.047522294635649,-145.90584980207683,31.618638953421684,1026.6970303482292,0.6867783001602182,Medium
4671.219454084804,84.81908114262212,41785.81344338875,16326.726781674644,17.4715893401375,0.10271878422054513,12.07811334423634,62.32466995486691,1.3268251662909256,724.1549675774536,33.216097073951524,1.186398459199251,3422.545533396401,4.303589467283744,-123.55742476260842,2.2004524383874005,11060.29441485387,0.255010378451547,Low
6854.5610187291095,138.938152291637,40476.791462803754,6231.376829846208,48.29467583373969,0.3231392048252265,17.06651131289197,41.96668591342787,2.8016904614397506,868.5393557986414,43.63700727203512,1.7855394112982543,4875.047369315249,0.8953528294693154,-31.780560351979318,23.84940755459409,371.3569824029968,0.8681926624036269,High
3532.991265668859,144.9637884442858,11991.609383822786,9203.364019737945,84.13398363994212,0.935012331437784,11.240026122169006,57.97602736760006,0.9196705408137429,704.0813186352004,44.72888269926593,1.4030677415200623,1277.5153119289453,4.360687941508402,35.83371510134015,24.184097892562207,128.34055334379818,0.8785355546675563,High
3375.688908679044,73.3916372464604,12077.874479517572,14676.861276775611,75.14610975469051,0.9389205238584547,23.196472816641208,59.79228050641281,4.643987710235878,823.569489282981,32.54328246048508,0.3058819407898265,1644.1379499796535,2.676605118191535,41.526887587308664,37.21312877366788,1509.8592646724446,0.818416845365883,High
6640.943781018017,101.64080445588542,41047.960298448605,14011.944469883378,75.82810575166215,0.7485277774335737,22.40800926211674,20.72585280591727,2.0478227611260538,722.0152049956025,26.748972280256556,1.7369866685016484,4188.241717898362,4.267163440963028,-83.20959653377425,12.172127868655851,202.82781188994696,0.911479055415358,High
5477.456581030992,148.28886403464168,46589.522588296946,19753.6852100879,27.28873743837074,0.7891869889427859,16.16463500559322,43.259575137361786,4.586594254522838,821.5677348788001,17.238261297129295,0.6100725864448421,3429.1914275265394,1.9310288872748016,168.24555918013925,11.874627915217152,1356.3705684863892,0.7141120479879959,High
6442.01198213868,103.5066692375832,5672.685142377174,4890.639972210672,38.65031073708323,0.18233466213668242,11.49597830760721,37.62590586185185,4.75194038859745,711.9796567796827,49.02002036436724,0.9136115271815601,4703.797177478476,2.0247932821235937,166.03996304314512,18.178862402247447,658.1304870603547,0.7814997852250958,High
5174.1366930187305,137.71927702630904,23052.87333188504,13415.199314021856,42.36353525843437,0.5624882513004102,10.867793511659567,43.08575864501697,0.5275789129115636,950.5651781826307,16.665088646646275,1.0570240917814013,1915.1243288956955,3.8822219074541424,-43.172778779051015,14.91968115738909,213.3377892295054,0.859231584489017,High
4232.010166195534,112.98583699181879,17535.259669247218,12388.79721137766,14.163442501491938,0.3084246921600995,5.668359894101189,77.3055059060995,2.588608342394294,762.9216981815698,37.46511925434807,1.7025081427126085,2179.357741597744,4.03248278026499,-26.283292227881162,29.717488644883744,389.07390701944666,0.8859271453081702,High
7095.511588370999,93.77969171276416,43663.73431741453,18344.419862555584,2.7961317220010686,0.26309623925225556,21.316417020505906,50.8411487093339,0.610952250681018,798.4926131073736,27.067108195345035,1.8638989153438454,2473.5819685460856,1.5334010509556604,80.99884672956472,26.028331008130433,456.10686166039994,0.9572476891454256,High
6997.079394844896,85.72051999732832,5092.72081932092,3549.0617620750636,85.22126095144652,0.8292729692109992,14.00766426078016,94.33003455773012,4.589117448363076,961.0143989819176,30.81710478374199,1.8600092268032065,3462.1382610431706,4.877920961698575,65.19835855956029,30.597920478344385,144.70506631148535,0.9290597389281193,High
6473.482354272133,78.29007819774785,11345.171185343834,15160.064189945193,21.664132709715606,0.2215343230124927,11.502658568005288,32.89925926905144,2.832833951305591,923.8798183996615,20.280546978842683,0.02582882074429587,1990.9435974967053,0.8802054691017303,-47.08119401561507,32.98162985674888,5769.281338122935,0.22249706143663273,Low
4360.725686149814,128.56183722399277,37870.948541738224,11581.238017240983,21.59540133512682,0.5217864732967468,14.422207099955077,44.49183993706826,0.8372480571432357,765.7115084926176,48.27633314814014,1.84455808631506,3266.778919946071,0.808263333959589,-34.30229939159864,36.99626417663176,229.97913158196118,0.9694951788507085,High
5951.153334345436,94.78864561407251,3513.3986000795635,5855.984460864155,7.504114839188358,0.9447204156274297,21.37475980909304,79.76089699550893,0.9962452772445509,721.5698255972488,29.01243397886428,0.11823006234312894,3353.605819840506,3.1797689687874624,-60.784422631384416,17.806532539601257,2447.6438156391478,0.735341125942405,High
4804.869484700134,106.0147915980676,25134.233655000175,9751.480825869894,83.56569767494007,0.26724885000880827,7.492284154150424,56.87233636547128,2.2257906102173255,914.7021330566018,46.95159389248071,0.5388895770666964,3483.055320889247,3.7523334549722964,-105.84599721867684,39.40319818939043,449.01970577626395,0.9185904406524473,High
3457.9103666331707,104.30929320010637,22663.24469930628,7008.643642861057,52.17634034457948,0.9801940813644111,22.153119764836546,56.96767391032254,4.7310538679280025,817.2107652064328,1.371979392521792,1.0348258309083875,1140.9456532947472,4.823987581512382,-16.744654830344132,9.410771722742457,1519.8553429434544,0.7790471126378947,High
7586.567877311214,111.9551126309818,17385.657770448684,11796.611354374987,60.03331714128185,0.9948591871849531,22.95017670216708,10.067315485492434,3.618091182056364,929.8239997354664,29.06085857636493,0.9650521211187442,3138.7835603672465,2.322256013594877,74.57365276101615,28.860241315945814,120.6200852801603,0.8260682149803269,High
3684.093154594807,137.9019431062097,20334.043450627265,17835.511910885984,82.04191985367473,0.6000554392141626,23.934158300677765,42.866967958253305,4.404284897851095,833.5884317125631,36.142157596538304,1.21337248983591,1583.0179787950347,0.613811340453349,96.78668212571722,21.82636337498038,199.98152196929166,0.7811066042568822,High
7751.1867691040125,148.26654092250863,26967.088759581413,11601.44719603794,31.105815201071056,0.2531284661594421,12.949759848452555,30.719704580064587,2.1490549085299087,803.8007238916829,37.50892838694868,0.9640979951866416,3824.0150292158182,3.2130335275088315,111.54945930238506,32.859123192710456,474.0675824441399,0.8447684705033425,High
5230.028864789779,96.68257877164353,8907.000561030773,12818.587157368389,55.93565800242757,0.38449439914680605,9.342808080753437,99.93683666895596,0.6944616479749924,835.361622463719,45.34386720730239,1.8694076024844373,3668.5158105410464,1.8036320926944733,-50.10719461875141,19.594050303650615,312.0981742940346,0.8258344741001891,High
3925.664644193098,134.4767029895673,29027.798035896045,10615.583018736834,3.4919509255998715,0.4820435494088816,12.47281636933397,34.29373171006948,4.884429367419863,924.567695701203,1.2156788411855275,0.4886922079470281,1936.4476821790197,2.44826204537931,105.85439771398944,31.573606779134817,248.9401634917698,0.7958679447195516,High
5709.504736891791,128.8075015189246,40466.18413569933,1497.7273756867803,16.80952754080164,0.37839180192240063,11.658241924628065,89.02717080541703,0.5772784579806629,970.6660859621122,1.0161778037143454,0.5553091411365868,2297.0865695362018,2.6981126701247087,-197.39347372324988,37.27657987125944,317.13160642050383,0.824830549288968,High
7364.729179382041,111.6176056310016,38247.88555971779,5040.741859083838,74.81212245809482,0.35257202188886416,8.523078250057202,69.24220482884536,4.7644324388649,714.9301589765727,24.14090957896555,1.8422684920291819,2448.736587160894,0.7903067483211522,-9.18002491324711,29.559476379463405,340.35599125850587,0.9683987413080735,High
6661.124432047805,146.04424292507397,8541.09532999491,10094.033723925613,69.00915207045021,0.9750067382947217,17.14533340202976,37.38705887324859,2.1590484073211513,857.2334623680865,2.435391545263162,0.1627116323530599,2263.0895431634826,2.686918030538463,117.56176005307634,31.267677162514648,1484.0166498275514,0.6622915711768957,Medium
7032.805739307249,78.04270639755626,8313.22401733222,6549.588033021743,31.55784223114322,0.23802834467417108,14.532483210172577,56.63576594554175,0.5454068225984668,709.8506287251632,48.75209512945635,1.2230260355905715,4782.473897905575,2.4184385006194162,52.01788825654131,3.619841819368389,5094.51381558696,0.6963539306412857,Medium
6293.916833553587,69.83377892786592,14140.544019500752,4044.3901563432873,33.912956499679126,0.759995117845176,22.314019846480072,84.85090859517341,3.601207542760287,840.5228635073076,11.881193552528206,1.3666545446105653,3287.9515665163008,3.7064491937896693,-10.374750338196918,8.993348827058945,1582.6236614462725,0.7453561988432504,High
6461.382822589262,136.85657702598797,18692.661590710824,10330.590417409547,48.01989901982215,0.10036926049525739,5.642191609641165,88.91998831293662,4.912431368141093,965.5848487290701,24.16057173887739,1.0160280296251816,4284.481960666527,3.405496600455551,57.85680264253966,38.99784587964015,1195.5851762569298,0.9559483949810956,High
7245.978257826597,99.52348349703735,21014.323489015645,6794.790972233081,0.021690421662109438,0.6365644024621392,17.877358551102525,20.237418125583794,4.845315752769166,808.4770799260929,3.995743870598957,1.391521438858043,4645.712302295399,1.3334707316775247,162.77840125946557,28.034293147708382,188.51195501328274,0.8236313907542954,High
4248.34004429593,136.22719687863543,34305.16362483392,5533.099041881587,21.71199024342251,0.9243487035586472,20.258977570231224,37.25944841477612,1.2242165504108828,979.735126324193,26.580372392391666,0.3537817455638143,1562.0348966840688,1.4276251319467863,26.552720244082963,22.89651167512918,1578.444540118556,0.7567412058168641,High
5447.124818215702,140.37811846758734,3777.341176125935,9547.715640087426,18.7408627747393,0.35914068468389715,20.18973138376614,36.846202120289306,1.3156151272976975,889.1825414951828,19.617850132223015,1.7067381432153643,2023.301651745846,1.6295278044846797,119.91447658404246,15.312078562461553,334.13089944298497,0.840827786412855,High
4106.047209098011,65.62118342571642,2698.9625070772527,3099.0430326023766,22.54346520747871,0.2669733777319473,22.721479341910502,8.994255627214745,3.0449251157884705,980.246603137902,3.188341414983964,0.2886511220450723,2782.5491499232994,1.305276981337298,192.29709009007905,2.7311710470697985,9858.566696503463,0.1557449147370196,Low
7938.340039983235,139.51182866874547,20203.61758425154,18591.041794970442,72.53152582800972,0.6865118153905843,19.58067485658988,61.83258718593017,3.36787171892746,927.1499876237559,17.421089068115013,0.8076167641883419,5244.3384988678035,3.457459398508102,82.22728083022668,15.396300410601263,1249.1609399804881,0.787534771697368,High
7720.296698433066,100.34871498324799,35161.020914761044,17420.19090942516,25.170647089179884,0.7413412665685538,23.556201232953924,86.20790503425786,3.8273806114963955,731.0305499946287,20.180364990919927,0.15976262660332954,3775.343850232849,4.974935806401217,29.330305555625415,20.45760205829346,3283.9678958687855,0.7234224049818112,High
3197.1340568425294,105.9389240103809,10478.331804867646,14298.601421940439,17.236918984513334,0.7192274670567832,11.65313199641783,41.24956684342419,1.3147266221246638,769.3454102688031,49.50615307247206,1.0949700468466264,1082.9048944823855,3.4344875323217146,-185.00562114986388,9.246920866088583,254.94531715971783,0.7279982652857021,High
6527.875862578442,116.39332599838892,32433.719581556332,2571.169637974896,45.383711471372834,0.3873851920192366,15.064188335030861,75.30341477349681,4.815531890439955,818.2511363750518,11.186407724049397,1.3427941567770219,1997.8499506886708,3.2300669578608106,-50.20884069816498,7.752334859679468,1441.789251617031,0.6803385258752302,Medium
7626.241587078329,143.3744346057078,13731.578759074673,15629.606462159014,77.90805327354587,0.3269821619433978,5.281593265657813,64.6315392920703,3.3743266533015706,751.0320646036228,27.694201153134884,1.8830310538396282,3386.649731918892,2.344675700079826,26.177093406047334,20.828245502943158,366.9924967367871,0.9047986156830489,High
3902.8767256366677,61.72044849867876,44418.2193318623,16255.16789812587,21.72147334537499,0.9603269199658397,5.139151746065824,40.68662987183508,4.311711134917497,848.4734814329981,49.3784619107328,1.4812790298330416,1188.8597161615212,1.9066111648689232,118.88262868241299,23.85026518947421,124.9574467872551,0.8939037188571688,High
5839.726152763147,102.91591214860354,44888.80726906421,15471.410045429584,7.068261851351883,0.9309695574429365,9.802532409030398,18.400680951768223,2.930295718778773,841.4104467104472,39.80894118906662,1.0867948037437607,2423.6983970759757,4.599831906079157,-24.758084140969487,10.356798835326469,128.89787753060375,0.6817200939272758,Medium
7577.441487940209,121.89498381875046,15567.073009784997,2722.3347988252026,32.07642622646982,0.5115849489035383,7.016143942781705,72.38576601371689,2.3642458141544718,986.8777594082144,49.67500754322236,1.8659078641689641,3862.6036029315746,4.860508433639689,184.02331030590938,23.908189503792308,234.56514945795746,0.8444470257194304,High
3169.729892928994,125.04362619284056,12269.693944198785,13056.205162821412,67.288664210848,0.8615744795389361,10.204227358715073,86.18369104941785,4.897323079677482,830.1183648687934,48.446617418348296,0.9620893077013444,1143.3465582697745,2.735492790144775,-91.28249895053004,36.113258591097505,139.27989146593214,0.8893917223942058,High
6487.1013362342,122.32791883833971,21153.89463124533,16769.33351711327,49.562149022531514,0.5070911298708665,8.540865890567948,70.15617677814173,3.1195461686892623,935.6880412863993,24.98743756261356,1.12679924966675,2284.360591954525,1.8059022297795086,97.82687808412658,19.453757062832796,236.6438553767617,0.8269057945912325,High
4486.745036862754,72.09916164673096,12786.047673827288,11758.39132378352,73.51140326169127,0.4819501162652594,5.570400496772965,6.698455983307716,4.400931122596305,982.5731634554439,35.12241664365772,1.1962360700634906,3357.066618843334,3.9655499345139544,-32.38743316634901,34.438216613900074,248.98842421681974,0.8422823245712465,High
7621.980976882652,86.94560295345131,33946.80832129348,13104.943816947736,86.36329328483106,0.2410866528393652,23.18608292812099,25.54212496714417,4.789815783648304,963.0966492921957,6.411713220116404,0.825859654514268,4517.815004938493,1.096055558900953,-5.604602173637659,37.16358633679942,497.74634384241665,0.8397006614570219,High
7855.291225826839,92.28439728753122,41477.16954286599,9438.087848812971,71.33962290764553,0.48376545084277556,5.16446262777783,11.600598563935531,3.5390958215389663,762.6002873534776,22.616292427293292,1.67858055422599,6026.798146323887,3.945147069396567,121.00081354617612,4.603367128546342,248.05409272395553,0.6990504491368094,Medium
7721.33244556717,132.39934869115547,33981.51441464963,10809.792737739026,54.3422770959378,0.5836752447398263,19.72164288674171,59.18667945974154,2.970224053334037,848.8089682760633,40.64190857106818,0.37850011830166763,3651.5191231523463,4.185267684401024,-81.51389533931778,4.736651606615082,3686.0538160276237,0.7259892309597173,High
5371.071083287319,85.08838851730977,41393.171915218125,1170.3487378586417,44.400742924714244,0.12025389468581782,8.042957738390331,76.86537948983917,0.5157988290979278,804.3219346887777,25.761430727880025,1.1141359588395,3429.8181210277316,1.0620677508222531,-161.27517736194275,19.565723132616455,997.8886780633496,0.7442484911785042,High
7310.213254946567,78.96344674804828,20452.615948166233,12959.778928479049,3.6062177713440002,0.4997017046578658,23.244592439992,15.505022771522647,0.6800883833255269,819.9576085411646,35.432252608044365,1.4472441798125162,2941.233872982681,4.895876609584537,8.102233845370847,23.935995328390405,240.14326723612285,0.8915173641856311,High
7222.746992675352,146.17032171342865,8659.531564734181,2088.2206513776046,88.58897809326372,0.8032205965556802,22.855918791797716,84.6420929563716,1.4038304722300234,808.2420478737254,37.54181516922957,1.8089125820343885,4399.881931344415,4.934805306748153,11.5178447214995,17.60945511413614,149.39855939274517,0.8671904989664505,High
4595.5023662162785,60.7976956602122,37159.59642248201,8982.784589634355,34.51330103175383,0.7120414507368429,18.07802292738515,57.773352947570906,1.3370379433519786,947.9077630525012,13.4199879209018,1.768997608904214,1676.406474309257,4.7152376569730805,118.8671088901495,13.731580046282618,168.5295145048371,0.9100373421030723,High
7144.577370753386,149.80387701137803,18663.25075193614,6206.774404514453,13.700539252518013,0.6716412899775415,18.444682996012105,70.54705615346387,1.646414578399304,835.6417165367343,43.90926927418571,1.0223931759659826,2150.805855013813,2.7321566423281896,187.32768249284072,25.99877052892008,178.66679995807377,0.7926204656024608,High
3185.038173577463,120.9139168971656,33892.270436227496,11135.845029128404,60.003796985681106,0.9185998855934823,5.106782839393771,97.28317561782139,1.8722058696394737,857.1082996734065,23.531299114549768,1.28989128781505,2438.9936257686836,1.6073336402457281,-177.87972546866064,1.0811789816468904,484.935330206408,0.7374576592067588,High
5981.349392410266,134.56223695042053,14261.553157106518,3101.618542702538,25.58594601859134,0.11622880884270702,24.697431322272042,12.949693883531246,2.1202947209782774,994.7342071141225,11.299070077455644,0.7945330948973091,3453.9133876168107,3.119041763968608,36.67578949724356,38.754857953685956,1032.4462686561344,0.7883062537960297,High
4150.044186438516,86.51574567115739,4980.252105526961,13987.046338479704,52.72004438379429,0.6013428275730107,22.55665207151629,90.61628218288998,2.3924196053099447,717.993781657455,43.405378207633746,0.9416737481315987,3168.4356103075884,2.3897022731214608,72.51141212591995,10.051084439332863,2612.5150142883535,0.6470154060517035,Medium
3602.834428886394,61.2883749900354,49636.50797890041,16002.724970105171,52.80911170601321,0.8086139635687364,22.90212451460184,16.979756118803884,0.944898523052066,846.3872919372246,21.473121499206428,1.8134689272203686,1682.2201821866329,1.426768901227387,194.32054029940866,36.76685197473728,148.4020872832718,0.9949978317889969,High
3384.766008146046,126.40825667053771,8653.873888599364,3685.4117699915514,40.11568388125823,0.5872018444311405,18.18489074101744,42.33108663048481,0.6906286937875192,932.2185120838349,37.76530948060627,1.8621009464530232,1570.1693748650753,2.406543843280314,177.0360857107646,5.2515750368457335,1717.8272801948601,0.7138167585555691,High
6481.443879390699,135.07301373006084,49432.62870421057,2534.1052033617025,75.25067539905383,0.39150599732234126,11.89573857309073,85.88667615145586,3.5327500208286056,745.348587456468,27.853620538858053,1.7918739755533692,3242.8446183117526,3.4875042605491573,84.980305884791,10.28540009973833,306.508714606483,0.819203521332302,High
4699.374818840331,126.64285187581672,48886.71669575592,3337.5519143535034,23.84703553998987,0.22262550858278007,22.872972981809617,91.09415249009749,2.9180067117938497,883.4594783844321,19.71171585949052,0.2853580150091401,3068.7880561932316,0.8191098985369598,8.715764497786353,10.160074342412514,10766.267241664205,0.19252061201092222,Low
6623.833857643807,72.85652585707547,39897.087091493944,17603.987457020783,40.37693324559608,0.8988067646345722,10.830338563023847,53.105308986788806,2.4986489099905382,771.83943386034,40.683944336889894,1.701667202447966,3861.0613513279322,2.0003810065070744,-135.39043108029549,39.8499632638252,133.5103436262948,1.0,High
3326.7817039947117,127.80851300312722,33311.72514201788,10799.690604248945,48.392291573187435,0.5236861531488427,16.254230866844058,61.43994063616539,3.3549797352575856,960.2212339673703,29.63902665058604,1.8972438247327459,2537.261398517949,0.5800770050577133,-46.329377918233035,1.1794212833094924,3211.827779531061,0.7310924528033192,High
4576.451689153051,129.2030503896877,29312.54546230315,9611.5894221463,59.72622486905696,0.8903036772871312,6.994619446877648,72.27399678686294,4.224557332415932,798.1298996200238,20.137543018924553,0.7288868922014733,1431.1500342264792,3.8727297745775404,34.048930022861725,25.945890162836335,134.78547046515106,0.7231929832139204,High
5697.456461876686,119.26864641030494,43438.9757235139,2580.880472495908,70.55746654550305,0.6272669101898515,23.439112602655005,84.11207350300785,2.4246180910229205,798.7188450702729,6.370295646421225,1.0421061159491218,3726.6947001012304,3.3831107042751536,90.0801586383015,34.91777666137326,191.3061219245253,0.9042742379845549,High
6953.615824194818,128.95043395160275,15182.536559354909,13166.342131760755,35.53265545904304,0.7067729049535006,7.815409155424266,16.543561106078286,3.385037592733907,879.4581635553681,44.87682037456869,1.5603995590678619,3234.5706712329365,0.7820246061588464,54.15982299164489,27.218672506964733,169.78579563388178,0.9592461575846188,High
4593.76251466035,136.13292957099588,23916.379411758975,17425.992041954254,58.14422496869364,0.8238350389406051,9.497936114608144,81.95658428177663,4.791075007258215,755.0688724359726,2.7380096817416613,1.1285354937556409,1792.104051200101,4.841319018208855,85.6491207310965,15.146618910460823,145.66022847767158,0.7554747399945871,High
6129.456882185045,115.22437028137125,31350.108498958594,16649.624451807333,13.55498577616672,0.6932399901401209,16.1626831625643,50.72123429860359,4.278310231377024,785.4665916709183,43.29618007003476,1.9870322081954364,3403.0610452019846,0.601797007071953,-28.338998179240917,38.37406514541446,173.10022749227872,0.95040790362626,High
7429.8887411809355,67.97442425727111,21148.333317605062,12708.066825125625,83.93832904882308,0.45824935661104393,20.28186000425963,47.80922538527606,2.4170036472608425,824.9895550358235,18.63811471927462,0.9168695966620884,4105.250484182876,3.1548229091423985,91.0509162284036,35.8473094289726,261.86616144418167,0.844678408667622,High
6079.315940911523,103.88650287004899,21946.83625042313,1967.9349747076358,34.47529257789032,0.5622700455357859,17.387026118725977,45.270476439714834,3.4012257701663433,806.0913589420331,32.32759941156888,1.4307459953026815,2240.2614476665813,3.993653578095751,-142.50349759211232,17.924241889731192,213.42058136078063,0.8612762445192799,High
4164.797373768169,66.98844012044445,17183.948707602136,2691.742029932253,65.65692797787946,0.8227409722082919,9.642678256003123,53.37510059837405,1.2968191486217289,857.4631654016747,46.18778646794858,1.587256368991123,1669.8672943086558,4.045533408701253,-134.96547529475458,23.359811211835375,145.85392493327757,0.9369505732790349,High
3122.00390778269,96.67887279291878,28647.359017542265,1461.5252486415811,1.8306973693959883,0.4362852667356858,5.018860850549807,94.77980257248734,3.0223498320279045,879.8920432206899,8.433624159691021,0.9932598273592945,1573.7470117555404,0.6542831101694171,-134.86714166821486,38.733248324404386,275.049398064362,0.8310118837889253,High
7350.4943695046495,96.63958402130649,42678.15187274069,5520.844721603151,18.466842861432628,0.4493093110916474,20.143011606148782,57.079358415254404,4.915977310122993,870.0002361250494,28.780573306301697,1.7153977733656378,3707.6313033408733,4.578868096881977,156.34598281431045,39.31985411513234,267.0765929787801,0.8932249574459928,High
3106.347054251936,65.94088597262174,10874.89052230933,3145.398609627366,43.83742898912202,0.18612110445220104,24.704146518221876,95.55186613499822,2.8324180184113503,896.2504935975796,38.45721025613941,1.096847636502321,1425.127012056247,4.63303252367205,-169.5863746765462,18.543107753000136,2814.4143795730797,0.6289476308651814,Medium
7373.508363420997,91.39384805725314,46787.21889891863,5570.936784922461,79.04272209591119,0.9231259916995729,21.19826240612181,22.127562408485854,4.674372346355662,792.3248549823461,38.121607803233815,0.8291850856352465,2759.7019675285405,3.026256679194677,120.60334909339036,34.04665109758045,129.9930898696366,0.8442856246569249,High
5644.685670136059,69.98982889121834,34765.29503366326,8008.632086519753,47.452963495560944,0.18193268345089758,14.204132363132306,73.79291798910015,2.333007142264673,737.9278681465084,26.755963815375694,0.22456911096537457,1705.7497229143542,2.6693743949921576,-106.57164078130515,12.777228851203517,7476.234324312975,0.13612417824673434,Low
7695.3384925644805,132.74116890083,41340.38742132148,18888.164289387147,83.6883434064491,0.6833882597037003,23.075345227982133,82.16275616783098,4.99480172233084,928.2422624293231,31.612233535416447,0.7928930169373442,6041.745159138369,0.7019035837816991,-12.62802380189973,15.500702044295922,1893.789657570569,0.7221962698830895,High
6993.916178868327,145.29192233680237,28253.34393887057,12402.333165742995,43.54172069245167,0.4718750309225179,13.196953462367,69.51723897681188,3.1064901585240103,955.2341147892046,38.118822712509385,1.4705335449192356,5397.552117348548,3.028793641294409,166.3826381862712,7.428053436618824,578.2255626252269,0.8086917371476535,High
7989.670552666687,66.50848277321447,39196.31836977911,16781.988820817765,44.140418706235494,0.46505745122989817,15.49868168486935,62.657616621521335,0.6902104740617054,777.1018696667297,42.21035425011318,1.8433599592434136,4329.004761944829,2.3422058679660385,34.374891875002675,9.158199118292481,258.0326359305633,0.8781300352508798,High
4753.559077258551,145.96036865625314,1793.8194696338933,14351.854263890478,10.77721096504787,0.7115966529154155,14.542595347913664,58.657214203187316,3.1403965851112465,822.127586847406,38.32884174691732,0.5108420136820175,3791.086370238785,3.9776288333389527,-115.95292550705656,26.618058788114997,168.63485727252836,0.7991643038874233,High
6835.941444655635,107.03189394030707,41100.64081419723,2693.811045269319,72.23906197369978,0.16038435936689086,13.952477453310498,86.78839584497612,1.7355771305581849,849.5707650890665,18.34624221588089,0.7169186794877003,4353.313212979737,2.3174760509873953,-86.36397587247716,20.920483102276155,748.2026331850183,0.8633371873108725,High
5009.654568046211,86.96091101584865,2966.8040951829594,14850.447924292002,22.226887122035624,0.6343352046562911,20.503815385878113,83.0564267306275,0.6461659491615261,859.9980528258809,49.83959365182892,0.3163823782678082,1675.3726093238804,3.576113749961194,168.17864955831425,10.014142564398512,3279.4365536310893,0.3816638127213647,Medium
5399.378101519544,66.91758677485471,44605.75544178026,5864.428190402927,80.96512404350835,0.7948286073751193,15.53537814538984,16.617428512156955,4.193839871125985,897.8470513262955,22.290631992245913,1.3845385595156479,1937.6159635943911,0.9563366580688886,-29.14242995600867,16.71347503810445,150.9759448597275,0.8088771074903183,High
6137.5273160918505,105.0561841263376,49606.17461469352,12962.603016396773,81.97417982973565,0.8453914820979348,11.334342440504322,85.61582741793342,1.7407833664134016,712.4809700065964,2.1987704351877375,1.9207749757197512,4652.585859236484,1.0982852184468512,34.794193202715775,15.554154934683588,141.94607177991242,0.8814185898092639,High
7368.385570931694,131.50639900416738,15409.305646662113,7148.758486038276,84.89791006867347,0.2534773504543978,10.163163353169566,44.33651884684203,4.084468493209243,916.4431248202051,18.76823062768764,1.2854949174978694,4531.749448906038,1.1286958579212125,-16.027121349844492,39.507047976878034,473.41507943365053,0.9493328139094819,High
7920.417345996476,123.63778295400283,11305.60925800389,19954.609133660855,46.8207440192781,0.9076771450703564,5.754946339348668,29.101198849602024,1.7969791233014014,718.5913020938231,7.261364774118319,1.2379822947123904,5715.308315017493,0.7048647490988458,-48.624764780620154,34.2890676512438,132.2055982699647,0.9066409308305885,High
6841.36706932259,64.52034103175764,38502.804829044,5639.253850187168,60.93844063052799,0.690531482662698,16.663903237660918,87.62801396132296,1.3744685924319842,840.4865703018604,6.950688170690375,1.1114449616958635,5125.106320985238,2.935979866714117,-110.68834922703923,16.130687001969143,173.77918749957422,0.7275771798316776,High
5088.833910836669,66.56116518311131,13398.290705092408,5943.044180098259,70.06642920554971,0.8936693207386145,9.599228308020685,46.04235596520545,4.882710083469924,948.3013406707582,14.795216965237822,0.1860269239642177,2666.401421802095,4.072854767196362,74.47660019384085,36.64274657694529,373.65376370910457,0.8174421835909262,High
5106.785011385351,96.25859543693734,43412.556775437966,18648.108983466765,11.791315678541904,0.5367526453991784,7.962678440327662,81.79464556679758,2.127403974897588,835.364593983519,3.615399214685781,1.4617126145944734,1655.941304503139,3.2468504166214975,87.29681050884818,14.362780273498675,223.56666712048903,0.7992764835867688,High
6687.911507944457,86.5761444643149,6039.287015716359,980.565890408292,54.08614754977475,0.5878300105874819,18.07659927655355,30.023343135805227,3.206192951494222,744.7269246304743,34.73709723206859,1.2080785916632082,2635.974608438436,3.087296984987853,-90.04596335704021,27.048158996659517,204.14064923305136,0.8269998034458861,High
4193.885728841512,80.9145890750443,7171.804622588555,14085.435263527339,3.0868111172980504,0.927134449325804,18.624185156430975,5.373285535110691,3.244916717665122,995.510153501788,4.625455325893348,1.3263387700240112,1397.7632885188893,3.562807677812314,115.60433722193216,38.69934987060239,129.43106589045624,0.9277547290930753,High
3552.370565656973,85.29040490178423,48978.42619993016,14643.864619349624,44.78094750498533,0.9099185890192046,20.04309784515332,52.06862332577972,3.022130669780758,966.7856386222791,10.961188216361853,1.7986340751245689,1400.9481059101001,2.028403953824067,141.8140801206718,16.220875695553538,131.8799301917188,0.8128916516237638,High
4773.110788203883,132.3134468967196,34018.10601523023,16809.38225950279,13.935841345820467,0.5033447860321019,15.07153792677183,14.521684381074005,4.616130845845466,931.3940899675042,5.552086010211849,1.5700819662514256,2411.6928065508937,2.12879332241703,168.27003849585213,27.51551363909242,238.4051714252718,0.837816198626943,High
4436.194958270409,143.63052482686686,42497.473997018686,19501.566557450267,16.463063336587624,0.3469713684721136,22.88109210407773,76.66571577486641,3.5349848211509083,823.4534808697631,4.095218814248522,1.5640213517875068,1593.0305349262333,1.9142154419941515,-135.51503443265204,12.541028631442696,1129.7723724609084,0.6882668688528624,Medium
4481.540602279951,96.45924250748098,16892.139490224385,19524.23742355472,32.85428100233414,0.45385339110783773,23.726855067964557,31.227137926593986,2.3167985184721855,755.1537180667893,14.119831611437542,1.8550957000699018,1718.0730905788103,3.70449019784109,-78.43052655469344,11.386180308321011,688.6102839739743,0.9298023366738105,High
4168.0387552495495,141.54999019192473,34147.703726509615,1772.896772546046,38.91934500448527,0.4489878956767748,21.147418795849788,47.146336427330475,4.3807117303592324,982.4233544255503,29.023049415358127,1.9799705534113692,2179.5128593794534,1.2273815105184842,144.14133900147823,23.392109990830527,267.26778417738836,0.9427441712504396,High
3210.4659481818094,88.93461311230938,30117.849538121263,16525.8667936816,56.085518207896854,0.3581801874845145,17.711869640163744,13.268188683697653,1.31478304602184,859.7053379551417,48.26959226589524,1.1667526366025087,1509.1934108459875,0.5586137614081597,-120.5839188688424,39.19131932329551,335.02690599040477,0.9067936542114132,High
3089.369673667069,102.87932877094124,30554.3558860244,13103.043706318937,6.69855765946641,0.3417216438996699,11.074419071823772,32.232628602489,2.9490654092468787,955.7066381162456,43.90227606313071,0.22667441590201987,1649.1953153554016,3.182884010251216,-198.61261630260185,18.672220100086626,2402.623752700245,0.6021348551057631,Medium
7938.611948680158,80.34260980343997,34444.090517348355,13123.171620275278,45.332258511370014,0.8749566428317475,24.658898432404424,79.24157310956434,4.777476673746904,802.6285017278277,43.920762346820915,0.9236685164731184,4085.098678407739,4.740716141303924,148.33092410065382,37.567841842346645,137.14965305209503,0.7364044467567242,High
5138.865668679311,117.64284379582597,29192.59948332583,3002.8235689865487,16.4362617227791,0.16287572861619554,10.482723343838767,19.400851630720346,3.314289334461857,800.5864951238411,9.627284765845223,1.5773262814586724,3197.6027015669115,3.242335626483371,-69.42022329945226,36.66017728954571,736.7580241668236,0.9046070707825216,High
4921.633235798408,148.10830036573282,22024.05609583063,13178.64974569024,51.65776575285677,0.7098500638896347,9.05313843980862,66.48015830706095,4.176358027136943,995.6621442022117,13.980452481393185,0.06517339627607989,3782.7415867346836,4.023147438234028,-34.20098994442,10.896741881454796,1410.3757152323167,0.6967943656928716,Medium
6398.236413465349,114.31437864390408,14520.212024646795,19658.410321724332,57.36641510350651,0.25553804631080707,13.843082275731655,92.1554560164276,3.4410232649533676,856.5499145484549,4.7432725229699795,0.12320600232873664,2264.541693013756,3.5275581925971355,-21.466389711744824,16.67095687628877,5536.140153315764,0.3150417519327206,Low
4091.269439325321,92.2032675702194,38660.4852147469,18280.462106019215,50.10383308975685,0.41005530405465695,6.136811414247769,69.58449217698343,4.277168885920506,742.2086271582239,39.14494865584407,0.14364398694181446,1430.430839503385,2.7384649408535733,139.3098402668914,26.08879666127314,699.2167028249601,0.7769228655377636,High
7749.805919751127,118.30357013914755,12087.349070156124,9063.047885694585,66.44659594304768,0.15538873072135317,24.569889293435814,82.04706048276155,4.750195459303597,765.9024033984122,4.420998772792536,1.4647611590733385,5629.482699991443,3.732765808027307,-64.84314216261583,21.203789492044276,772.256774625355,0.8604146611551786,High
6931.72507207776,71.06286106188489,34925.36100156629,1278.9854790788395,30.20483198168112,0.34297627316991586,16.768671128328496,15.352304783872,1.7281477738973157,844.5832838178162,28.27808787022181,1.0073215908407123,3834.618888651832,4.208468557348498,156.9119543425927,4.742382664663799,4195.590523164778,0.7802304781455645,High
3447.0550115612978,139.97931722388586,12433.308309817006,7564.723055003994,68.85959324698177,0.7915789640055179,16.139041833283507,28.819523470195172,1.2634748656552348,712.7412731465234,13.145903043873586,0.7441069076059812,2355.0366421570657,1.511292398772641,46.7756552192192,39.75422317495917,151.59574149467105,0.856754945530967,High
5087.903878924642,105.27755557018527,31641.17832776824,16614.61107621083,38.94903735373743,0.8965137920925328,18.115925597994398,89.98119096285615,2.6779583764964294,838.7601956134902,12.928836067408493,0.22017792007085463,2074.3941331618016,2.012587162174155,10.914689613473712,30.35350604723992,1530.2948649082223,0.8279293023712041,High
7395.591537810824,100.4414767835678,37606.83508932242,14179.232478570737,43.576604849033714,0.2993744367121304,14.940472955544132,72.93503329371848,3.6583809207089715,825.6822526240383,49.54552770713265,1.4671580979097194,5283.641977406272,1.5067657962647774,-69.75419714901503,18.07006749076376,400.835827259989,0.8178370250587801,High
7723.660111457051,112.72783096081673,11716.980556420422,9457.20128408215,58.32919145349643,0.5171930553330297,5.641270341890832,65.75761350584456,1.5223606393199725,933.800879595846,38.082210541948335,0.6488294229962903,5884.836693627805,2.534778300156985,-102.51532148752567,25.10857343698536,232.02167693982256,0.7463687440406677,High
5337.007556249348,116.23054765104622,3937.221742204106,1574.4799355972063,1.6522545599301564,0.5232916431434858,17.246225776807936,68.0578399315615,0.5184565269357518,806.4825893467726,42.01002855626146,0.5379948994286877,3296.8910947946692,4.482790479125004,49.62337711093946,4.415339873382974,3410.135584742653,0.6200078892788994,Medium
6067.056946053539,66.45982256038617,7417.71340671453,8824.4471925544,58.85947992782235,0.8862177751837608,19.32347753912861,44.349052658941126,2.043208021265174,994.7646284618797,29.027151581856618,1.3081152110915664,2141.3041101530534,2.0534319537589956,-21.24233597736955,20.31676449389479,135.40689812401644,0.7791705225199829,High
3835.1697304603763,121.43554991010622,30693.85139628025,9645.986324498728,55.67266341649038,0.7865191475882248,13.334981212481063,9.232880003677057,4.859867009605048,754.2309757902709,43.679700082293714,1.1224316762677151,2867.354704683382,2.18510100108749,164.20640397280255,37.30246421688202,152.57098364097925,0.931708890151306,High
7955.843130684882,81.77385122839766,42622.87390506104,18606.83289143565,27.886240507795193,0.5617694965312449,20.14591144142386,79.52194649671925,3.62735357272631,877.2960054904405,32.62903641915129,0.7311971772084702,5539.206960180092,4.371652556023693,-3.3445135543801143,35.96743736414415,213.61074380322066,0.8158196259867139,High
4158.358506917217,124.25573692559308,3204.844240535794,13001.179019852108,7.721485640954054,0.7036724804245961,9.540025986768413,69.47775744045862,2.305964497735508,726.9097891024763,47.36251153502092,1.2865600669031203,2808.7170468872214,2.8191844883510386,4.717966680476451,14.15785297384268,170.53388236469328,0.7477938293077783,High
7713.658870675628,134.0281314945777,36973.41169304067,6577.231874765654,8.184190492173704,0.8626195485184301,9.42553182132368,49.916424090708844,1.3665924380607815,920.1591951981945,14.785590716236202,0.5497308255643951,2455.752021281671,2.909520498413455,-33.310687545599706,21.723346689032216,139.11115300609973,0.7992765769846686,High
6248.2332449618425,132.35626567972685,17724.613651552554,10743.706156789067,83.09013722867057,0.10858505862299045,8.228339753751479,90.47716345998445,2.1024035318963614,998.4261064185914,30.170657743361858,1.5917122205926104,4370.5220793831895,4.373605414994958,115.70519879651397,28.197957439418225,1105.1244206317783,0.9165595287799632,High
6038.683974394296,109.72508706671002,24447.890126056605,1788.0785025321213,62.035138910325344,0.46260102794504376,12.439895195783237,36.93516817358439,1.2642774498556157,945.7415913254897,34.81643604890771,0.4663447111122313,2228.126470401672,2.7073703166146297,-30.064320756291835,14.260361409408308,1501.8516754297855,0.7660337800908079,High
5563.442555082544,106.81529030796762,46514.11794243271,19465.080595169868,11.439235239366635,0.9165188505493708,21.94024070778167,32.96056570196741,0.9783761959082813,866.7110622160903,20.253927946362527,0.32608701381021116,2287.64912468269,3.567008905832279,-92.26320010009803,3.530289505663601,2721.9157531827905,0.6565980809980348,Medium
4153.349058588794,72.85883652054706,17266.60373205643,7521.168087649157,32.105085237801575,0.7662817277595563,21.558241242981286,87.91565088254707,4.580340676576492,845.4224072199077,44.10569113779861,1.5670544249027611,2444.525929118153,0.8854009964332732,144.8123497174039,20.712224611994383,156.60036727073515,0.8226109865403824,High
3882.6401600275412,129.7811535362822,23801.509763034817,9818.413420806148,53.32346945114368,0.5885572369006672,12.656484159270075,80.71382720210362,4.989426522689631,950.508988380054,49.010354992103565,1.418705141088887,1679.2045432893765,1.3038427090709839,38.731288546096096,24.46379369711012,203.88841131564035,0.8679946034178686,High
4102.431045350877,84.42684424020429,1670.4383232733742,7428.037497619991,75.20145345815838,0.57668007433162,16.782374719604732,53.923082011592754,1.2385149781810565,980.7922254132172,25.194705077260416,0.3734515616465789,2587.297020285831,2.319692903223105,36.6040879076007,1.2278224047388997,3396.789988428135,0.6089052837277245,Medium
3932.1913107212727,104.70258805361519,4998.3372802370795,13808.978737265903,3.9294835841707676,0.412993087843994,19.41632632949831,17.419800248495747,0.7453515149522587,996.7619577394279,20.141392085412615,0.24132904785297657,2375.182058590743,2.726775805189437,44.32888286557062,4.727439568002694,5310.149262354684,0.22452970489913168,Low
6897.922367833767,85.58466836347651,13670.987965604418,13413.527087427065,21.296981832300798,0.5684684802773631,9.82413549256046,25.431789789179984,1.9837899821579557,818.9617682693453,24.124958499266473,1.6784141860885173,2442.380475954087,4.845801655563033,87.53589928226671,9.08433510017194,211.09349799209707,0.7580318454050118,High
4750.62629583365,72.04455266997238,2364.759800232646,14448.785055318145,80.0774091265842,0.6898448795171079,8.362821717894942,67.34165908883662,2.577466313426369,997.2752424383536,42.78410054086465,1.5554309795714092,2983.4279448789284,4.867932348715055,-74.77280427497325,14.574039192646431,173.9521500601702,0.7943772134644879,High
3289.2133828169817,116.66019272025629,31937.3909763643,5728.792977432457,0.8248995165434836,0.47652673458591377,24.44191986424622,41.578917594839105,1.421695611841345,746.7778756521494,32.627952850390216,0.6612421736623318,2506.306442102903,4.330386893654428,-186.46225166679886,22.100997690392635,2474.8600398804147,0.8749189496530098,High
7845.513150704057,64.88988313406135,21893.519483279502,6655.535382699287,18.125919251449865,0.7427378317529566,17.35114626419237,84.46495320826726,1.856412103093513,776.0649327795727,3.1938462533866585,1.3198128423445998,2985.6488851332856,1.9201947587850854,124.23726435080385,12.459873831626947,161.56441057645415,0.7736434486815172,High
7418.929424817128,127.378071071358,27859.114933673078,2942.399006376055,86.31217583756694,0.8751090045343473,24.62831443667328,95.24572588655938,1.4039183106124598,726.7048374201688,27.56632561184003,0.2570787712301435,4440.459325252122,4.838127308745978,-148.43797844734502,11.771168761853646,2962.2179714987165,0.7461795568223931,High
7638.761415976065,88.58281157350049,9557.712108920148,13282.444450999195,55.206166186995404,0.23921636336637506,11.755119742644581,81.53550790111723,3.9841725579460308,781.5215549453445,1.847706014307521,1.0190248415048795,3597.342431096982,3.602033891042957,88.72789488421768,34.90462440871019,501.6379243932088,0.8529925807200491,High
7974.5391132321765,60.01212237040368,15500.66944239419,1276.0439830452246,23.55042299737558,0.506392320535682,19.06063399948263,40.86681518457793,3.7066007446126736,930.3812654854033,39.148233179166866,0.04727328120023555,4224.95736069797,2.268230575178302,-167.0738806850685,6.656974991255624,4442.232519390784,0.6759325853078969,Medium
3869.4762460974366,106.00162253135068,33527.399267783534,12154.805542707452,6.029198495626284,0.467218082156573,9.452072730824755,79.92521077698528,3.3572818209244177,955.877307453535,17.087301403580724,0.7892877430338954,1716.1130616151231,3.6575371264314485,-49.87686318860315,20.32294519372205,256.8393745509744,0.8256680830498921,High
4981.210094513293,64.21667176748429,48299.83345788959,17459.06975460686,2.537220640249994,0.7187183236447553,10.224003425478259,38.386958979714926,2.2424803568564213,933.6677935307715,24.128366623749137,0.15893721472809613,2376.3625786297657,0.5743522840393696,-174.7895720673847,38.1601639605093,694.3916327503727,0.8543240666728362,High
6791.192378520456,84.85526020388096,3470.4219065082507,17871.226891647853,22.027057167323456,0.3248807187321364,15.238042425392479,20.87450833773522,4.590684235914062,889.3197334503088,40.135227189473966,0.9555428885121962,2135.530590464624,1.1576960702339611,8.885471851089846,25.375516715525787,369.3663337987743,0.8418232395292965,High
6480.103090268962,123.62788387101446,44628.83172190804,9256.236327214252,79.33372376300194,0.6762258234570486,11.392362510161425,8.172354462256452,4.86289643690759,854.1899537567937,3.2759920470023163,0.8491464772372598,5124.309152148814,4.233585702003655,61.25430911263004,28.971013715883103,177.45551240046953,0.8986380452421991,High
3769.4795316992754,65.64206594596793,29267.178864249214,9456.421920154939,37.43222888677585,0.8897403175583392,8.35243127681169,41.643087712296904,1.281376906814354,912.611286764094,8.76853524398891,0.8943262030097314,2308.4291183400464,3.40508136592927,-131.42674352872467,17.81824266423368,134.87081301351927,0.7974415320897779,High
7079.165624953089,135.54046431204023,28632.05877102556,2000.8990686563386,64.83000322493938,0.4763184398142605,10.257614039786521,90.83813385124178,1.5035568863534512,817.2500647801666,20.500058445810627,0.10020929107550819,3896.0385897090023,2.1388761558134783,-51.34895262463917,1.777354517669063,2539.353279922114,0.7045648513313914,High
4122.202859183303,60.34379303927248,25513.648225180255,13579.917996139196,82.64565318419619,0.9199141299812981,5.714967889317293,27.703725836789268,2.8653396260016635,952.3925054499106,12.266333013732469,0.7296165191508465,2027.5371131663744,2.7529998810022347,172.09579641722144,26.19908436632101,130.4469581334071,0.722961083587268,High
4119.088074113115,82.2141482281712,4400.310209304986,16514.558697270488,36.723641544253496,0.9938473650401306,19.088472429549732,24.61875066832948,0.9106275617701038,903.1570281930356,17.557169862978093,1.5154028597088338,2346.592078599972,4.573139673405952,-23.044353157017298,25.64504697569684,120.74288690714043,0.8971798332327086,High
5684.872114467068,126.68136505368643,5403.965735071873,5270.773564791904,17.214963393365736,0.19548284495315688,14.842333141717232,97.13297459789884,2.4640177947040076,909.3414095483225,49.910562156730784,0.744139602973704,2785.888630660685,3.3421014926558894,121.01742759062267,5.30667782206999,6687.087462863399,0.2968025938146481,Low
5964.699674208516,88.46431347563761,30444.68827729522,8715.367191850612,46.54061377712275,0.30974786918637276,6.884861328090512,7.3753907208062515,3.1180606914996956,860.7807979387214,41.445307441116725,1.4331921856930656,2862.7812511958423,2.291671777704486,170.87389802408364,19.024228831360627,387.41186602900234,0.7916143704358352,High
5900.431039189056,69.17031492594121,17706.970000342357,16857.367066922772,81.7275318353869,0.9553417763338838,8.433879862569825,79.64930428740666,2.849331070117999,965.5686952633519,44.31118893304532,0.7452626600311292,3138.87159940721,1.0414699582889075,189.73832999091462,36.697828841960366,125.60949701215728,0.8869946213011016,High
3457.4341869887744,92.4210526920385,45946.13526230635,17603.849119414615,72.39369727239306,0.9624949178332481,7.050690762252881,35.53014579538268,1.9890886238511172,775.6044201037157,46.91567704472299,0.852246488565471,1514.326843918457,1.8218606073150245,159.32880787654773,8.99830844690703,124.67598298611479,0.6557120573122514,Medium
7387.304313151902,84.33539577460729,20922.936330614142,5242.009615152406,5.924685902683841,0.18793654784808267,17.25185616551753,8.561355902617636,2.9410061273474306,814.3442960083153,17.705858135395587,1.1321453045302396,2881.232995249172,4.902531047584625,-73.03786833641234,18.982851430730303,638.5133779141311,0.7754195713186591,High
4328.000212943531,135.84407119444995,8020.791476429413,11236.127373556603,62.33155200698236,0.11349865033942302,6.884207272249876,92.19124131991045,4.814604294164815,933.2927709033067,15.556770932027161,1.9018570542460942,2502.895286808027,2.468133782832999,185.0291544644772,18.983024222820294,1057.2812948976432,0.7851464312315443,High
3647.5746064140208,88.20131258266288,36021.22284159977,4253.616437398628,51.470777021305835,0.24499002093078004,20.08564666070432,18.26602136991044,1.4270783193111922,847.8246688388012,12.46906213603167,0.2266322888268438,2631.297283956844,2.6232775873018737,124.95809669841879,32.61969725775789,6217.218135881326,0.4538758203488065,Medium
7443.740399344886,131.00392245984065,15374.317650609482,2486.6359007213523,81.6716858711783,0.9964115050440234,5.4102183864078235,57.419031953941065,3.4467411127730165,966.7642040272572,41.67572865409801,0.07549839963573562,2801.928760151708,2.743691145786569,134.87023345579507,33.15845894284834,350.073172032324,0.7617646599805505,High
7778.257491148767,140.26849303296612,26748.045060438766,18266.849777143172,11.02332751652675,0.2619996549496182,9.987515759917843,31.03514970580704,0.6952851237022333,803.9197959288557,34.29804125197406,1.21983479578199,2460.7853123559194,4.47846810326695,-193.9308063312661,30.611507366872285,458.0158703761487,0.983385218153376,High
7310.638086327253,99.04356776188766,35193.80648975333,16499.89633252613,48.0632501884191,0.5522928460498209,22.813333517838142,11.19331620754565,0.7988738201664571,810.7990506458934,12.572427141660988,1.8987032069675684,3095.367098036172,3.2176772797338944,181.69554532731746,15.252712208342675,217.2760354552467,0.906281378064445,High
7047.580373624391,141.89488294689528,45112.94144890145,15320.680585161892,79.1516424160703,0.86357595378746,19.37062636244492,9.742636138021012,2.9832270090061326,966.6207368159876,19.47269763131229,1.9795490337838826,5566.604101307185,3.6215466640336498,111.23608953949628,3.809440075722284,1643.8141274419145,0.8394070144243759,High
6276.209903195109,93.95862485668735,39817.36854528213,1450.9432168562382,36.90214080675687,0.11836144961938572,6.459366658513755,15.977886389452184,0.9722263114757725,839.3110960546123,25.828876432707116,0.9734868523100836,4483.592785848957,2.252360941470968,107.18699860315996,14.62983611173655,1013.8436153484378,0.7411864810756411,High
5754.286853045696,146.76705748410973,34141.692325763484,16952.711457850022,43.379542595958036,0.6440400840326135,21.422522089703595,11.779866319491106,0.600560547920858,854.8373752607461,26.87886280641393,0.9414824259593458,3440.678154911622,0.6308942836503846,-167.3901076285655,27.511856849582244,186.32380650693062,0.7793900250594747,High
3434.933799557051,68.03605720730157,34302.025937362036,9041.859480154983,6.341460990026246,0.3493229039826619,14.860702430804096,77.25302097439268,1.2718084894161,799.8291146007039,44.54765869903402,1.2934779037829405,2626.4343934523017,4.6893781140928,-106.9725835706675,28.407116405073978,343.52170622615694,0.8975319510985111,High
5042.266065353493,121.83173398529185,47350.30755757224,7176.704904269263,25.032927640401972,0.8761014247957585,21.935660543376585,51.128789216925774,3.041821269498085,783.0009826537246,19.6477405144136,1.11571316683789,2635.287709825554,4.771074564123829,184.90466605515962,38.63500816959204,136.97044269500537,0.9011706570681001,High
4863.44258506157,104.44326364112358,15495.380777330267,11156.289039994841,29.20559842520526,0.3551150343376712,17.014795489007867,37.57474867815307,3.6650342953351958,896.7846132515176,45.5176774945251,1.2718352346520951,3850.097153333022,4.77118874006623,0.27082992219052926,18.69200802630463,337.91866971730235,0.7536800478224677,High
4298.768918801631,94.88839249100823,1054.492615613183,2281.3882331093387,85.06102038703982,0.718080148253718,18.636660640657176,44.74504646254068,1.41115353863621,735.9521984623611,22.62701045566969,1.7492588568204095,1926.4976867085577,4.746591889910224,-40.856792705097575,25.664987734671325,167.1122649634935,0.8274079035299815,High
6617.100568442925,116.94406908737409,14325.773410511736,15254.607712371777,25.440062448704314,0.7067976692026572,24.870031207914163,93.24993987939921,3.507167467436785,963.7817923548728,37.572261064825334,1.4951492772803425,2780.193826393889,4.168588734813024,135.9763268587655,22.028443958178737,169.77984680590805,0.8117219610617487,High
5479.378675393854,123.34713824708982,11676.677601710455,11857.48399932177,41.47818617426868,0.299344193973676,9.646710918480363,91.52142221012399,1.321143489946532,933.7609410295324,46.582461679267745,0.9987860094567231,3391.8674562373267,3.580682225523471,-165.06383435442228,6.874123844416258,1114.8098749424587,0.8252975814256203,High
3405.2310795382396,60.39269426852782,33429.89467058591,4138.506889026767,60.41739812078518,0.13131927988151512,17.478911495227766,72.98926561164481,3.260558419840657,757.2244791117408,45.47120949420005,0.9291102734103375,1665.4201461191092,4.300294632202785,-33.22319349157627,18.986896413153307,913.8033661795274,0.8985083225236143,High
4100.916009749057,75.02577798724789,32051.868388510924,4170.527895496389,14.596503516708966,0.4683246164068575,14.206427801147967,89.04482585506034,2.3538185595310948,908.2059837473696,3.7906904974883773,1.2828074795411009,2514.6110424475073,3.202458075504663,-49.71969023116657,22.248571032870775,256.2325271745909,0.8497730604839093,High
6416.29381829798,124.17414455708868,30079.60775253147,4092.8487056671474,43.7798148427687,0.3602738367692827,5.789039058453829,35.366562620824354,3.442097792001275,880.7898763856905,11.079510453851922,0.916855505996392,2903.3585748364494,1.1046632625141064,-60.0594451878429,38.079234635648085,333.079973489297,0.8895288635899441,High
3380.654297451501,119.97468722203858,1795.9287172632312,1611.5465572627127,66.46851355283168,0.8280799746523377,5.289412830057301,41.20538597078687,4.977737386156613,755.3605152209932,24.36836585108148,0.9209809090186233,2058.6802944619976,2.2604817426863946,-76.92310253877075,15.295023121949287,144.91353935998873,0.7517571879201327,High
7256.0345702438435,146.94427546158096,36710.12466808173,11962.069762747853,78.01696917243595,0.8203277696098108,7.384571556357173,63.30265727615166,4.7201763435465285,781.9610518150697,22.14616020770226,0.04244874455514459,3177.2225707833986,4.870827103878218,-115.97001728396879,39.22386502121113,836.6754765344821,0.7536399321460922,High
5475.732635069871,128.49340112257048,16852.990211789085,16886.789462975907,56.3633347196184,0.5113215569733629,17.981834810770962,64.24446499324009,0.5192679102624663,822.6959511201503,32.403691577023146,0.35638763344054375,1782.274500875273,2.0801201611804534,-130.83567880379113,22.14970288693929,2367.50150191904,0.7707985275982825,High
5402.93288663324,145.5695436958204,33587.74346132492,841.2151727540777,60.21481637852531,0.645861002790897,16.343261758267843,50.76148461117239,4.484474439630375,909.7728205736421,47.2907434904452,0.9821421435915485,4084.9843967797915,4.405225611791163,56.16244676786965,10.456300488819243,1128.4821388929029,0.844174536498091,High
5962.038923297589,123.22864513813263,28272.342996605512,1455.5905769398341,11.365512532611206,0.6438335643882327,16.06859122327455,43.06249560160556,0.7992085782864493,891.6170226451018,6.507830852619493,1.6470803835102346,4421.46357240352,0.919451618486913,167.75793648347138,8.474911093616504,393.2192775920639,0.7624116395271416,High
7123.404829625746,86.82469877754988,17793.81534596745,11669.020395395442,85.11988475217125,0.844442333584861,5.637135250565201,98.68712960282603,4.788709637719302,859.6704543030094,23.14107459157778,0.5646667433869771,5594.715561448067,2.003827290689613,3.5406580999525943,6.526101773149039,277.39906506423205,0.6849552642832127,Medium
4739.046039510966,69.48284300257708,7594.237088101279,16480.165865028022,11.931666973603413,0.4825021727108778,14.38605992720014,83.00674448118382,1.768215555948581,930.5231629342103,10.428140856469826,1.0500604319309865,3119.541450190302,2.0792899612732083,-80.8101790613423,18.664381952364668,248.70354329348422,0.7758346379194135,High
6390.080762795318,130.3641477010442,5626.525985363566,6871.408366088355,69.72056434636185,0.3479020118114582,23.49245635685057,46.323118799364295,2.219156736850719,927.3813218818498,44.81127232149943,0.696474548670872,4098.345960938257,0.7322114439904107,-136.33592091110947,1.855130761768006,7657.468221432657,0.41018574866924185,Medium
5828.659819978955,117.97342993283243,41744.39832249896,7317.480776750582,23.833468960048695,0.33853142632649275,12.951837386212933,74.09278533775901,0.9123719232907753,885.3577462186768,48.264429104280985,0.21855993918378216,3377.7173128887093,1.0359244858403973,132.0573460210377,18.35676604927975,3168.905343369651,0.770850778397925,High
4335.141350847107,64.33674111539666,46001.47956199634,12128.75670118713,84.02338293311264,0.5825730513539837,17.49844939576913,30.60836085898365,1.0052274124800933,936.0970250154476,24.456382412627157,1.9170139813118883,1573.531493731844,1.3692434500479695,188.59682258928552,39.547782994081906,205.9827513838869,0.9238422358332922,High
7393.14993177579,92.40454193108805,32839.61429145068,5847.151337920866,64.79635854325316,0.5042333824589913,20.596373512462872,14.516085992546339,3.7703325435319384,800.2790124337628,6.096504588678896,1.7108010017981004,2917.46749264982,4.270170158645508,-60.33783941285927,27.134165033168397,237.98503664076517,0.9300744098924674,High
6987.13010803464,146.11198339358577,6068.271628163685,1018.8631385148406,67.8432341680532,0.49610869388644263,20.67850558283775,38.48094742751036,4.7494950608673125,964.3748584967817,39.47943866941099,0.16619992468914377,3107.4202209540376,0.7853089547291288,-83.61982977914843,30.631658726815783,3770.3494580335673,0.783615072579361,High
6292.259173292127,105.0361031139181,20699.333627523796,14836.956102981123,19.7153255753895,0.18202360518073651,15.385601647905427,43.28241601172245,3.248368227294393,884.4730257405822,35.15992617412755,1.4423766523118864,4688.225021021035,1.8441540560497425,40.59718118997654,5.641210238012239,4778.8428556501985,0.7604887657785188,High
7252.90864547121,98.94562224177342,36718.0208051527,12700.173302358337,39.87359789716447,0.746743366621176,22.159038908046725,6.571026833263726,3.72132506987065,946.7090541437292,18.378870503905212,0.7016840096714254,2803.1386738397073,0.5457875116517038,110.1315923813703,19.45093359811354,1367.6393057354965,0.8120763485579563,High
7336.471004799012,101.19296446433646,39211.223316493335,11824.741981585352,55.60318751303578,0.29236301918371965,12.82756186727494,82.40524015541013,3.9288638506871907,863.8837314370852,44.48296622447921,1.9897511160529673,5586.257444308318,3.6303248543136113,-17.838878580134264,12.162700940002843,410.44862765147644,0.8671712083321835,High
6541.8148835751745,78.79944516046473,6792.712492263341,14962.840515340551,69.29762563859408,0.27725826718784924,22.773864295695965,39.12337322697224,1.6826642354882377,765.5314734966041,48.81576259935265,0.6117730544596657,3672.5282097708123,3.291363905195209,52.029259944379675,35.86980359157214,432.80945674632335,0.9013828194616329,High
7185.06664181836,93.18364537783157,1001.5052234237384,13667.001332459731,9.356343832115062,0.4714824882496541,9.804543327910906,60.13972574911397,0.7035333391409672,862.7230386034926,28.334838607379577,0.4850895062715738,4726.227751413356,3.402420179239138,86.61962720931677,8.070406408542588,1499.0182705563568,0.6127507174217712,Medium
6487.357308346418,93.2831930388459,35894.715248149645,4514.698769477262,86.61287848090755,0.30500050745602125,10.604328139811422,12.026502790740818,0.5084273476362586,811.3334991329764,28.720667655870326,1.1401021911277562,2303.8048806899615,2.184722531215784,184.23691514247167,18.890599758332936,393.44196834591526,0.7910244548540969,High
6400.703858801502,64.71195181687251,18473.212623324074,7373.380415395347,80.11986034991004,0.6254724405772139,6.062412483980022,21.62469873130548,2.0779217732930837,909.2497108111284,15.578161750575113,1.6719010650529762,2781.213194538968,1.4372051957040606,-133.98506779196663,23.93386101547987,191.8549758791269,0.8832687544401453,High
6093.056891075921,129.08108656661264,13469.585249294752,2959.1477627331874,24.33137314460259,0.43431700540102436,20.911636730845657,89.52090390611819,1.5865890268964724,842.7381375204208,29.640795763182396,0.393112554921398,4748.0712727249465,3.74144095978715,198.9529975301478,21.047602571562773,3491.7057591975995,0.6108282506902697,Medium
6763.583197788206,97.4853988713491,1631.9760196867464,3032.21176164868,74.04842187290988,0.5040205503335111,13.341104724654112,62.825315148866075,0.7804297627213355,950.8338414783063,22.54247370571748,1.4217115117414691,2929.138613909539,4.150030427333128,-43.137337903508495,33.37949759084589,238.08553028362797,0.8547710024494496,High
3793.025526465369,133.9961898134781,27474.670931313485,13685.817053952514,46.64915307358411,0.583452389443626,9.58233227822798,95.27698476619612,1.3078773162215005,903.421753696575,15.807360319474542,0.13219910045083216,1700.2648852371326,1.123706741441908,89.28005709062148,10.026673681465976,1698.1982118330698,0.6187058582151234,Medium
7404.3537959946425,136.5313201007906,42706.3860358731,17242.702086158715,41.562583340581675,0.28318197023362435,9.635805552331593,99.88125326717511,1.0602450422057652,905.3633299093972,4.2920746296711645,1.8386801387898897,2952.846612061723,2.690732425718396,28.965751189198897,15.718253306523957,423.75579172996197,0.9098695801527763,High
7359.21763872616,79.07946492287923,47923.95066735681,19273.285385292213,28.299069523026485,0.24017646057897682,23.027998824584664,40.326710956643964,4.616952712778167,765.1466000473195,13.38268512574712,0.17133908313312457,2682.705888828376,1.6192205689048813,-5.332553196463948,31.891287566384147,8775.435266563165,0.21644351256511407,Low
3146.2364151727957,119.16181339531157,28721.502580051172,12752.768792214165,52.28717279684332,0.8923797125862443,21.67833200922074,33.38629108791109,1.1312024605662603,995.2749299473871,10.694877834205556,1.8293204389248834,1310.8127673817826,1.2564808754276018,79.23014749263461,21.59478505773539,134.47190507303534,0.8500020198158664,High
7129.0837528238135,102.50536237466835,26208.605059254813,4089.975805538661,65.6900205933238,0.4903513325482789,16.07061770714367,86.54382524011419,2.9194180879445564,952.5025627814466,27.560057243143497,0.9867064264108786,4428.326230551271,3.804463910727496,-41.69845991056195,16.682578040270336,244.72249188429618,0.822957821875249,High
3644.349337367226,139.21410641293366,5167.762888972814,2560.1817362541487,36.983961446648244,0.47088424866928524,17.32221600831442,99.86808556855814,3.1689767980047407,936.7014653682083,30.4818310664161,0.9017013144638805,1923.0643501362315,2.9214362096277666,-149.55600746527745,2.1482580750484286,3920.7416060436544,0.3057539201303267,Low
4675.594271295709,79.41666112588086,27894.76727558739,16350.593944966777,56.62972737074629,0.13205093524555733,14.48651141100582,64.81591725208344,2.945702559688852,799.0645675480082,30.820014490994808,1.9468810882057492,2697.2470894277344,1.472833995704005,-4.4426467515041,30.382031536608764,908.740250698355,0.8430360631199783,High
6717.5412814580395,121.00318802790397,19618.974869304337,11785.751289019985,62.938162903977336,0.5481786723286539,12.833330857576177,80.53836863859462,0.945753953971946,860.6894958541695,20.020869051238275,1.980864513619456,2426.257778754568,1.8950000504519529,8.766348272927445,38.91510104070365,218.90672887772521,0.9745823415619964,High
3803.799480241541,114.69769100274503,30749.62876329527,12556.557909767536,64.00096353137573,0.5987527494499001,23.30953762436663,79.26585658745107,1.9345926278774805,741.1309564222986,21.640256950589304,1.3038544706624138,2666.6849064781773,4.84994152097484,-119.23913864002431,25.19119337005189,200.41661622472574,0.7839560755125831,High
7089.835120595311,86.57713298146496,20047.591045950787,15738.510730716831,4.6769488318062225,0.6029567838591998,7.512254070406041,38.75727228085696,0.7307164960841896,861.5427929988118,41.87768305239136,0.26296739079552656,4906.501609200429,4.319058041188505,174.24774253146285,34.40510760686299,199.01923854632662,0.7278383123808851,High
7160.670889788709,72.29408132860553,12774.657049067971,14213.905940782806,77.37730251165603,0.736328052390596,13.368935794324559,59.55568612442328,2.280514613433422,743.7667739449862,24.335407862340958,1.017278470453853,2225.500391052853,4.459760342929078,-109.00974134148349,21.15815398460212,162.97083835174087,0.836190306552795,High
5537.338668804181,118.64757844295488,5653.298486190449,16771.935930693886,41.24279832885431,0.25973365149191063,11.891238159757506,84.1404094201003,1.348695190722164,865.9113531968803,49.400893274718996,1.0630345709017683,2723.0280820922553,2.570054436863186,-36.30896236636093,10.035557651511219,565.0835450383274,0.800279937243362,High
3031.929358584168,126.47377123190977,16431.003784855893,1596.1711564676302,23.6174473526593,0.32700082080755694,14.963014405022967,70.37081824480028,3.027346399779709,894.6165640464717,22.54124427043438,1.0337483919892663,1013.832611137165,3.3071326876439375,-138.02812526211068,1.5632420651706733,4897.975020699161,0.18104561304771113,Low
4435.190665874564,88.4064609387015,5735.596880099862,15076.652416556844,21.75880567317134,0.8296574187073714,14.152637490903501,7.010562328293634,3.6176377723209523,817.0587901749707,32.82946628627411,1.1432887586548193,3087.1272793856283,2.1954548309198523,14.318658474777635,26.482532436009578,144.63801238222305,0.9021803710608914,High
6084.634591878711,118.03493436200824,9667.950590375212,17091.62876778086,43.471270155955544,0.9524535551590546,15.377790633021629,36.98703854526568,2.894539370921179,849.563463499388,3.4677869506763943,0.04726218045083743,4068.398686308672,0.8497038906000074,-76.94495675996413,20.23124508168154,1816.9853384379774,0.7679391426519824,High
7905.930890137118,95.5617816850353,49379.47177039775,6079.633327937129,79.81483855220633,0.22233947263058856,7.798379544539882,18.725191176487506,2.4540651347512807,962.6960163023757,33.01365629652173,1.4253422901262998,5937.307035645223,2.3048118979555214,-4.290992009566395,31.50182773641646,539.7152317590362,0.7936138572533658,High
6159.067635083342,124.18861949543559,22761.07428842431,12988.72184286843,34.051282351438225,0.5478845990546964,15.262830030265542,27.132360147413713,2.243000393855116,732.5689434108428,42.7198933263353,1.4276646608864463,2575.734276721852,3.1729133894321513,-110.15323341671923,28.09261427997688,219.0242255523232,0.9057501354850024,High
4299.017905320799,77.92937474046478,27061.71655874581,6626.160244820956,67.4753172105189,0.2927586274656282,9.848376277744217,91.02150036167595,4.287612956436517,937.5198678998959,47.18043408813151,0.23978485260399698,2270.517457441527,1.7921492184565915,-178.4899488205137,39.530142360056026,409.8939834457613,0.7951487870822019,High
6170.028515498057,140.11935023725567,43807.307908123556,19180.43579640785,8.713685788849673,0.1540658515194842,8.686626979763826,8.504862446522974,1.4871562927937152,751.2263652988589,49.86870997034875,1.1447764904671434,2420.156286083435,4.315777586273371,111.69066043290212,20.90219075306955,778.8877211691781,0.7816173905096877,High
5699.926898579277,85.86686368190217,49782.8761240437,1151.7596624923233,42.84510319359556,0.39295300431352187,6.2966843757238244,25.881067636382756,3.80398252787991,711.0123948413885,14.826753636812423,1.1410387530471915,2767.9840639244576,1.1799507162856937,56.43451358386335,17.659816797247366,305.3800293743439,0.8304236909013912,High
6899.226975755718,93.10073889805376,29553.008017889395,11805.960454742622,89.25175263534621,0.2293188626657915,20.25305117512282,34.409088462631985,3.9086704613305354,755.6723808235143,29.193133176460126,1.3680763361788963,3871.305457285028,2.15208090246614,-63.70425771559485,12.182847888132503,1876.506047735587,0.7112070013494105,High
3534.903194134792,65.22827568723147,40811.21723116441,3746.819167465544,69.33940225131033,0.7389397660908217,13.548838417131199,63.60398683680751,2.386400032718305,929.5129569911469,23.08518129107522,0.17994140734881137,1154.7305479135173,1.0620675739589132,-181.0023101270711,19.597590379859703,1627.5892921375485,0.5626605666996062,Medium
6805.13951251014,70.03609910891487,17020.110192497086,14388.294000954595,18.94756395965517,0.5803528723043,17.53287366623517,55.739660558157226,1.837852696515377,821.537822001058,28.62705654818338,1.2567415814595317,4473.938292765554,2.321744602933514,146.23002507884837,35.04198764679396,206.77075228996137,0.9325627335840088,High
5706.3328933805515,106.42757124410953,15981.453914917263,3929.8605266639106,45.129732632811965,0.2294510238912798,19.55186686609487,25.73560087107168,2.6174366872068884,961.7561550538546,8.715194902302486,0.568696381985219,3262.0062545345254,0.678475872384217,-132.08199802572827,2.6551493058779094,9435.683183053623,0.20020279426425905,Low
7814.960019294973,84.08334090551743,20732.48232873345,5089.973607017972,21.026228728370988,0.10831742956496293,18.586333306271072,20.602901386199676,0.9194626665171433,857.4122623546798,42.951329057201136,1.018935951087382,5583.628794356224,1.7264722777774044,172.2968873125712,39.13810184416136,1107.8549452471127,0.9044207371231204,High
4709.360830193431,135.1932203167975,33952.85587100881,10140.230815392282,36.86048345362583,0.8273413441217914,14.410014381793646,27.495813286631286,0.7066851450309048,706.6751055778993,45.568878223884795,1.5489138698811127,2052.764472418111,2.3033086480115763,-8.561848561616614,39.738980578004124,145.04291469608344,0.9095906196419752,High
6163.1094656697405,61.32240497894585,34427.392773499836,18339.281524939124,70.20756213614683,0.2585749655478228,12.757970579034597,52.74031453665728,1.0022143975335132,915.014082880578,23.033421492533204,1.4142354133623964,4632.566266913019,2.651744134745112,-63.845316036606505,24.315033764928167,464.08204965150156,0.9001901918899867,High
7660.140527550087,94.11846438047425,16446.732297823088,4628.430256885432,69.41023337613633,0.6455949779986894,12.519198192813274,30.761889642564327,1.3421526415800178,733.0698726163698,14.741063217105266,0.24661700517920684,6123.111319399956,2.9466336131381383,96.70379075638556,13.930223944120653,1688.4458631443072,0.7283279648415318,High
3512.5486399533966,90.36109920921834,7527.286282694806,3312.6804118030186,20.529034011214662,0.403229721769071,17.800975938601127,95.02223765273361,2.7687956915211935,936.8138900385773,7.900837954997604,1.1864577263609857,2668.30483170341,1.737460084054635,150.73576243007432,9.698909764558929,1872.9659560462244,0.7713476786336873,High
7686.142436182256,61.739486782584095,31987.41656680992,15300.048221153598,83.00009863393741,0.626937344483532,14.895887098837468,49.067196035740515,4.321114862725049,750.430764941554,34.50447641411242,1.9385418965720698,5295.338915498719,2.8536860057669253,-51.714574541715706,11.783125431710271,191.40668689764433,0.7939037647522698,High
6439.428611504067,71.19315591004592,7287.967247249461,10262.080880511654,53.331136448834414,0.3840882642840916,21.982644959770212,10.585621571740521,1.5603904939985913,803.633915741654,16.299360141416024,0.3219711802966545,4547.424039610585,2.790520797029269,-37.06249913192511,2.954111633693902,6570.8353332407105,0.5490296496076784,Medium
3339.1852955258596,97.22784074267717,29346.132903237172,18279.80969144454,34.19318618658131,0.17824560462302874,22.494039686534244,74.28030855448017,4.708229048360502,928.3814288876081,45.567389925756046,1.7072851045735757,1959.6747577065103,1.922801228942938,-26.736712261121056,19.529327380850994,673.2283820057596,0.9102668312175152,High
4504.817834734082,104.3578126002702,34977.68427475914,3358.9838646169246,45.174202270277455,0.3006550077019783,8.41120756013037,36.240302379854015,4.797085590207516,986.2694072429265,33.87961126739863,1.4080706803020162,1779.7496069163783,4.235901487954152,168.92922459146763,3.2356465637118275,1538.7158317093586,0.8225019870980855,High
6540.860443226407,96.38607725293822,35329.96332332813,13095.593913949268,54.45641280939693,0.26925270983116806,7.724673030914513,67.08144854553352,4.815070721803424,811.4301851940197,32.638580933537796,1.5502665926904218,4176.472450936726,2.955385069671043,77.02559660573309,29.020494376261084,445.67796578628565,0.8838023009815312,High
3336.7530073438584,107.78439105708844,37920.13342232024,5041.143349960394,50.390147866120685,0.48521741719567946,17.60801852071999,31.56146519970704,4.2690323060434565,948.8200660596807,28.410703679013803,0.5710970710138644,2190.1662637615777,1.9952137343594525,-100.94155318173779,15.505248765781309,2164.7243619149017,0.7185792252786376,High
5910.852300881366,113.56185074151134,43770.11165671756,3556.8283587069664,43.776453198256036,0.6924554050835416,11.024514961245588,59.22065546466539,2.137212683589743,757.2376796427516,3.243040632007555,0.5828989694658865,4685.488702067839,4.763023304363494,-126.00012099920824,8.775224538139364,1024.0854058325003,0.6940815642360325,Medium
4729.415284764784,60.893143901505205,25497.990606274634,13826.873595566774,45.44395236804601,0.3374254674517218,5.371414375301978,78.35448795670915,0.8270775995118038,942.1539310607474,46.66419934859376,1.8129787169952114,2698.8439448124077,4.3030058588202245,-107.85293463007358,22.249288755605498,355.6340927857479,0.9062889659230973,High
6104.5775888373855,101.76856435081535,36782.21028694899,12076.850088220297,15.877071938509756,0.11086294177055617,22.7728533872591,93.16083046858263,3.059684292949227,897.2482177768753,31.768937171673542,0.7260657438641918,2659.669880364633,4.921645151983104,-94.57444432579302,38.97661298247753,1082.417605770863,0.8384362723976716,High
3228.710169062564,146.71493167988297,31339.464032926,15219.13543806546,73.14596138742114,0.5670436278382812,9.538015344876165,29.80707872114232,3.0140664977175518,757.8230521637105,49.70903718577241,0.13540062747869286,2072.3032623432655,3.6150524359043934,-107.9266034663994,28.110110911718312,1213.0048005199137,0.6093779751022729,Medium
7357.684030761881,106.71290521165938,10145.357050086446,6534.520240700556,48.75842879469138,0.6451835404230748,23.585613033716182,36.81141034490321,4.32489095199318,790.7511881054235,27.330463833871466,1.2051874401231055,5810.274123465664,2.202003074777211,63.402578876958444,20.17812715406225,185.99358551724802,0.8810478298649767,High
7867.444845886985,120.97880407130579,2258.7925986010005,9235.447299452704,11.797187553423278,0.9665834446016287,19.34868901756507,49.10530992716427,4.981959729257474,739.5312665791108,35.79543370340444,0.2583871613932669,3057.3437783816817,1.7638730000555554,-153.62659573699744,31.299657670925743,1398.0697950854933,0.8720714235164513,High
7844.389276428457,88.06774721251949,14942.527898169754,8406.69768844316,68.95413914245002,0.6305237227839221,20.253069798229685,93.08160958491894,2.786707879520664,814.890103319294,3.7542683354448863,1.5952265204017373,3631.9440710778767,3.4849302965351643,-45.05660411681572,29.761582404060558,190.31797799798804,0.8777105710801908,High
6748.2591587146235,129.65922403374861,22708.65161054335,19689.744547347025,83.91995805396158,0.5240553034403277,9.029229915863208,90.63175139701242,2.053418139679029,761.0945923369832,31.95507266434713,1.2870754205771042,3852.8543022291424,4.913674621228867,50.021429188146584,35.77768298125395,228.98346646283676,0.8542632885180415,High
3650.43120065316,129.56293336885034,31238.19127700416,6198.854656418064,85.25762093132658,0.6160614633079334,9.683888512336258,13.538436609560613,1.3365577020032016,893.1993860891421,38.467830967927505,1.7507057453902044,1405.807767186476,3.3202178604673196,-83.65601042282766,8.982088956163953,194.78575945273656,0.813125993200329,High
6791.315979645113,106.9166442888725,42648.00719465706,6248.936147761954,33.211595917005546,0.9351105668758243,15.425355076481315,17.53333344661203,0.5215992116781683,998.3515312661676,39.147200447775305,1.571826127067444,2112.8484860183794,4.467267234454272,-173.89024611933678,34.496225474090544,128.32707088415899,0.9202885458907585,High
3122.9345822940077,147.84124409512924,10616.040118602117,7413.690072157844,12.196518620467863,0.8455403310414816,8.441997052997243,52.07337184641064,2.791011616199956,703.6027489252792,38.73547095928399,0.23310616019301034,1463.068498048801,1.9809654397149588,-167.27043086161268,12.740017394626255,776.6234654619157,0.7367860456866313,High
3110.6177576449863,71.29951932863881,7151.939705025377,11509.58458516127,46.65596639697586,0.3906808600274272,11.108633853660645,15.128830916515232,2.999834000161681,862.2759439861895,12.087848737389715,0.7683306461045003,2279.104218341829,2.3312920211341503,-149.61328947812547,37.69895818517879,307.1560761680917,0.8680598276185958,High
4618.051095747706,61.52528984006229,48210.51742624205,5420.293513143032,10.134830641429861,0.31352892729142356,11.429249558956089,37.83018296812626,4.212223159178288,872.0999792647029,48.79452540265607,1.5513748973300288,1485.784973287952,4.57823857815209,134.33720994726207,11.961540808922672,382.7398034263697,0.7753140522590558,High
5443.215952023329,129.31423905813864,6294.183409443948,18348.153837395843,84.05886766613555,0.3363702511294663,8.192598665055282,19.096610930660376,2.7705963555176027,974.2626369042435,49.763923910622,0.8405095317999882,2800.3415337706188,3.9059001588101845,63.14540224198788,37.147093183344374,356.74974108757596,0.8038659465688182,High
6852.037089038966,132.64399836283943,24446.06243525227,5680.868514892138,16.52216646196314,0.5539789357436917,9.103656667903214,65.42383373752915,4.624107568997254,851.8016004300813,4.7041978829184625,1.945007314712157,4666.925109403532,4.916346441655576,-174.19103556094208,38.58783786409912,216.6147343470838,1.0,High
6416.4768830325265,70.81865062085186,29692.62271087179,17968.406765423795,22.748927395604767,0.76964450610572,20.77103684016513,95.20206601522037,3.32637564457146,863.1104258934753,46.885874717776105,1.474123495287964,4982.980114103561,3.9864389437950885,-43.57244833943207,6.674162940823556,1704.552637118187,0.8107587262731902,High
5229.513531883742,83.90245496627455,27527.346624464473,2517.7637411084006,36.59728741964734,0.5528972864646658,8.343917090945368,99.68970817796624,4.281513071994874,841.4958403985165,15.183010520914097,0.04084483421373884,4145.632526781227,2.518320682482043,-88.56593086117374,39.005495447248535,1465.1714004552298,0.8521399545163437,High
4368.1333314083295,61.5797127029966,5215.575694614216,13302.97269679322,34.48480217032132,0.16101675624530135,5.56914783687845,40.64790758720691,1.167357806634862,780.6712913684444,34.77492000579728,1.7611715262060643,2232.049257557885,2.8898060892006336,31.216044651520093,4.343195768742009,745.2640507624295,0.7494237939194999,High
7985.622500788556,86.39777497025082,3794.318786177349,18186.21760954575,71.51966031581001,0.7512226303959828,17.58709885257877,61.90620052588817,4.349012586360416,716.8087399746742,17.567435116070474,0.21060152188842962,6190.391853031535,4.552319716084115,9.122379868925378,9.524143677888357,2488.950529797256,0.7606027141484238,High
5130.9065111798645,129.58276865268044,6168.687945590748,3790.614048765476,41.06851384958661,0.8253731158038584,24.519662387849,86.34542708478773,3.5381473449973178,822.5973046629508,48.419961845282955,0.28964221111837085,1630.137673667004,2.982410312441216,-7.550390652114032,18.322582454039377,2793.306744489807,0.45194929209548057,Medium
5256.935121648377,106.6164474941321,29693.796509758013,19382.375721935474,15.36914340030032,0.36054807860774774,11.624276292462428,16.158896915656477,1.2660486459724876,715.7774413722036,5.973689056873239,1.4716398772159913,3537.699011093026,1.6492881837400033,-74.19505185095474,39.750297262756696,332.8266245749488,0.9813955251054566,High
3818.119105958346,91.32860338514593,27672.899494081732,9331.225528102477,24.04889059374667,0.6977131653550154,7.373114063925046,70.50861904993667,1.353936011657049,865.1477408397753,25.389594030862426,1.7312874332666557,2372.4761893442846,2.4602891574647723,-144.8800911824037,20.053958995449793,171.99044816495723,0.7779193999440694,High
6974.0477437496465,93.45653654156973,12453.298809800468,18941.444614599975,45.82020466687698,0.48393271094895407,16.407746507350616,43.840147863881484,4.669252785698996,792.188092972688,21.974341805161657,1.0773357595201165,2962.302997082357,2.8234219498210305,96.95055314905517,22.465968283960947,247.96835858582367,0.7805468482868929,High
6468.411128907443,60.12182631439213,32250.932950433988,13697.990850785916,13.27085256835214,0.9002074201546986,23.127084221912924,24.58388522661559,0.644969122026678,860.0807204576283,16.97514916162126,0.5852089685621006,3581.2956565206723,0.9352392509800831,151.94270753706178,28.082573031422292,892.1824646778753,0.8769849085357193,High
4103.848063943802,86.98204748087123,41183.30760072682,6380.943962534255,55.04901080814127,0.8607030023446659,20.681235596569575,43.26159378100699,2.5814072448306775,740.289089318556,32.63116555312728,0.7091179350538194,1496.988847125687,3.846932034138006,177.6603636931269,38.763448772645106,139.42091484879748,0.9062972500924069,High
3411.9052280792134,118.18128674741374,3037.3690324830945,4171.899235883575,50.91725758960313,0.572888798478678,17.450317368254318,12.2162272616671,1.910638804703457,979.7889897218079,7.421731427661706,0.6923497658961515,2510.4750064790533,0.9920927000973785,-176.55241175456783,31.55070460484553,209.46473437543779,0.7996774788394837,High
6402.496510373565,147.67749994347213,25408.36723385408,6422.833401389438,64.32320847440319,0.722354991232235,11.301129932151987,71.06367911598404,3.4928484799929262,968.3563730649805,36.116458488551146,0.6600894265809294,3066.4695749997645,2.3221297101596257,95.96348463555319,9.742006172524245,809.1093254313881,0.6887771213796268,Medium
6272.5560714056755,136.23547442855096,34776.210193031824,2313.8394806221622,84.3934153841431,0.8950147309198936,15.8376034655244,29.010553531103042,4.278332244060464,756.9989527606854,49.04901406643458,0.4933902469250831,3845.2163435165435,4.120800986931821,90.60138376278502,12.816646295909832,1275.5984708840094,0.7184533617066173,High
4366.297634991047,62.12354681809762,13363.284426414666,3305.4253436949307,82.10291049910401,0.546145309070448,6.824896826085107,34.58353627926341,2.1217015470045633,803.0332849882029,40.42337700896287,1.2216455183121737,1656.5215521516814,2.604066627259836,178.8438456582357,4.807501344732452,219.72174439114525,0.7719091080929158,High
7754.317811252052,140.87045442073554,16080.774359364306,2540.878586756382,85.14680562619482,0.38192566643993975,18.578908485613397,16.502723332938963,2.4210593929527673,884.0478315555939,43.140820892567724,1.8018065839444837,3125.629206764506,4.289069838733286,-98.83416220089383,26.133642202424852,314.1972654484345,0.9734278385407075,High
3755.2894589045013,130.48785719687635,31068.257246479807,8747.399102960377,22.024403732133084,0.7782995241186231,19.501920377953017,87.14261581953971,4.918630030256364,728.7058621917719,18.622200415771122,0.621094002035849,2989.128489156471,2.0384659492525175,96.87161531806254,8.048871955029641,2236.0770629975295,0.6794027474665125,Medium
5161.67400521301,130.23385112138823,44998.82937874311,16013.778337022935,11.840877597541915,0.2980596293062226,24.300632458198375,51.87720653186017,4.027624293556412,806.3703463348453,16.919443717579718,0.38152165194821,3492.095434497603,4.80936332299296,-178.14948449340616,11.038790650695264,8087.949995936709,0.21419935263004772,Low
7718.079600837995,101.21961831032144,40686.29659484207,3256.9793072186335,27.204903044680364,0.44967803320543787,10.207947174901433,59.353953389708025,4.537418589193061,775.3336860457018,26.335369379816527,1.6787695560791354,6027.711612593018,1.4426079431235599,52.498288304647645,35.636432552034705,266.8575984123675,0.9539075497205249,High
5098.636584630612,95.82047636590525,29573.380735879593,3041.24844686055,80.55766554896832,0.8791545133961143,5.369128380860452,59.09610489401119,2.474429992932334,974.655018615009,3.240604123351362,1.4861488284705096,2283.809762667045,0.6721886524518559,-59.66087037912811,13.743471337948593,136.49477784792134,0.7944606976613742,High
6192.629738320427,87.26241559498733,36780.86417010521,13046.86451558795,87.48481271611394,0.7519801062423835,15.912169288543012,43.99684588142747,1.5533429179285185,955.7531908867616,47.3225485883701,1.8623656928042218,2367.327403285856,4.425919443456884,107.56377581899005,23.099222015812515,159.5786896539531,0.8367009941220624,High
4987.971989813971,65.91253730589293,18876.301040182134,4345.068148377292,77.33924559634283,0.46342990472274936,19.13581008793629,23.29034196662325,2.3533855942390325,873.9498223800591,8.045473477793418,0.3393842738537702,2751.037299339772,3.884912221776837,145.3217145741574,16.505074342777903,3504.542269530169,0.6985359426517482,Medium
4371.07601174335,80.54118271443292,32407.31087683913,2403.3957431253366,9.901594901478925,0.29327005216752167,20.80814951765976,75.787611107348,3.7224136302418107,856.1039010614722,45.24763891923653,0.2970601150920172,2392.43913463012,1.5439272668031776,-54.07158311299352,3.88722020883063,8041.766811079679,0.10844924451881481,Low
7919.888239799141,82.19432714802221,23842.897965250293,3753.547275008764,85.26851982538139,0.42037155174901286,8.874778660496212,17.070345208979063,0.992436821761907,979.2177383636192,5.095528878017429,1.0874444946669435,3068.7448903926156,4.931337232115032,10.234437079720237,15.151689365971498,285.4617528249087,0.7998285066200416,High
5046.670031575215,103.56693627391815,10306.870686420485,18512.762219597134,38.10222246157074,0.35569373430468976,10.235057380740473,14.868010076486996,1.7171109752742897,979.7283348936446,41.30862145624945,1.2327229731218396,3364.159623658055,2.7602605817083754,-153.03837505456005,16.914659918401302,337.36888909380434,0.7631233868948314,High
7470.496018395672,127.26999659370246,35385.1754199856,16518.68942913572,0.8379261686118311,0.25848035914946854,15.251818505345927,72.46377857166782,0.7098615520771567,990.7990376054981,8.446163768032541,0.9655451493005832,3592.4776208034846,4.779794480648736,-33.23721391060937,35.93234297454921,464.2519083262684,0.9005517563190792,High
4149.773029455431,102.64288455581519,28266.76723009228,7404.258965924335,39.81543666733742,0.768999622209091,11.612016199400037,24.839516942938463,2.4455648225215922,737.6136652324562,2.8684490904821622,1.2019436062845121,1631.6186133084761,2.7726294712414967,-55.679842696332315,13.65357549220724,156.04689070623755,0.7226073282517386,High
4065.5235201254163,65.20600045024446,18572.45751572598,13288.504962884159,4.146225270792083,0.32686289816515435,22.2102297317489,34.143411378519076,4.223505811908259,748.167343228951,36.25498306271103,0.368955740061392,1894.5002054410322,2.6234356404708095,-126.7506160861929,15.790403670720647,6015.097982006468,0.15595482377602643,Low
3155.670414422557,146.20108208893834,45655.62031385291,10976.875636526742,48.94901290450058,0.5087507231509875,14.475203074774406,50.146609365165325,0.6109865973410487,903.0210096039659,14.732999708546986,0.9644313707865259,1836.061665461821,2.521123417150093,157.79144990671034,31.532973978221044,235.87190059754724,0.8419622954153939,High
6258.334126879425,144.8451887184701,2025.7717735099302,13703.923137909997,30.46986246933462,0.44727350215249817,20.99157288204006,47.68837508930689,3.538955870632247,862.4303429829534,36.010311486433125,1.319604196269939,4150.749151589215,2.006938742598276,-140.7648647839359,30.59930939725232,268.2922181226956,0.9720478873612413,High
4842.631718618806,130.66705888335676,16472.884411225306,13812.087473023807,42.60914402346439,0.9838696407720677,16.612395209647076,72.31501688117493,4.696231435311828,705.5397714679708,28.199177273168168,0.8710858340049205,2619.5995604532895,2.9016567372944824,54.295743012074865,32.13312578929114,121.96737761501912,0.8870154807743724,High
7321.791249198185,149.21951114077984,3787.1884911046814,12760.313293669862,55.18533246688053,0.4519830197333985,20.46180283234224,64.22602037711928,1.5661753768003202,718.5925107968558,6.331562121273214,1.3621001982750298,4120.685773333353,2.5364959787685555,156.05705739195508,38.197058862964155,265.4966995680099,0.9810549393557133,High
5366.049533457786,109.00340995202367,38559.83849485973,5688.976686477517,78.19209862360383,0.17198423451707934,11.653459730606476,66.21763541677724,3.6213567832744165,966.4241146776416,46.674373591757025,0.9078706483021408,1982.610247408056,0.6653609448059936,164.78743194529028,32.02674243739658,697.7383731535177,0.9217746286436885,High
7840.967139573609,146.64915152278854,35403.26525157584,1260.6252048749534,59.571141882473576,0.18084317731487565,21.628332438606222,72.83516141226845,4.8879585549509015,960.6612386618159,23.1633945634104,0.6738631658761317,5938.3208836238055,1.6719585504057612,117.29587993622738,16.89671992549775,6796.333978707745,0.9180562054717502,High
3927.627578515606,66.80445365550757,17236.258718079534,9383.552248807122,39.06439816303626,0.6316783492177583,10.491446311020432,32.798209105229205,4.830251270686085,807.1812765988135,36.98791661213571,0.6141740437033137,3002.129659988853,1.4590526004750128,-129.54354645032936,33.03883215902558,189.97010131596647,0.828691018543381,High
7343.115839778054,92.91126734352342,34107.482208146575,17873.990751468726,73.74850683033286,0.639427196564439,15.921976160065816,35.621664621045,1.5571813686311446,967.3151850791604,25.55000802876563,0.8276950973872901,4712.175062645392,4.403460210444799,126.97256368554787,20.838310651507594,187.667963835046,0.8579811091527597,High
6882.984263958709,80.28431412060893,20400.92408360154,11605.196541112231,81.5023923815819,0.47688309143438945,9.280142263477485,46.609786050077645,0.9514897394543091,878.1025223193706,30.613712273099033,0.05594834913757965,2125.573634309769,3.1949148975207864,-89.37407503375016,11.830847268224046,2168.6386566567253,0.7104901798298325,High
6854.60922322026,77.6249775720843,38056.435779699284,16731.625313187204,10.77839697889775,0.4886593230808267,14.510530432523867,34.20890643818498,1.1672714205316217,941.7716941056706,15.835906025477929,1.3403650255077664,3897.099703908442,3.9365739520237732,168.95921097300356,12.813765657109483,245.56985681444044,0.8479069560017004,High
7223.916140584438,72.67226540034085,23254.999474098597,19836.674687743947,47.87396797975123,0.1485393245567841,11.363504190174062,98.56909755223202,3.6591605081696397,828.2293213480643,10.817654896169064,1.6917602255507211,4439.887386391773,4.8057171698717625,83.63467256953982,9.729853153972535,807.8668753749854,0.9065372692269439,High
6805.1199547149945,116.0172277409397,21201.70666375161,3690.515980696387,25.606076376819974,0.564891859350336,10.334068612744286,82.33493301003581,3.7659149395397398,734.0194982034726,27.585939966995323,0.715707917941806,5425.906636761384,3.398176726368845,114.10702440355459,6.654725354970383,1183.4963932823202,0.6838787670198087,Medium
6131.101608157077,130.31896701725745,46801.765858926745,13989.663963268655,4.2355078089252665,0.5542655278423165,24.339700360560748,20.64219538432281,3.5340645273268954,830.1181187938049,22.5707296755791,0.10160594092201992,4892.824337860594,4.92174496132135,-165.9870185992251,8.195126062292363,5089.335493954334,0.6203123703833071,Medium
3656.224388411938,112.04685594783246,13293.075894644311,13648.72468715048,60.16920256025868,0.2345943867012501,8.201482109734613,5.531444808777604,2.0123527448400713,837.1899393990693,20.115547458262725,1.9736834387972597,2664.6768737102775,1.9029382324345834,33.10604537741776,3.4639439481989553,698.1002361272966,0.8306763392948114,High
3162.6308974562594,73.22664386293887,6901.919659831706,19609.13122348643,77.6493699713303,0.19345544749983484,20.746516749147904,9.064410483490446,1.2639962289115496,865.2832581521809,33.95579255963653,0.5347595283476232,1049.7262030354132,1.3382023204080222,128.45685075947182,35.64958373236307,1043.6897105056275,0.8187974178664362,High
7604.239239078434,133.00113929401238,29642.612549713453,19719.214312079606,14.661238902965465,0.21121524153954147,24.683299189664297,28.1860278490779,3.113424913785139,731.6748138713284,34.83482496854566,0.2619760321646383,5905.742639946873,2.3148944959681015,144.6361411089997,37.3093045763158,8470.499858968542,0.7553729977221788,High
6083.251572603691,117.23592364473556,48496.768801924765,13890.232928620524,73.11722918615105,0.19092542184213268,5.398029674801556,15.857672154501373,2.6765620059103994,997.4205589148835,3.250082748471889,0.7458074908663256,3688.4617193864756,2.618597367211136,-188.5473181065434,23.884045307261925,628.5176632958936,0.8721384148755928,High
6982.686454880882,94.93491355142959,19514.121472632145,5250.488443652788,76.80561601832474,0.6487373759830838,18.9805482808419,55.66712091479435,3.7797536620503656,773.2410462420719,17.598480217939937,1.4797285108607778,4890.976538523394,4.5291269428366325,175.6636930220477,33.77909270773871,184.97469768587692,0.8929609784894574,High
5407.61175756275,120.67172659824567,4039.8014178102944,16071.838843546682,82.29063983998351,0.27683438716262676,10.058236111125742,86.50954615909907,2.4861203540852967,759.5657210611279,21.17646296109249,0.5948940278122258,2723.253948047177,3.0197319756650436,-182.6645066790081,8.159273003472737,2255.933614351022,0.684542884818711,Medium
3586.5409448119726,83.39144813185496,17625.958098168805,2587.068117115243,23.87565801774472,0.32628713696871714,5.809756486566089,74.9912709867566,2.0238786260891075,858.0408756567809,5.747715897044237,1.1536593757997808,1649.2161071382163,1.8148144973810765,45.807471869939945,36.16527918385242,367.7742282911539,0.9049078836755691,High
3625.928961012752,91.06729876447895,25790.651061658366,15723.63643134676,81.35577586709003,0.2562149297362958,13.057791579132616,25.48286099280809,1.8206535981155647,861.1624538184666,12.55914246821613,0.836964388929913,1927.6238698684976,3.841854272903844,77.35501104612484,20.748100825589823,468.35678203259914,0.7760210217196818,High
6427.826436144856,142.5737258818791,8934.22732497847,18248.82442082158,28.859647926278903,0.9620517740036527,23.7043562034175,42.933429322449655,1.4516164402238594,831.9462213499733,3.5304480639150753,0.2443503446304708,2400.38986947192,2.776243717125819,-157.06188353283608,3.6194347116166483,2846.409729817286,0.52806477790315,Medium
5151.5294744973135,86.14540551042784,33247.00868476811,7965.251197984488,49.71042121099526,0.8691557168366518,5.235301887339954,53.249949905471375,1.6958586928399764,931.5676438975763,49.81586283223401,0.6672711548592993,2465.1772114154955,1.2295937537382657,-180.79525375632292,6.511197035272248,138.0650183568345,0.6702767185273442,Medium
4002.623633501684,102.2989441342143,49889.72006149983,12797.388252170069,4.545672374905392,0.3074453536163688,16.757713838595635,81.96955570281688,0.9267369747984562,854.9963202185809,37.09130294552238,1.4524923063709927,2917.1471265890737,3.095689044160635,113.96486178029164,13.05008197068587,390.31326571855215,0.8448683026024038,High
5457.9727337071845,140.11270236564133,23135.234323090746,8887.783275888112,3.9492979531869246,0.3948096645299134,15.027929571906487,84.71655229508565,2.060856549180003,882.9086365434953,5.28505766863493,1.2278877556895769,1740.9581797335654,4.601275415632777,-46.13175008102641,2.6987456338353057,3560.4517026239714,0.49163332146032135,Medium
3321.0446853756703,123.69492152407747,18381.69927978042,9036.418572268505,64.83358914589826,0.28890355807449747,22.46768328742095,91.42323963123872,0.664564155633312,917.1239156223356,1.9922196097145135,0.24835897596828638,1246.8497733860581,4.29180177864119,-157.15499387395053,13.062441742680301,7984.744290732388,0.051086104216676725,Low
5909.857009571993,65.59829035482325,20634.504174888865,6552.232337608341,40.00319801800119,0.5426883635147414,6.680034290412513,53.37829879777314,1.3388623122484706,707.50753046916,36.245102207461734,0.33501159533147407,2142.666409429218,3.14064487685899,105.0671265550568,3.3372868916367797,1229.8781087718035,0.5922210561227114,Medium
4344.967022175489,73.25727398510733,6642.162741364856,15361.52759878133,23.06631378322958,0.11764947922682824,18.630520597733007,70.95610091140698,3.860467000787431,871.1932547635134,22.52041611845068,1.2850593850218164,2179.165076891636,2.1968742824824465,139.66522805744825,10.205076602520181,5626.60319897783,0.32786849561140197,Low
6987.79550318594,60.70574316947251,44280.40646988497,18755.44300124685,17.13721464224192,0.7042312080071161,18.602193968665546,15.62103526722403,1.964610449044802,965.2583413685109,39.553038744164226,1.628696674498529,5579.7089423460075,0.8914043797889502,34.95447630352294,11.361120478401222,170.3985830727164,0.7158955165979671,High
4551.809794617869,116.7829611206247,21326.457120546245,18844.641755071993,60.295814177329625,0.5708423348358775,18.381600337245665,58.7024511956283,3.507066576398047,705.2166228776301,46.250325853100804,0.7054542469567568,1760.0891007407868,2.613420154992307,-135.50527662614175,39.78039007830496,210.2156631997189,0.8471988649378441,High
5276.100745409006,100.29060828693764,19976.446159817224,3908.2350550612096,0.03613896228058855,0.9087750354709929,23.84668989870074,28.625721899757835,3.725978790187748,821.5546311402883,30.365719061802253,1.1946683961684659,1966.6207816200686,3.884357468883106,-193.91101140340368,10.186320276782913,1541.9545478239625,0.6833390545388764,Medium
3058.102699540503,72.0847365812048,33324.823373593244,17557.50116830304,72.53020522771688,0.24795341589557274,21.461750580137608,46.013104077528055,3.115334042294511,977.8682350617489,10.1683127229454,0.3495807416166895,2316.5980085913825,2.1212317387985475,80.32099252077757,10.328271508604633,8639.293329546656,0.20881228904203203,Low
3362.2344389727946,146.21407089510933,22659.63762562505,14879.913107828881,7.132464551693594,0.8236983214550185,5.839454524870121,65.23479828913834,4.814139836144293,805.9463206847613,39.32750776627618,0.6296389104415945,2491.500644220202,1.5595107149824898,20.055869930126704,27.784769765977014,145.68440516914796,0.7634211821565242,High
4962.467782033424,107.6693751551058,32763.439971584456,5430.32931346064,17.23406534173075,0.8127649130200442,14.421657014090263,29.413664096109205,0.5964793998040097,837.6186472600723,47.83477541554435,0.05033770928937467,1568.7362333043964,4.6912087367192905,60.318856688031815,34.514941662141624,1872.7561258662013,0.8404296317375898,High
5399.694173585618,81.77039647016002,4010.8682164085876,1812.0499519695338,34.76127557691807,0.21446307029519823,12.95906112402667,9.957580490692303,3.8239369276466393,994.4624179132938,29.431333065937842,1.53886913612105,3649.3993987906006,4.197000652060966,125.27386807983828,16.095161091481373,559.5368929243888,0.8900387867424289,High
6000.102740596519,105.05432140392368,40872.44384238914,5725.946704245371,43.63728657444933,0.45870330172971485,11.202944421816042,5.972216358831964,4.814539897731836,759.7971576851721,34.41787491675594,0.8080095413482039,3766.4615980768276,3.372240287390651,-26.308889202811145,35.149102777687006,261.60701165109225,0.8242306031383846,High
4458.312893546516,121.1658299461597,47084.693691090724,18288.06061723975,31.949560423254766,0.2531373770300652,14.026734503081945,7.1051558767295475,4.380222782088227,719.5765567375017,17.53626005679698,1.6340898915713682,3048.9082437980423,1.1155250476423373,-150.19381246655183,14.265538809162528,474.0508944506743,0.7811387013606456,High
6474.909430632713,66.8615296176208,32789.50392180991,12846.98416046756,28.86409484858645,0.329248450411794,12.68388369851955,5.7932250638081175,1.25551711312256,957.8267772583913,19.69485703835525,1.4196622620852253,3543.402133204386,1.1520897818277787,175.9933141563306,8.683619304985754,364.46640781426584,0.7757070352750718,High
7300.611985946023,84.72334335431029,47773.730514081726,14560.565887508501,86.75244108658696,0.33692155734748996,13.646677997573306,15.48373037299817,1.9706913781327944,960.5396023637106,36.99807039480013,1.659201088799669,5809.021098194521,0.9644881615510054,18.10485089874291,13.855914148781217,356.16598992576746,0.8299673484109629,High
6899.254944466749,132.62689417955943,8420.183404128202,5514.470846627369,57.74217131190548,0.6006127546231954,24.58523731217285,27.75142788416234,1.2760332794440943,841.623350404004,46.460783821934136,0.5784607524699368,2221.032363660894,3.2733350010173443,46.11764763541609,24.7648985831917,2049.8496638156903,0.7972291465861131,High
3198.0941267417857,101.36983833623951,24393.39328453733,14528.069033708995,2.1089659830649388,0.47026983858441895,6.772659494991615,26.01604384731842,3.2058876371661684,854.2621523431859,31.82043097399326,0.37836637355141206,1334.1994349991187,1.020032584130012,173.36457182070046,15.318583213170877,255.17264802951763,0.6756023889444867,Medium
5402.534736289144,109.19194278290655,30488.529963326917,1048.3693724195132,38.715831759988184,0.9529595236056748,23.444617396774596,98.74567644709019,3.7048459189077154,950.7419108853508,39.70254751578203,1.9440923084768245,2691.937155467252,4.291822394881849,172.6334625241052,27.24285835558226,125.92350149979173,0.9679432663017039,High
3524.6508920908745,98.95344019885223,29505.095723638147,7818.766242573769,78.75078297695732,0.21373312775230463,14.604734269420534,34.07057999484961,1.926831962133762,921.5678494347385,9.410115853353277,1.4374822962113303,1850.0503791184387,4.968342508186949,28.83784269126943,10.240499297476813,561.4478263709688,0.8082171288580765,High
4210.225079312637,63.95099483787046,20671.62717536312,12721.690296575458,27.131056776960115,0.976322921365179,17.47484490999082,17.104974419142913,2.92777958292933,779.5447006651032,11.385995422640704,1.669744113174074,3202.649596847121,2.148566831188994,-80.95543011142956,28.338722865576802,122.91015336627112,0.8916482678094982,High
7933.312966335732,74.91748018381404,17566.13605894681,3348.8830280557445,8.510071029694942,0.3075747761928376,21.603659332353878,56.82844169593701,3.6091425653203775,705.0680065214556,27.069699654836114,0.03613541368276812,4601.338831270076,2.5415143113519383,198.8454536050957,14.5500961666902,8223.51657667719,0.42751594444035534,Medium
3712.477714507566,100.09874748677018,7214.377104970521,16548.569701715227,68.2546294430926,0.7955865427436678,12.209260582985111,86.50595826276329,2.3960291747497173,843.9100487600638,9.651155419899185,0.7153786243888143,1197.480097126626,3.7025022964355543,72.32683598141438,18.778866492475444,150.83211385925003,0.7561879457463243,High
5494.44076725678,78.8266918867135,20195.380077551632,5083.110326832413,54.54124487424731,0.4050729335555393,13.608438161759338,69.41573579482915,4.343069887049567,957.6736978286924,32.114758440825256,1.48820521424889,2768.821677027093,4.717188528465946,-36.62532924317739,22.75206047727294,296.2429480209812,0.8217357612198752,High
6090.778671590595,64.49811257937108,8970.379940168772,13219.481699959702,51.32812570438535,0.22877325587558253,13.19036960557428,33.12779846786778,3.971974708795177,968.7504030070486,15.29100608434025,0.1651858376500668,3095.6090617669297,4.523421981003733,23.934721141435887,27.762775124253753,4513.299760456317,0.677352795032168,Medium
6512.32485272052,135.92846976466413,36983.918148118704,8401.34428021893,4.8218903646667135,0.8721002667216159,12.494620450715196,58.353535180188224,0.7909949473275679,986.8678591228461,39.785098314677704,1.1390064598421819,5097.492772548578,0.7591632293743187,-33.66637989278814,10.309833982100614,137.59885712580035,0.7697217501557168,High
5798.243417434571,148.30732762477044,11232.715839234908,12122.85011181412,12.644910881596559,0.3779748093128169,23.5105864329379,72.91131754903887,3.2950638459087305,963.8689712838343,40.597406984102825,0.8638548072354564,3476.6183196099137,1.2608231115054425,155.32206091865896,33.601875959021605,317.48147507017177,0.8674802246924707,High
3048.8542370959185,131.38285865970656,3869.699958942159,2595.2857762637086,56.02944565918024,0.6929698638041579,21.578597823860242,74.16992677493552,1.5589649793188731,874.0130665894295,23.7255853320123,0.04505684921080352,1883.6600019375205,3.895687393510065,-7.0002500537015635,29.15186724045435,3509.2619629047945,0.5931162981561734,Medium
4632.306541219959,136.84064295342003,28065.94075304448,829.7995984713428,18.704145731295224,0.6097993165779639,7.179999797259522,68.32115325328044,3.008832191002739,833.3816797708303,9.85972111684413,0.47959139846770826,3041.695303471101,3.600018986146013,129.4113503924989,10.129818841935979,456.90293501679696,0.6919859980714721,Medium
5588.558216923557,81.77794172853409,30166.25690325068,18236.506333915873,45.36630717735819,0.5245806784517869,7.16246704954192,87.7269903536837,4.805997991848348,932.4549539602297,32.691973093014695,0.5767360582427613,3828.2722375818284,1.0994836731805546,136.07051912920156,39.0240079415135,228.75413626395877,0.9030235388880677,High
3439.3324957241666,146.456427796188,43723.74000274477,5757.7851709600645,49.03935174264541,0.5462375253836852,13.557390297059824,87.66001854268991,4.455779020485126,921.9464903096789,49.64656389491574,0.2326012932291817,2123.875639813165,2.7592906190070545,129.73293509409933,26.927082650187877,1602.4053370438587,0.7692188700268471,High
4753.134656045904,77.72331340080855,29272.09900846641,16483.70155421895,25.515647124384547,0.7590141226830588,6.9731475346561815,59.99897314366531,2.3203238140180926,861.4430290244363,31.506953999183644,1.2667584503878941,1989.648742110286,4.01366583988383,88.87544499026978,18.64464857220152,158.0998250412112,0.8079868728048742,High
3166.015543956833,145.6286829325649,17928.56183244884,19987.330859207905,85.35826399873436,0.17899562271109654,17.381861905422394,45.836355065565165,1.8118123625495903,726.1982117675408,2.7529598449863846,0.4923717737412592,2333.426138655094,1.4845130701821214,141.95108672303274,7.143565696587137,9294.912299571262,0.12495276323535784,Low
3392.8924857751035,149.5337364569356,40347.582194789706,4622.909530978767,75.82176961520176,0.7013625957621147,7.873832145234678,65.94917807868448,1.5548258498371657,977.8244040360756,1.8474048125870466,0.5624628042425829,2259.869630482729,4.420794360805998,-45.108168150812304,21.795619090017126,171.09552280814975,0.7622830554159413,High
4984.616381007981,124.05505251714439,27473.665766183633,5670.829453075434,65.01361568695187,0.9062308912587208,15.447465279336022,82.730140130194,2.8963169139043403,836.6807612504987,16.697736554123004,1.7974948104182933,3344.354800602706,0.7383729866916559,-154.13471754321586,7.4262595862576095,277.9162218984228,0.8308691643595281,High
3663.578770215302,148.30293586126396,4884.733946928396,13425.76585887598,7.019447976846818,0.15200937731787775,5.144398940074355,5.5369499599125485,1.0141180396612535,809.0001345748793,10.593406536159838,0.9395749544593475,2924.5556876522974,4.019877882806332,136.98168174900582,17.750175469215907,789.4249823092122,0.7347423345310586,High
5837.704241307791,111.25858016103933,28726.677455349087,19326.248374712115,9.551701737811749,0.22658800531030007,11.331926968252935,99.23971585641085,2.971737536577119,888.8702185506315,40.839509150022096,0.790335012468852,4093.7675505591487,3.271185049054416,-0.7326337250619019,16.939788386841236,529.5955531082348,0.6904654240088431,Medium
6447.324845686329,83.35876048584814,45492.90872566146,18358.379789719507,44.350321127846016,0.7449687430318283,18.54381447345311,22.37490837127393,0.5060013777085641,902.151388350093,42.395477684764025,1.4505033662462872,4607.10167490485,1.918397059944571,-149.0495869888596,29.077646129550946,161.08058374587816,0.9231534369460972,High
7002.933495545414,99.32962970990587,20419.318649412806,10306.072641278904,14.46420142718871,0.4935534834201558,14.680778804556969,49.67365363769774,1.9573233383563018,763.2063751090905,13.672319794213333,1.8201314557969952,5432.194825570288,3.7441964675386012,-153.87499112719684,8.502944067745743,243.13474432080042,0.8694340575474911,High
4000.7512212240504,113.42048418409074,15519.964293090203,16004.65050927113,88.04389171765267,0.4631937587323195,24.565389719979763,87.84282481007234,1.4897044122376157,951.0816534429869,16.956594070544742,0.05982230911251323,1502.550133599184,4.020646078180219,-136.3030423960429,33.052982839962986,5851.914073779373,0.2569710015963037,Low
3837.4129112953487,66.57734058243135,8030.003393882983,3147.044135448071,14.26682106246685,0.22326997108981228,22.482075921324217,26.37883790919894,4.870484554823519,786.9811280987134,12.576101418040619,0.901995304645239,2106.2166037896536,4.7025453708678615,100.38930386684234,13.719160753630465,5432.413837941773,0.31383134840277177,Low
3522.8392016720013,116.01089381555215,8420.830574832507,19560.04459197824,43.87210519175766,0.5560930366460093,12.181415580863025,50.295546270536406,3.7725904380649053,756.005177774295,45.510744821191935,1.225454898595115,2079.47389545343,2.1549860246941863,84.34266938651245,18.31555645178223,215.7912293305483,0.8524845034910871,High
6182.151247718184,148.3060053086065,22205.802732749125,19304.888063701736,32.770895115735485,0.2138907800767395,5.9097308294454916,17.595307117212023,2.0734402120800697,821.9199558563492,25.62981739649183,0.6439405652707193,2872.461554443421,3.587075311909797,-118.4725279260467,31.121298046599858,561.0340004227696,0.8556719980609284,High
6532.378632434506,77.10968848053548,30188.31138391495,3692.714678643834,57.54477793086882,0.5289584106794863,21.912526002300375,42.53225091187829,0.9178028893877923,919.1680242692396,33.150715160018976,1.547091367025251,4701.363823555622,3.211773246206109,138.7693672439181,25.390303588827077,226.86093571298187,0.9210421225944083,High
3157.9307241282104,131.3335604659545,4950.154853310485,6338.750933660579,11.613276800048242,0.787253769065491,23.224686206293427,21.82786820533524,2.825602676107808,989.637453531941,21.35862224828056,1.943239369837845,2151.2133911750807,2.8634273125568983,-87.48208178870205,13.012988720275557,152.42861287592933,0.8164118395180566,High
7681.061231218449,141.71089144016574,47038.86086223312,2453.022451381955,38.728478523815184,0.33243792209844714,21.412547868380734,39.544636133259914,1.4605154659671904,942.78437931143,31.919695481722027,1.8874204588380636,5072.891887288491,4.5068741336976705,117.19423332597898,16.061914057289357,360.9696488370649,0.8142040263125216,High
3259.856418257362,144.93314335381987,38001.5472548146,5798.4931785145045,24.72345295264293,0.5327075513617546,7.558998818395297,40.479100595308594,2.91393295654261,982.1045133010575,19.906913459365068,0.5393052533660844,2603.238926055905,0.5142529136228015,-4.4776369060232355,12.925685745594796,225.26431189729763,0.699130491726969,Medium
5706.481676505353,146.41220439649027,29744.57199589947,16411.13789359653,79.89763722045193,0.9928143724571521,24.958302688245755,99.3512250118416,4.259130593805017,742.1817412229581,17.64424344873205,0.4604131740905971,2452.0220302424923,1.7695022274661893,92.61947301542642,24.196036523809127,1670.1767132207553,0.7661148294689196,High
6545.302597254582,106.93136748493248,41593.49487601055,7877.15433972256,3.6527140921225576,0.7179853810186335,10.171684431055477,99.50723778385836,3.2710664844562345,721.353039659103,32.08952358550053,1.9154061567322298,4370.485908956801,2.9222475779517354,-47.44493477057367,13.972356795066748,167.13432219156243,0.8493063432919422,High
7354.845618730428,147.95771171923533,4929.151083793551,2223.7408593617884,82.23547446058133,0.8572210941746787,19.4840982561674,15.904696472758179,3.35204788795251,867.3114285720013,29.962041824400472,0.9226706899886171,4234.201078824137,1.3023196773644856,-61.14376116208962,29.302210096542492,139.9872224510929,0.7449436029146804,High
6570.434660662138,128.1579186420995,24365.105008923096,7173.397733188639,74.96947246977004,0.4733628459044912,23.16069752671443,73.96703403619298,2.9346363007826515,787.0892449132103,15.382869754229532,0.42451246893853656,2999.367884733677,4.585399401797412,136.5438395837329,23.611699184765317,3330.359428996587,0.8358675106611336,High
7008.640415348959,74.55042926132657,31874.563216221508,19636.97501770496,26.781364479673393,0.7910748308132698,9.713742286614188,9.915820568564609,4.6726953468413415,948.4164918907818,8.318074065654198,1.4169239576245323,2665.3399407669467,3.414178029258569,-185.87909819437215,6.68255785815285,151.692349858525,0.7614028856089308,High
4697.25096271403,102.9210095821173,41603.992399796174,12778.830107554457,71.03615892093943,0.13645825564718966,23.16517109354132,7.868241457032919,4.693562079892715,901.5963614206978,19.060257998068742,0.5759964445685453,3513.2708968869465,2.6504734758439548,189.89477890300293,13.100476128515414,13735.49150012136,0.17974396066464093,Low
7074.125568732561,124.64980578348036,39390.00844241412,8615.138454920076,2.8092204304872803,0.2106200642880205,11.18963158389734,15.00671995327161,2.8072544048309847,991.2184491957383,21.34468431795355,0.5418214803913941,4228.401098252547,4.166157915799945,59.27182330614937,9.636450234496074,3400.471387548131,0.7642378317587204,High
3400.574231923376,82.26062842371749,14576.393235956582,3747.501013196765,87.01789952640543,0.28276353362805595,24.528264447681124,96.72113741575373,1.8759176921457699,776.4377067193913,31.805532337805637,1.7597055957247916,2422.796645238487,2.528987861592967,-27.006644720223164,16.22221528950793,424.3828702390128,0.7398330225439586,High
7474.083280302638,117.65536651939986,47103.12830840101,19730.447547032047,47.39354483308104,0.4617567321536976,10.625200407609492,94.38203704999626,2.5681415264574974,845.7352343065697,45.81190941820633,0.33333351522003785,4280.20189755222,3.0139385536850427,51.22181246017007,21.12337936216516,931.4177432197192,0.7133655547372441,High
5737.961880768681,119.99404311419573,7092.946230112647,16506.555680631012,27.295292345890076,0.8611703904931869,24.068716495156703,23.423142926664642,1.3395106048802705,850.372143227606,2.7730550791133317,0.13814196346781044,2352.498615948375,0.5123794799926444,-150.90362141640688,20.763751434080284,2954.1709288384573,0.6688104383775997,Medium
7086.488849812468,74.64297694277093,43881.54731243646,5988.807397792928,32.632489133520934,0.41163944570913746,6.070893017853498,20.358871877602596,3.363549418931402,771.7530384572128,12.9393896145504,0.5456810159416576,3321.964605095184,2.145652385877831,5.620982117419032,30.42642338596827,291.5172519321471,0.7898847162514748,High
5261.5914225915,110.85767812074806,48576.07223062631,1866.3395665631945,5.976481811444763,0.6891590741639166,19.18544023339626,27.850833219014966,2.7504155110200497,877.0280198464023,10.492081171698457,1.2178213715480255,2582.2281772496012,1.1245571255793638,194.03820933591908,8.377702680466665,1564.1488651449768,0.7549902965129196,High
6217.888475982625,129.4464219880747,9680.522637908653,1604.1983688623816,89.04145626378353,0.738382865323135,15.642222676740074,53.976964437138506,0.9648521501597596,832.9857958237719,25.612426025995397,0.2549448282725084,4890.1666220693305,3.60359906298031,-105.89222486131726,37.912440342600426,971.3078184589606,0.8874134244624952,High
5632.013304680566,104.90060980823478,36381.23714598548,2847.3739153579095,3.5362750635623206,0.6275641186795072,14.557541542454613,59.12194004336394,1.389415015038269,834.016466796962,22.055339545114833,0.9484733978308195,1705.4673408006274,2.655621315390802,88.9112396145398,14.370959168404577,191.21552113670666,0.8003750794114659,High
6657.94760877666,61.089280509849665,2973.9904201219247,11824.987380481221,58.94164108330731,0.42151777135312263,9.4698862851168,26.051375891747497,2.6583438028978708,808.8209943917451,36.72284356718924,1.2584008497463863,5278.6406531572065,1.8579090076260385,-26.011449667319738,12.709705029729403,284.6855059391342,0.8372903735547271,High
3408.149910152948,60.8134622171363,20865.718431818594,18610.8867135071,39.846233493581245,0.6193480075421899,19.11191579552984,76.87916486854479,4.494150458234863,705.0788057276606,12.878379714698328,1.698986615260416,2693.225089849875,2.605245527172841,60.98325939518145,27.72196454902857,193.75213698709706,0.9108644978617306,High
3301.760419952819,92.1326409573011,26297.881660686027,10186.496846116697,85.40245963698436,0.40803903351077164,8.816189828926142,34.407551093251826,3.0487582428399382,856.6285710744366,30.13041992173817,0.4674404864924862,2635.053752224404,1.4433344957810579,-118.04510852328983,32.41514851863944,294.0895114065899,0.7388511389351708,High
4235.516170050732,143.35746615886038,29451.61606957207,16937.436907895844,22.139976627611563,0.1754863646968109,16.056835919695366,92.60247592529399,3.5669075009381186,800.5743507100993,44.30900591639801,1.636519183531751,2279.953320149792,4.662889846187633,-11.814006952959033,15.760398827732484,683.8138120151096,0.7384690607342423,High
3797.7234005659416,80.58091016432479,46860.92516417942,9194.789087266252,47.88781415442102,0.993523580367413,10.064907260805017,67.3886571133894,2.025628473847594,700.3959606952989,45.62320925599693,0.47746345965116477,2969.456958972292,0.7428768464791085,192.03708554371002,30.12703202086511,120.78223644739569,0.7219111199078605,High
7358.917832961009,117.09273199845185,33940.28367741554,14317.379142472591,43.412058772447764,0.21446420826925983,24.11242759562712,46.45336345884311,3.071351268699054,792.3831122985796,47.98044563152653,1.3567654170668846,3663.2662868980424,4.394376658832542,-121.88513959359616,35.46570228930614,559.5339239512637,0.9309933383615201,High
4096.069936790222,79.98682836239885,24582.619609742615,14771.518377086766,63.25797996450912,0.1651135454524516,5.572623876713056,80.0416401617703,2.5132092018713035,783.588499926927,38.88979645191944,0.8670404072500857,1282.672915000313,2.8011145493000793,54.57801113950285,30.90534294307134,726.7725956169772,0.8428173144067665,High
7879.326279095657,88.95029906935937,40674.076777028575,3892.292265115104,6.120920875717846,0.8906776742864403,8.994565602224732,82.70188947443316,3.4660846068042233,818.0344459670907,45.39340740668683,0.23821567233355365,3247.6502243388045,3.2852592326246777,30.239099506718162,2.3336629372624866,1136.9298807295804,0.6249816995068759,Medium
4684.478958855534,136.32378806413357,47576.10822676604,7543.713150028329,17.441021702101935,0.37165119480360564,9.846212127748954,32.595752532849644,0.7275900473555467,739.5555968930191,12.492012727278437,1.431384291015479,3619.4538723038227,1.861725294089167,26.020634516161323,33.26738754328134,322.8833962538786,0.8910465214809478,High
3910.5895784434965,125.59752980429522,2081.241285432251,12927.392052491467,19.310833808356485,0.6852672766661568,13.281356515356329,37.27288166442801,2.719850973075316,852.3051473905253,10.681466273173374,0.44334761091254543,1200.0909066869917,4.8501392755744455,46.04931586064686,31.204757379720327,175.11415485035727,0.9009446267619935,High
6948.492535712396,68.58593495818896,49143.54234054589,1878.5838595951407,66.43356793575207,0.39610515669600954,9.65460483740107,93.91573960421732,1.8319668131478513,907.732105755439,1.3179161052457964,0.36148061778893703,3981.465847978361,1.7683293133377043,0.8951894752912324,27.102319287974254,302.94985554074435,0.7305144786699413,High
6293.538877504381,98.58318188877902,5220.474814120336,7550.0336613776535,17.022482669406607,0.452308843715024,14.826981805375706,20.650398644510833,1.9678327757505916,889.0556707163718,35.63537351402582,0.7230626278928726,2125.9624327061974,3.1499509871313696,-193.2276998969368,30.640874344428234,265.3054470798844,0.8719016073172314,High
5490.978582265695,62.6252787280738,40904.952184169306,10928.589592483253,51.6142587501879,0.3359016748151169,22.44931046517078,9.00428961147875,4.824128442011276,941.1264842707571,46.935892202873475,1.3100475870713721,2433.5923137697137,4.97037517298208,160.0387245852471,39.19759043744562,357.24740004958,0.927088357695415,High
5776.817754688156,103.28011319427081,14736.402875019212,19926.377614370453,19.371943845085834,0.4087396052137092,19.241268428183417,48.13525564790717,1.3221266572012225,835.6024863961243,10.159831907042145,0.4756529927933493,1987.4934984332067,4.464924783725506,130.79153099361235,17.813402624915636,3161.4074155145913,0.6037419011804689,Medium
6596.008891361319,119.61906105309612,7476.8032299397155,9753.404471137594,77.54624550755806,0.46963036052788887,16.59923961070222,81.11494052314475,1.900603636603686,855.7275191019185,32.210235195917065,0.3754864621759526,4813.531881029023,2.9134842137874775,-130.33292763155146,3.6217061632293146,3893.957271237898,0.7141081657337409,High
4142.273706656493,70.66523612383364,22552.92634597791,16413.10676372931,84.79669090406746,0.7483744621831087,6.780063559653593,78.30847009952085,2.794516590788923,943.120582257695,37.5765282018671,0.029807715169595024,2466.870441671191,4.956685353352454,-34.6907290484524,18.974708815480952,996.4750789160744,0.7709808331504397,High
7981.669580283709,85.99964450182492,32553.872392933063,8925.312058799045,46.66436774480164,0.5603825748113126,18.87984216778551,92.35540974671909,4.383621266673306,828.3103512457716,46.45309752225477,0.9485697632324299,5994.658741885665,3.656164377796766,108.21959227742718,2.8109125602508693,3471.9485369081413,0.6969312407328427,Medium
7873.9658107339155,95.80529629519413,19666.640406150276,16029.619091084323,31.707799578826044,0.9492086954412793,8.328285686218797,55.654063115058825,2.375015374428667,910.4798049698791,32.69615097684386,0.8630046829372137,5072.224522664704,1.439151872638142,192.02492615491377,12.475765915449985,126.42109219639312,0.7886394338330784,High
6251.628431734684,142.75779221904446,3673.705005852249,12110.588631592114,21.065199751574923,0.13769235445489797,20.72734771923396,14.506143798820665,3.8473937639967697,830.3807106153976,48.54439290468886,0.4753968098383788,4910.745191987653,2.325182946961129,180.45481857671456,23.8883118800736,8166.8329337128735,0.6253440135187139,Medium
3997.712254645726,149.39295138806676,30373.595843277115,17788.611109296766,4.480290137073939,0.5527614903688254,10.001135170203064,60.925452561921524,4.353683441966611,825.3208583534688,17.88898390961484,0.11676780637928459,2218.4857507965676,2.0052200030519796,159.7436798704697,13.075292824120096,1839.714681363055,0.6769096890359124,Medium
6401.141212156457,64.04201690960542,45217.76052942306,8513.379770827143,24.165006857774586,0.6258023099485464,13.340974566418017,78.9475833635551,1.8950736011983202,928.061687358748,18.146498154798973,0.8642191904457155,3964.5806774283183,2.0480616872203514,-136.65044108034414,27.730414590472005,191.75384637021622,0.8352867391297828,High
3360.992044895879,128.49071311458528,19777.552931415332,12283.936186518838,58.88122019507861,0.9281772874668465,12.009404046358558,13.866171425633508,2.2673758259241947,752.4510746398634,27.607612990702933,1.5785281710325463,1976.7822929939894,3.9220539771193983,165.79004240360194,33.05746677974312,129.28564577086388,0.8887397102597283,High
3153.2625110290305,93.45516597621089,11600.306103910525,12785.364272067134,48.025523817828976,0.14424267125928483,22.176278293497134,21.40245310427103,2.104503006597603,801.5757915824721,19.791592174679447,1.4334114413410821,1709.4788821831205,3.129183172727571,151.37796518043177,17.39712799190194,831.9313484169522,0.8150217083545095,High
4288.414442556068,95.32123676065319,22686.289950707953,8638.96736510923,84.96371504528346,0.6161496264416945,7.530889174268163,6.167612809788736,4.247851138780645,767.2516830240705,1.0698606860890987,1.7229818308217388,3100.436513014627,0.6714172021528784,-49.22003553344419,36.10538010042714,194.75788810099274,0.9237933195966743,High
5313.114783696581,127.88384760123205,3369.772841390263,3314.0848519058895,35.66495362425305,0.8682669356751613,16.31289764769577,61.396995047446985,0.6995608787912052,807.7329828902791,36.85682922926238,0.029069548549179695,3306.152448506092,4.448518176429392,-42.19096218549518,4.113718322665608,2238.018708005578,0.6685101916370443,Medium
7341.3625270419025,142.65837889308676,41203.89163953347,2324.408434790543,62.447700809555506,0.31773495530731294,7.841232188861245,89.23976723486092,1.88789489972906,769.1124467098072,37.83413503244569,1.933174440441151,5143.770674947093,1.8355826321607405,-16.0364312179357,33.76441340381754,377.6732713715308,0.9573794552861498,High
6635.84534883154,145.58357350522937,41490.69973655915,825.0952366928454,44.039047272760925,0.8886631136715437,19.095916722643732,68.71301502019945,3.5573385091780843,873.8216893259964,37.601755629651755,0.6894103827286222,4599.848340245454,4.986836946109147,62.470252386566756,33.31435267213266,135.0342983228095,0.7706271004027736,High
6713.532605999905,111.94103274344887,29812.02270805179,17533.918152781684,46.13185943317905,0.11713906834686265,23.101562555889622,98.29380832114329,3.044495748044042,939.4512407853535,17.906012663912865,1.98089161422301,2655.353739438879,4.793858286506536,-95.6657536067937,13.55776195674383,1024.423377217461,0.8297061095552529,High
5127.466672240376,92.14090433704526,18302.041557981083,5111.260788654544,24.099688314370574,0.7592091662203567,13.692153077345068,10.988196987477348,2.463302116821624,935.9839183653705,26.592184192247423,0.5127127265975315,3205.085923917258,4.732388225068844,-190.82062822402213,12.649892297859985,1139.0366650108451,0.5545575018348398,Medium
4729.6749627348145,130.87941772729013,40189.38485784338,4624.381610994477,40.94556991577997,0.9398018990517877,14.761845205299517,90.78510308939214,2.92976702249623,809.3502893646378,18.638702390656803,0.9483574112807072,1891.0376076612222,4.150074218287882,-143.5081901611031,12.898704264986993,322.9527527747626,0.7346046323588983,High
4855.193814923014,82.59012449360702,28179.664214629993,14852.690308308278,42.37064973114365,0.691477895476056,23.548456729655246,82.33648730173466,1.3891306362274323,996.6281217682786,1.7857836015016426,0.7143160763848543,2872.6251335204497,1.4927599925759416,-23.953636969290528,32.64435478143203,173.54133918826807,0.8365356348005031,High
7938.247818680289,110.7666625950166,41470.683118950794,6740.314205204139,63.59782695740405,0.49512631958240316,15.419827772987142,34.85294444745297,2.438224797236047,878.1563094117403,28.55999812229952,0.7179638228386622,5070.296548656194,2.896847348129519,-87.19897222951927,33.43448601679761,242.36239370431727,0.8321620199245056,High
3200.5459570624125,92.27206153723859,31941.48083656801,10367.871502030814,84.65759992675025,0.14039291482544625,14.751968760991218,97.48502242453893,2.757663428793571,819.8200905334884,7.064272638116541,1.6861413765089495,2556.012125423972,1.5093618207123858,105.80662441445276,13.859175894279037,854.7439886777676,0.9369177346896858,High
7335.157480612243,119.09679663370885,39435.86818742707,3668.965773300398,29.638914973425386,0.9281024319903659,16.566582054086084,32.35408607628443,4.555351048795708,950.6617837724276,4.922024880480589,1.495373690077304,2312.562353932547,1.6685395501502716,-157.32397178029146,24.11102355033401,129.29607321753647,0.8988377888051523,High
5893.377042861966,81.63590216041563,30329.58666767024,19215.0415685084,3.79804217231686,0.5232666004224173,18.78459472725904,89.48394876368076,1.6737582326178935,918.9622037927923,38.01945436614257,1.9843813561077956,2036.8760282613732,3.249282962463248,166.98609022192153,6.418395948177725,1386.9907538592993,0.8570154060708909,High
5193.077095947952,77.24336511613433,21292.912342567644,17105.83730033613,44.666561295057576,0.12609706990235323,7.137667501740628,88.671114822048,4.405228259742197,924.7826010472313,1.4658039184871756,1.23089421860785,1757.9259151353754,0.6837509540887852,158.13087197756442,19.282370792959863,951.6478066693012,0.7373369785392487,High
6626.288302075683,142.64151780078933,47939.34713638074,17343.897647817565,49.001519893425176,0.7208389641958857,21.422210554830322,76.97747357728238,3.3990863037169188,758.8418049201615,47.99141373682758,0.9318806427450603,3307.7148562172656,4.862563550693184,163.50272677331526,39.952921183365994,166.47268802105208,0.8747205674854794,High
5433.344707123514,69.16233146545832,27514.577419063393,8432.088097154101,15.159649601872372,0.5336535282186323,13.710100549065185,58.52969501222093,0.5915337398042044,840.4972922105666,26.24751284151627,0.18924698726431335,3861.989799793667,4.63402927660084,95.84399944133065,7.194726760543627,2776.7499770862514,0.6304840469571171,Medium
7367.116190408303,105.53621169614385,30649.38640848638,15366.04366728987,68.441814564846,0.21191078569816968,6.44697019794971,16.400261213604367,3.760841016047271,958.5484392473809,49.16780510460127,1.993157224832575,5319.2653945688735,2.2134540747097393,-157.2000114065603,37.9549429584423,566.2760373647016,0.9497863773350685,High
7503.509320056292,79.8767504666708,11803.894331322714,3305.585030100713,88.64361975973425,0.29284462837923364,20.723653383964262,55.53731477716733,0.6599834489707479,851.2114022886271,3.841881051162713,1.107545999335243,5016.019428609377,2.819401016031109,-24.744971452173303,33.145934156635306,409.7736081557899,0.8364902374410336,High
5108.604634367277,63.50369669931007,31656.888681936547,668.0705505397154,85.11972453076149,0.15804161241026166,12.538999433725442,38.895644287218786,4.988215070662159,905.0358230263151,29.59294789442975,1.403950164683382,3823.4795616480064,2.5975373867049156,-147.4378512778145,38.91637138690453,759.2936959444005,0.8445707257057796,High
4384.138986175258,63.24169364622838,29008.774824664248,889.4721852715484,17.739543494128696,0.6168641857377162,7.007349901901079,80.26061814975841,4.42686509461039,876.3801199102794,18.11702476281965,0.8194173505107096,2022.9731300064093,4.469899003778615,195.07967710443307,8.003571663810789,194.53228567077596,0.6581669331360585,Medium
5961.751642966811,75.76995948952447,10057.081499404223,11938.733879388928,78.78269159106847,0.6598265313268084,17.675580790865013,77.02227461720027,1.8380468639302054,952.7070363155146,42.3306421479,1.0999542592766793,2051.303540493193,3.5987084434225,-66.78463064053068,9.327221127291205,1348.7297947428224,0.8003141034863589,High
7561.816728083455,138.00933190554002,3919.767770304042,9380.200652334846,63.404427277051624,0.5551680685199,22.602627068672835,91.5081882003975,1.6583505358851744,785.3682519284807,18.699914026480027,1.8857296864668456,2488.4162883462136,1.751500613409604,34.13221675602483,1.6578200876594886,4209.844395368889,0.617632557071357,Medium
4053.3109450283328,85.4230869579324,30613.606666023785,10601.299303716136,40.84619074262204,0.8353919197023534,22.755070188279728,6.408865431012248,2.21648486947524,872.6425833659094,13.763891373810106,0.34117468148388946,2942.972723033509,2.510785645093836,111.75722169768869,29.263370703708617,1834.5136515824474,0.7551045944583881,High
6114.8329178174135,145.5413253517766,38420.921198165706,645.5312381357784,48.65498948922561,0.8749079391772122,24.153269496179462,81.86480559818938,2.102751343914994,736.9704004029412,43.02010322789575,0.5918214428172066,4067.697823886485,2.430346890590437,168.2464336902582,26.11969304401124,1192.5929140989072,0.7895100427690045,High
6157.801100462602,112.34600636902742,26646.6671751784,8742.389083319802,76.46401574842123,0.654061957014814,22.35410919533376,94.15389504684353,2.175520182734215,907.0632330098404,19.358001491009787,0.3125988582782844,3998.307380216429,4.817008257277633,102.21909033654401,7.944552094664552,3645.645688680691,0.7278194946473541,High
6665.565112076405,99.29527707918895,12111.85864066264,14502.329143416786,43.212144567453585,0.11148083173668749,5.042818386909504,79.98354266527426,1.9322444575376618,919.5903515058136,1.824832673167512,1.5865096485715016,3131.7369094268533,1.2888990973158785,69.80151150649505,31.854653656140805,1076.4182337949755,0.9181347591610258,High
3657.838425636299,112.20799512025091,33659.57685795872,9132.527188364998,33.58866321946142,0.7257066901729621,12.604823328267805,17.368473687684837,3.2951003308174913,712.8511963566996,20.124165941127355,0.13347006823944083,1792.1674262040665,0.9030935178249306,-13.607287184739477,12.668624739137291,1804.6863176472737,0.6994067405756295,Medium
6579.124823410442,106.5028546703641,4925.18060387051,14778.274523088334,44.392274372338726,0.4761992952283164,21.37085159811006,12.721514959884335,1.2391864867428077,902.7372890883955,33.07159118153616,0.17244698320416324,5125.511697836577,4.462784744727606,42.160053500209614,6.264827203894772,5113.111568997509,0.6023184691451757,Medium
7545.162603328205,128.28986283815925,22649.851535295777,5043.869805738278,52.12168236315442,0.6090017349037483,12.325060119969484,6.9802977817315774,4.306915816007059,824.4070462497359,13.46361740151271,0.6040032844468637,2504.257365539794,4.535086952776419,-162.33447645886807,17.479943935754577,348.1993175811175,0.7168685505861233,High
3898.41554435121,85.4246459375567,9004.97116152259,16356.269087393646,17.016988840051397,0.6841725418169959,17.030970127594124,64.73079645366676,4.155811178140919,737.2290628329047,22.167392028832708,1.0332344800328124,2677.688578523439,4.422825895604741,153.56901678450498,4.547824088647387,2162.963413409555,0.7433873814534527,High
4187.716624619388,91.77453524402722,10038.493501934285,11974.409188842319,81.08169572402916,0.4152129528943691,17.12633894749064,64.81890192668929,2.644174435348717,825.9722643095403,3.77904177582905,0.8184868531135772,1904.6432960007137,2.7993961203150035,17.510923535954163,11.266502594656618,2284.568813595332,0.8122196606579664,High
7856.975470208198,140.46848722799257,10912.403508751979,4609.880438883171,60.676825394665244,0.9253886546546148,12.300506080776461,98.75680285073017,4.337284843753464,758.2698789086745,29.816546784183902,0.09918445823490646,2510.518230495357,3.468849927212572,-183.94597982602292,15.4820009786665,1395.9452146514102,0.7588158161214276,High
3904.884763547449,145.18108618353648,19948.645795154916,5116.049279149742,56.994202560374,0.2205773800748031,23.089478545625752,42.814101539889094,1.6121528151363198,824.667859636995,38.05845126915929,1.9154082001631936,2621.2907847162137,3.035133714024427,167.960850263959,34.22270280605184,544.0267717356381,0.9917957375193854,High
7271.925466847895,140.3302404737827,3506.360075399484,12746.594059105972,8.954660356257433,0.7043606265529336,15.064566907722352,36.53109706526219,0.5790445506678512,815.3017083875583,21.252315508654405,1.9062103455125865,3384.7609244279843,0.8125152172448041,-4.2792104652525325,31.909400910435636,170.36727420052893,0.9577397271114727,High
5461.389282240174,97.75031945615822,20491.87860552581,16683.822067642646,54.375654435533264,0.10392362196092239,14.295684118750016,64.32036808251729,3.2864356626342035,921.5174910808173,21.591399007271544,0.5659190832491121,3610.3811442011743,3.181257036053251,147.43565662440068,18.267417144274113,4570.053368565063,0.7866928539251207,High
4236.155372015885,130.23289527061934,26073.66490862034,8604.741749568526,10.88645960146431,0.9321859948646627,24.95027491323792,83.43282388822142,2.560592331341219,932.2646674499076,5.325842430660906,1.4657359743844771,2769.713569892972,0.561263662652454,142.75518168214273,29.25842725234311,128.72967482999132,0.9325996498524195,High
7353.7495063625565,102.87021599709888,24681.419963349934,5536.8583679880485,7.082790767585915,0.20125371991428237,14.870007281452333,93.99352520468517,3.052240458331418,882.108596315364,10.895102361087146,1.1613650686526154,4172.469212521489,1.9624433430068877,126.30063498284596,23.177335810981194,596.2622705861546,0.7173400848016345,High
5226.526275013328,104.7785866931492,19756.420919748987,17406.72633475671,47.4579806078154,0.18539580713281717,8.567965038571622,81.29679578700866,4.547027340582813,706.8060526547342,8.579089853267721,0.4825786230611919,3599.4384251581305,4.695316591429251,-175.43879228185756,14.292832348044655,1081.2863852164621,0.6670254816532704,Medium
5574.086769648451,78.42120981515555,42118.18379546687,13550.731689141281,36.25069806418455,0.39970686974701986,15.261388457268762,45.53402815850145,4.864665081046746,979.3066837212982,24.60270066441536,0.5317213879658147,3291.605048605353,1.868203713361134,-101.17334183031646,29.309099396316107,300.2200089179095,0.8166246520460585,High
4796.166846998829,113.20172729326649,8121.007928604701,9237.667002019993,52.99292431406009,0.4362096574351726,21.280334710398602,65.3168523546461,3.3550391289002137,905.8699840289344,26.933521506586757,0.9873948168777964,2126.2291394791037,4.729219891899115,150.21914898617229,27.656467024188743,275.09707305788805,0.7476734385311747,High
5964.754257174637,76.75223079780132,25779.140445287325,10014.053807946386,8.029995125151473,0.29287006509059077,20.53720653796563,86.34843603803111,3.9382501543359725,710.2586349763567,47.49806643292874,0.8442815135797467,3978.8349607929076,1.625602807171599,159.59642242083754,25.14468324555048,409.7380179940259,0.7652721173478839,High
3817.619362925114,89.84082291604744,4040.0294308711605,4483.00112475973,38.788475656253254,0.6266094948344122,20.771635302169422,51.607920389615245,0.8771379506922392,945.6498697642353,4.5883437095844615,0.5895463631802158,2269.841593160001,1.9155300820768961,-16.772455052477568,25.100265320686773,1144.0360001079193,0.7494650004904075,High
4955.407683258803,136.95271814579417,4486.628265017578,12722.651286264456,15.730804354064217,0.49862268823776723,19.160475679958235,25.585231152012305,1.2232201320117753,760.0798464153988,30.39353068459731,1.6169480766472464,1518.1567397142567,3.327833733973491,-23.983412938319105,27.636297700752095,240.6629357843786,0.8870680008561935,High
7847.061611676438,78.63682282897697,29119.42663417772,7495.478955586328,88.83900773317049,0.13075803013697868,10.084356581333765,21.12372677604793,3.7994216222883948,873.766356871332,26.798427839083825,0.968111206098396,5891.747190889411,3.9273213775518268,-129.9437464455401,15.99727499305899,917.7256637645211,0.7624259851638241,High
4290.667163505637,66.40424566560895,28734.902819503226,19915.08094514981,50.503519119165695,0.3876868560297706,22.241681716804628,5.014985734915389,2.4411445537460086,839.9903109850561,26.295421798855628,1.3131476441543644,2457.7877271119582,2.756244956021978,187.3643154764605,34.89395678764039,309.52816205557707,0.8913285269952971,High
6283.683322706462,66.21068333515346,44023.64212937839,9863.578547606812,61.86931748467806,0.8293896222158534,22.8688693075253,73.23260952322201,2.5068437168198257,825.951634706523,43.7848050817585,0.3866542653340722,4614.194327682864,4.4695205923737,-114.74460985638272,7.330005974361972,2898.7135641877903,0.7165699559178751,High
4625.950321123474,144.6706068452797,28335.810107343586,9974.769320697456,29.287645261434704,0.7207313813756817,8.88305393237098,15.554234840369098,1.8887345673594647,966.9141160373192,11.071385064078838,1.0716802484078085,3429.5334782157597,0.6810818972477866,-123.62528625969378,35.471533066327005,166.49753722524525,0.871264496899889,High
6867.365628433003,105.62283941656511,48029.75999983766,11534.109854508102,8.526502330140973,0.7523837682218925,7.609112731027878,28.16471447111434,3.233103725649847,831.2083874687844,2.9978904427272015,0.6427723383987768,3588.0840506605477,4.649876773854667,64.29158805966972,14.34899187824778,159.49307397153962,0.716790686627555,High
3654.3683035917493,96.84708646353165,3386.0475715965586,18376.742060815563,87.82837765051829,0.7283052316751711,24.51209937178224,33.298251494665365,1.3332427043729118,722.6032352719452,33.94130387407543,1.0575630846858077,2023.8987910939636,1.3833850995293362,-102.86227879982093,5.876233008736278,3014.825894793197,0.5760257563290134,Medium
7849.105225392724,132.97907229071268,5802.376554256312,16115.95294726513,25.76331318448649,0.37987571924472996,22.366479273007357,58.23608671299299,3.3211232569125304,983.9916181644858,17.91271574266303,1.563843408487747,3986.3815360100766,4.479074352880952,175.5086444057559,24.401068704486065,315.89278787963696,0.9296069944704962,High
5268.947706918196,135.22433351194644,3159.2272169486882,9297.036361057908,38.142736665621676,0.1896975298690983,22.864722944198935,42.80594134309808,1.2820948571085786,976.1605693718882,1.861905894413705,1.5401372880816107,2764.713745407476,2.3038843076887123,-195.63720187288206,15.663480093745804,632.585991408568,0.7987562535795159,High
4180.25231673232,89.89719298040441,10078.56566634346,14514.635686469523,58.48775295323175,0.3452204656297864,22.727527692487904,69.09402924220038,0.7872171561937111,905.3298068744796,13.317326357230277,0.7148991492882091,3125.0461875736555,4.247406751419669,-197.69869507067946,32.804489357037255,347.6039573177788,0.7811608453139435,High
3367.4837366500633,122.42562517264157,27522.235436142226,11931.592226224851,2.2227567917500157,0.8486067701666433,15.833736480674567,10.285672636226757,1.9866095991457746,840.3677584396075,16.157011936623782,1.391611462988482,2337.276195582539,3.522494974116628,1.9507205742398241,17.800633272621926,141.4082519945431,0.8388188414054064,High
3848.7895254377036,129.4010534266698,32633.03688994397,10101.157449674354,72.92332174655583,0.982423718004764,17.928034733315993,16.77422345512175,1.5401315390443147,727.8578418830564,31.225080462427858,1.8831670012846111,1398.12220648247,1.2917373461521795,-4.7750160346112125,27.073938496922285,122.1468881509822,0.8853393294939194,High
5598.869742780089,118.91856181793591,3233.6727394847712,4250.157569294835,48.292037102575826,0.5444623132674052,15.907257042672834,52.42509283566034,4.500462373503495,937.2244355732429,9.456703908414333,1.2550819665505637,3388.1778087580687,4.631214064466518,-134.6543912396358,13.022061590688196,220.40092964352456,0.7643208676187827,High
4685.015882156431,73.64355673200895,47352.573602434364,9546.757137370372,25.039546836193992,0.108730319430738,6.024126983806582,37.01165484544883,0.7472905424088196,722.6433743272087,21.2396630497165,0.30533614553144794,3738.4239783244625,1.6048282571980685,-2.1921748118862183,9.168642625988264,3558.833269153881,0.6868689976580938,Medium
7144.416829413048,138.82947751653512,42266.10345586867,5293.462446940205,5.5447186763222325,0.22604033092080614,19.910061707055455,33.10226946137917,1.294761616583553,720.5802954685437,24.641296776473794,1.3626201722653994,4270.75627515097,1.5986305341274958,-35.33555793200543,16.13391220700413,530.8787131533724,0.8006074470725828,High
5154.43761830903,108.51850974624078,15534.011625697563,18339.421922107267,14.62485739269973,0.38987251778463916,15.106640666717606,11.367667508564658,2.9692382251237226,861.2151527318105,23.502632176840454,0.21875972883512954,3571.6944205520954,4.163805034868212,156.13181013694748,24.665505549494906,2988.9220454855013,0.8602092096495972,High
4243.57136293815,85.42251837330033,4782.18898109693,7040.432863178765,80.55304729680932,0.6207268137336548,17.954181495804598,90.09332160106014,2.664802358813631,748.038472055392,48.72309756667231,1.745499713498124,2904.8550312711236,0.9764296500763446,-196.2984319132146,26.620922829242723,193.32175982249467,0.9039131583300661,High
6085.72493302015,98.27053668939246,9324.466587733807,19069.14828340076,61.74218015423019,0.16758428122478258,15.052796099510706,70.72276568187982,0.7063340826861569,702.3190802021047,3.2297076517245094,1.0381543866458611,2891.685530743626,1.4991615786670716,190.50792201318092,23.550059946622714,716.0576106719861,0.8524576493416605,High
6533.886084427229,63.38139813590166,7220.276273993661,10894.578156846868,22.491154947320087,0.9490215688388934,14.83622644644912,16.553724897866694,0.5326359260681501,826.9340292987358,47.59744113616757,0.7764300652600432,3174.9763175488515,2.7665490803947805,49.75710571833699,39.53417302634025,126.4460197114564,0.7782291692830583,High
3835.209539504749,71.50801211001757,7040.905185648396,12815.115384185126,5.904068845052658,0.4285753059559607,8.435782189555336,11.179365985028358,4.946305738825174,741.1651694830198,29.514923485707634,0.12344312335288782,2539.055261941934,4.23714662908981,-139.26262174188975,27.952517273311447,1395.8534938850146,0.7090733205701512,High
3838.0960814415885,128.89920754642748,26409.52274462096,11087.338667541891,62.155378114797266,0.9213257961323407,10.574274302822978,97.61289067596809,3.464756151614772,748.1546245842073,39.990658033522074,0.7677596318382983,2110.921241151399,1.1636778863177037,-181.29599447553352,37.329265476279794,130.24708577980923,0.8090766058193932,High
3183.357134667715,60.00104712798295,13046.524682176614,3022.9220308506674,51.51669533709886,0.8024696224813196,8.177053838879116,69.71139229175296,2.1443275890570055,723.0731916206004,22.089238282787697,1.807381269152421,1863.1723092716334,2.9645070553055586,15.242263423692748,5.599394600911806,149.53837084692069,0.7610161137546696,High
6682.010075328202,97.4909245634063,18548.84610992808,7828.5137706548485,36.40675720124115,0.779893545264023,8.91332591250685,44.65832675390544,2.616945114484586,761.5281261170829,23.238056181592043,0.05175616260974333,4386.4248595872905,3.7005826631132277,-106.04393361127195,3.3935442627256753,1344.4433492569283,0.6429202372658499,Medium
6319.022638109025,107.02591629770296,49485.7613358318,2433.349189413667,32.72503042710574,0.6460476218040088,24.459547608406098,71.66444887179956,1.6994755420442913,914.6452539323168,44.08699845177536,0.9545498339857917,4352.463890776706,4.372678511221781,-79.5337851994963,13.128793378466193,2215.4639378288794,0.8128769421351854,High
5373.15437874907,64.9170978000875,34531.39819734189,12647.603861575944,19.513284833619746,0.6641054353466601,8.062268915443969,76.85151971561511,2.051932026619444,942.6781921653374,44.9007903183032,1.8630046013101385,2341.3965578994284,4.7100450209099884,-101.94713406619455,6.326968596680533,180.69419946451805,0.8351668283461421,High
7220.852244845985,147.57703466750996,47500.05268530307,9214.046806408558,60.265013088376584,0.6742029116946233,10.385408486104152,79.09640922693404,3.420700102706963,835.7600932087902,12.695755190133584,0.7957335895323919,2696.2436971336833,4.030879615110196,60.06892542900431,21.50887260090244,177.98795869685202,0.7757854907794358,High
7028.3507647502665,80.35127981247047,7985.271196622664,15670.706945633268,87.36012250144834,0.665849248323024,16.8117931547717,50.398344037040474,4.472653094903168,851.9661447644253,10.762852050646291,0.8620696180496793,3133.922793650444,3.4377277919990084,21.411584846453422,21.240268887407872,180.22097389495633,0.7608655543063864,High
5926.771821983761,87.37788476726527,19724.834266795893,4799.174379487712,15.814372125314327,0.5983554082585252,17.203571524732837,45.83886202186056,1.3285851038653318,709.7965103782608,25.315523519627604,1.1613345098462486,3282.063468461401,2.4512903839074465,-168.8102305912754,23.426839491314055,200.54970397819628,0.8889476360005206,High
7341.356402566294,87.35482610295246,28181.85836083536,3709.038139372031,53.740495801395305,0.9877726166346,8.07948259487658,6.047668005545532,4.281626774233935,720.7948784113951,45.11357432925689,0.9312452938185951,3458.29759593043,1.0044956938478884,10.61061327007016,30.063887352411836,121.48544916019956,0.9470067388516619,High
4029.2060501838414,80.7374995905615,4761.145032548163,8423.478503793473,38.17665501713786,0.7590615106831264,20.87434851570425,93.02292593847461,1.0470048328322108,777.2703176948551,16.79539957690264,0.34551736556272933,2353.7871483791046,3.6938173663648457,116.47590622531993,38.88185830828048,1176.1878836114058,0.8357136319847887,High
3559.5980969886396,60.13264398776803,1205.1847377699355,18568.414972758434,40.20198495701984,0.799251749553269,20.7040573582565,62.31424844694959,1.4674650061477603,863.1695262139442,32.94871615161743,0.04692552274902221,1163.0376740224451,4.967317870139691,-167.52216367187026,35.25208896612671,2860.1503342855785,0.397232215910448,Medium
4348.748057584948,125.64103146791967,33851.282356048956,14353.22539274203,22.873255211503295,0.8852165335753067,9.746354084077822,24.29962403304697,0.6672887962234069,921.8653446204979,35.69943269928945,1.2235251993776162,2413.012473454733,3.8154226762944496,155.89559049216797,5.616322343447682,389.6866441160956,0.7676026491447738,High
3285.434280446574,147.01609498193568,32449.15632327033,8669.010683461915,74.26213880952771,0.29407578645326427,10.773326053509209,92.36232484503648,1.1336533794184975,881.5009184014099,39.155058579813634,1.8424051081455461,1590.125398104016,0.5751999218197683,31.32265977909165,14.202033862055632,408.05807729794475,0.8930259254481111,High
5655.84764000516,80.18641349565405,21128.651689980976,10586.807310209057,43.6730043732517,0.1754237431855547,23.75975730918994,91.91853066817815,4.627864154588227,817.6383564960365,28.632298438127197,0.22166462472405962,3208.7511439266113,2.7331699011882744,180.24978770812663,10.977097976873633,14588.576860792797,0.05320277037652761,Low
7683.028461474807,119.67424726230801,24992.559725569598,2142.1537179534175,48.906526697843766,0.5346049929387388,21.51342891958956,98.9724956147791,2.5674743597827034,735.4972219009414,20.72030373566951,0.42979591131297923,3928.0764341942977,3.2659098461730673,-140.74351291104975,7.895876953411919,4067.260170357395,0.6524132441147076,Medium
3196.7177033425482,126.77066942628436,21356.707029012392,19699.229979334206,27.42848215175932,0.5626726260573459,18.955940661250477,88.03537349820299,0.849496378002591,934.2319704661568,48.38378345114967,0.7467566767916973,1413.310215243078,3.6035339049627937,197.4259997413261,22.244270189575595,500.0883145690626,0.8056704905819098,High
3610.549570050134,136.35828411814722,2176.247197399554,13494.942441550918,16.362761910025476,0.8462636019549259,6.644664430212011,99.78951684290615,4.818770771175326,809.1358154797172,30.95520691183978,1.6193970357520282,2715.3280756795375,3.738766260203189,57.7091463878707,22.57731167927649,141.79978876887995,0.9354508091756842,High
5260.9951414171765,98.03662773122483,17433.20870465566,6065.379335036739,7.731934938253843,0.49940522135410215,13.365281618051515,28.245187871710897,4.455465384913925,920.8162043448369,36.69969537003027,0.5458280297772454,2064.3223956195325,3.011487985474358,26.997679792425146,9.862548287634391,1917.9678488710356,0.6611098662135878,Medium
7669.375087639524,87.26378150763864,9677.030514467202,11923.263687197265,64.27072268324243,0.6137677229898815,16.18603744153654,85.01371059392724,3.8960713439066357,853.8936525743026,17.904159439098038,1.7652882645147492,4913.636611758212,1.5051214973040812,6.111849644834166,28.763992761960733,195.51370250530152,0.8186838347092722,High
4580.780524883752,89.2765620620728,5822.785265967068,2634.9061383453827,17.661085351907005,0.5743638446621125,8.748225759675538,83.18768933559763,4.7006275637640105,921.5986160685476,33.82750986915092,0.11936617055363215,3492.031403382254,4.73990297664446,-190.53825076067488,29.583657667610705,1089.958126314642,0.7349416840702689,High
5536.174043441963,124.13591997886616,47879.30126057814,19333.81504174788,62.106781876991796,0.13438250538165197,13.964531642164491,26.939334125969705,1.4905823937609386,972.1868684357715,13.63208544604217,1.8825036763052805,3151.9375374288,3.6349991044864787,175.85567661983123,1.8182197985233992,9413.480860926828,0.344377466280536,Low
3207.8642952519604,133.51015198550726,30368.626527066113,3908.307263725636,35.13388014422585,0.6536934069372226,17.0205175497738,14.351567155094124,4.263661818545389,976.3088548161406,13.009748958903172,1.125886684968792,2368.0590378605157,1.5657801659123427,57.5977891416793,16.434550445170345,183.57229662486745,0.7155666411683385,High
3741.7160048104442,76.34525709809424,36704.15792759353,13136.591202076675,37.41973208906863,0.845238957196827,11.547533602307984,98.04494879937197,3.6049603835943778,860.532034000181,36.02138788866189,1.320967580190532,1356.0941889821663,1.950448245216228,-163.3494062002835,35.71548500686322,141.97168620572248,0.85182818844679,High
7933.150614794235,93.38469073419887,16452.823420039756,5286.3620195091435,42.22597464834946,0.24175049326822345,20.618896379009744,33.122332394457985,4.413916623054598,853.4525094296916,26.54834207688382,0.7417021498473427,4338.595527607326,4.648674517836664,-191.61913188219003,21.29242572150969,2395.655974383335,0.788427058286367,High
7825.5934821802275,141.17461770742352,20264.209345206746,14492.446961646447,33.09376573147889,0.6348985605339362,21.80899163277611,87.73472009444157,4.086102045841834,779.7035396508512,34.4805539106971,1.56616862816701,4135.925072715682,4.493683340183011,-179.68654430529946,14.557484256120778,189.00657122152325,0.8236057214592316,High
3024.699904672048,132.6024167725265,12609.27570093945,15648.01666118548,9.055797950033108,0.6342494900017729,11.472189388681414,5.39207969408737,2.0592277842957127,980.7399494587874,14.202486046656492,0.3414668376679681,919.6884488370389,2.3231589726114033,43.758305372896274,10.893369912210074,1466.7662997770758,0.5868006969204934,Medium
7759.058927116195,148.6372562486228,5751.3178773058125,13631.684713772936,27.86686290025612,0.24776646765072288,21.773143089849142,6.99735668586221,3.98479341657765,837.3757501598863,30.33744371177979,0.10733453230418918,4047.347593876826,0.6723824989615295,45.606165957834094,10.490826276813008,9999.956178274722,0.16876441302261436,Low
6195.599689077502,127.88234337138726,9772.550234637605,12482.739474976255,59.73609246245446,0.21111721635766242,7.0715313220603,49.257774326154994,1.6810533634320064,738.2773717862132,22.752748835452515,0.7970787167840387,3001.8602286754353,0.7182381600227219,-0.1330832874235739,4.890953320181447,1803.5799716403037,0.687908445169359,Medium
7339.59147260011,95.387568092513,40078.18821952781,17903.14733206423,59.92059613219838,0.9820467486788363,21.754581972453128,27.677894973831037,1.9786647336262466,829.811474387965,30.25105405543087,1.7088544708222686,4659.901957146518,1.7776323091327506,-77.29367173881938,32.871830344630595,122.19377556255644,0.9950038689255347,High
5273.699278169295,113.1574050595174,34199.74445400501,2033.2208643002818,25.760187651599495,0.4543472526877338,8.055008633352331,70.5349219264166,0.9855757275033927,738.1159750714012,15.253106879966749,1.5123044049090124,4056.3443214326585,3.3310499870254975,12.697092645856543,4.379638810372677,378.1235326185782,0.7134838248609255,High
5577.980142896251,119.49128288225883,27799.514923288367,6952.837932713806,41.409236390191914,0.30467955585117634,6.65854305019452,58.72861092895566,4.707844771912109,850.7595052771226,36.05709721880707,1.0391403812730264,1912.6645362504248,3.1288758590055283,6.520728350503134,12.399495868610817,393.85642290556297,0.8397571322858701,High
5444.2329012846,67.06102346854115,24279.403770471636,5341.605852801496,17.410250521074374,0.2541920900089375,17.835508088820227,12.361150757796686,1.8095151353012668,868.3826544568636,40.49053894181381,1.1485541168590534,2524.6987298581553,3.3522250412477423,-192.23377604937374,2.781353804087775,6911.767896245161,0.19918391294928264,Low
6334.321287730521,109.00472631934787,46199.2798991501,19766.27226027572,18.93348733768522,0.7008415422249116,14.438747315105886,20.449688149993122,2.8428010932715333,801.3267284480756,13.735907219028459,0.2684867243345233,3306.7207459225933,3.72777337369448,-87.01230786900078,31.47407621922432,1025.3460153986355,0.826688132397576,High
3698.2562737815647,123.83887456253487,4564.012441154751,8093.100703504033,2.0742379565946667,0.6485007675945509,23.157812008256656,41.86468065554936,2.260997764097867,721.4951842694454,15.73040743292646,1.6829562021489886,1951.1729721591148,0.5856451411673229,-178.72586341314022,2.532063606844828,3496.6422495331267,0.5469668543305924,Medium
3149.86794936339,75.05891736009544,14749.439848657883,14785.947635187775,80.70718949169701,0.6791969106886757,12.263783921816984,22.63238607576615,4.819676542625757,983.0510606899718,33.39655921623555,1.5760497690987518,2165.234538077122,0.9728851782759929,160.06190057906218,13.023743050860128,176.67924884747381,0.765478279282227,High
4539.649707955955,130.25685456830013,18146.95482496499,13852.140695679589,18.96359985674156,0.17920542476030704,10.743045268752574,80.26112298817321,2.007721269223171,932.0059340450289,35.08367354087366,1.316376083835016,2368.325414841644,2.1176755332224566,90.08926511405417,23.3585974333799,669.622586261012,0.8235856431927322,High
6523.403813683233,112.53955024627004,39338.864798426606,4635.584130808866,20.478048924281698,0.9041811251485933,15.014698122883967,44.5266723775616,4.003456196402101,951.6643241515363,35.50088453547505,0.9377201622945875,2045.613212848651,1.196869988847118,198.4460680771649,16.97289305144431,132.7167717422537,0.80588294089563,High
4009.2672606147416,145.69996071278354,49633.2163879366,5160.454764125251,25.164128938061864,0.45033975712814345,14.118923715373226,13.87602735003743,4.3493726958403105,810.0605182858689,34.452226734016,1.9292739438762299,2626.2787272241785,0.8389401914504937,-79.13149467788485,12.008571622714918,266.46548100760776,0.852627552756123,High
6367.1621666245865,63.81800683862025,12792.8552231005,5985.048989284165,11.46672645258861,0.3820324657873222,11.888560924343764,51.01257571585186,2.4602292386643465,928.2493090058351,20.247578130674402,1.7592736240341775,4727.0757294061195,3.3843397819879937,151.3943391027641,11.732373824674124,314.1094298168997,0.8905127020989555,High
7849.560230536352,83.87935237999203,43841.05937271695,8516.981926057895,57.533659486322655,0.5161253025229653,18.874825973966573,13.629627200834346,2.2017731650381904,845.6118685507582,20.34783004578024,1.292416682094091,4371.83106611847,4.169014148709946,41.221707172992694,32.113821934243724,232.5016801412493,0.9615977809273717,High
3469.503578947092,114.13984913698417,41700.51526115777,5069.338780185272,6.762865785982791,0.4510594591728655,20.191236678278166,17.24904401488263,3.864856194196826,760.3250465218138,13.48606355857469,0.749883985457403,2048.930121578937,3.886819958454271,-18.74983723855803,38.985145708402555,266.0403136651898,0.8107625938218606,High
6363.010591125631,86.69039209853376,12008.212484446565,883.2039135635322,12.078218369371523,0.8772193028252313,22.05967938060273,27.762934042679504,4.6080319113780535,737.3270130721639,8.684851294921785,1.2398643345762097,2427.286320757857,4.176679003741306,-110.97075548454596,14.573601747502943,545.8690206252309,0.7340409849496184,High
5218.751096522856,124.2981747664118,20567.296429761907,17648.164607740313,58.028105393108355,0.9363348776781029,24.457132094206855,86.65513199851154,3.8971927988250723,803.5152607966171,34.93629159044838,1.1551274437960242,2141.373461825171,3.4963544482604476,95.35686611445715,2.5266750307516443,2760.358620160604,0.6271108275395806,Medium
7340.711271887527,128.3104754269738,21073.970595333438,19329.39171192724,30.569455843329848,0.37310789480464557,10.333123842650089,92.83819057163234,1.5220686451633951,741.2656334425419,5.566250512643329,0.7945415557914836,3065.3717941435193,3.80905394816391,161.65629956172,2.4260653384552286,2703.404853520914,0.6455668310198495,Medium
3885.74894723693,69.2264367659827,48932.81275780136,7160.622547115575,63.71530440310701,0.8775422267139593,19.321869649799233,83.49448428654657,4.497384863469675,999.4806928612206,46.9518220525523,0.6202812036592714,2002.6022718839533,1.723004483937356,-105.8766407698517,30.609323193218003,136.745556335621,0.8702854623730043,High
6463.129761130823,106.2469017786091,9863.703167566018,7100.884148796721,50.168227020312784,0.8033708165797604,12.885164709914905,36.737335654695485,2.244117503465749,714.7566970696066,41.50762887990112,0.8199514765522715,4938.30042825023,4.968536163278739,-129.84386601055496,22.542423042755953,149.37062378103718,0.8227253604023437,High
7190.576448240551,105.80015000319503,40158.74058413432,638.2903491002343,23.041905575536177,0.9377269051102857,18.541639439022163,30.882411905339005,3.0930323530007042,832.343079810723,43.01778125790555,1.1520836980064617,4033.1395617675407,1.324245445222492,78.48876600194677,31.560113639275887,127.96902738530986,0.845757559350904,High
7723.071097370116,93.2352693193987,17375.442994482386,13764.888422442295,58.57451554403953,0.3211752809672991,14.519633806984407,57.16979062507272,4.241460286817199,835.6280567171152,45.42677191614432,0.8619883409750779,3058.7132149747476,1.4652224347522211,190.78926509020766,28.202383401254416,373.62775752414757,0.8266556215726382,High
6416.240141448229,143.9632376312705,36812.64694303186,16596.07796709826,10.46463122635926,0.6192632351088811,24.875462055358632,73.57605025064566,1.347776453302215,790.1895785745027,21.021643565438765,0.5345132315207539,2778.5134484491828,1.8001482431713107,99.98204044163123,36.392747621350466,1050.8727041219286,0.9056303362241348,High
5485.873820042137,134.4755687885899,21580.53921048748,3358.8618570200615,48.27693447720274,0.3470901262664002,19.578042715815,99.37041487521661,4.030295610548989,871.4054697120836,42.48833544416965,1.5243170023440094,2699.0911450541726,4.888995935479605,-86.16770438094044,35.54714735081832,345.7315288418693,1.0,High
6089.23620100607,122.7488443718673,29339.62839271046,3613.4938126594393,39.34332945405312,0.8416850414359368,24.04982600868649,17.49921762849799,3.182732590598049,744.9931072454634,8.745003714290817,1.0676203169552518,3724.356418997099,4.947298652092577,-32.01783034088575,31.744768429225918,142.57114489676192,0.8784550905137949,High
7344.524922393591,124.28939721614978,41797.97689298043,15906.623374443036,24.10862245356967,0.10479177151395784,21.699390989623716,9.682739907261421,4.520037388224237,935.17371417617,2.0604479358035483,0.14467357481894394,3819.2747061767514,4.077021873679239,-46.272945816651315,19.532377241643605,21612.657417685587,0.001933960452201705,Low
5853.048733194149,101.55445294318072,40404.112684210326,12517.66959290582,54.36044979655501,0.6083372465977565,23.05802022326742,70.96380945455074,1.2738668082959432,799.7343154742915,39.45967833852866,0.7429498461959898,2904.4140189874074,3.3307591935183516,140.83800721881818,13.016929896550247,2640.7248742801153,0.7527582650784829,High
3151.9352984841844,142.88950689869182,43454.735993445305,1374.7808737404816,78.42002331062542,0.40528308814472624,21.2883839442935,84.06144943287103,2.393070066684178,877.4027769395925,4.665035751850025,1.770977779851867,1835.5745943758359,2.84028158833076,108.54831154888956,20.774044710340956,296.08933486301333,0.9277054080139588,High
7654.743477534889,122.51358845279569,3921.248941888292,12639.666314014492,89.9014229786769,0.3904153363700382,14.183182607518228,85.4031340873102,4.247793917900768,914.6917708200879,49.437708698970155,1.5129206970879043,3222.0154683941555,4.867793805590805,35.590173904608065,20.58079268547312,307.36497473619534,0.8654276489289597,High
6447.633755157805,125.60829554902348,34910.4770989475,6523.895595453439,54.698649186908206,0.6804156914784253,10.035769066937688,69.45403716233027,0.5865426655554208,966.7126353070483,34.065025050476244,0.6532611000485741,2188.6598284017264,3.630302612862114,-90.0163558412387,24.80074640668417,176.36277573090769,0.8256555879750175,High
6382.566928886233,137.55218134086107,7859.38145936638,7690.140531681496,36.423528689625314,0.8663360043825945,12.406403509010444,95.63150139132277,1.0049061504453929,950.73623093566,37.91903580186317,1.8769844725685731,1992.6830778537358,4.751285577467136,175.19541108882248,8.25780514353326,138.5143863269535,0.8468407416975429,High
4078.375761988586,84.66644304079719,21375.109832902137,15509.762656789164,20.268639019458146,0.6482758522539936,5.404724652799009,53.54545253673576,4.957543457405306,882.4927084310679,13.044388957615432,0.1624397876328382,1735.8773697275053,1.9244785976493075,61.32608990765863,26.56917533735456,201.55002528020532,0.6873575845759634,Medium
6294.4273511632855,132.63638134800328,27880.832337679734,16313.236257115906,23.138648045560057,0.8678556807820502,15.479863349293343,91.81240584194019,1.7617738036565775,816.517954115166,34.01940430206472,1.9228570607454558,2176.587907782798,2.0019865652130453,188.19065857671296,18.807436044026815,138.27183788422573,0.8420109646265066,High
4969.3220282707925,77.57165426608428,20734.234752594708,8306.954223376699,43.15094803347891,0.33813740069292697,15.101156005408175,96.94215301419469,4.889944371757791,850.9614010224892,3.1177769254929033,0.49895313404450453,2326.489080483193,4.34626067353296,32.046813216812296,25.18798844569351,899.1126890882115,0.7597776457610809,High
6256.16488520746,91.0807757020399,26460.972114347365,18969.48225212392,33.054993115263834,0.567551669288483,15.505009296609764,85.47995841529523,1.3213919795390325,930.6204380136408,42.053460276256445,0.028097418801814336,4294.649302461131,1.1743471426338248,128.47710334544564,10.344588093862281,3216.8390430449194,0.7076616914129606,High
3532.9651515399537,90.20494088428585,49829.78913113234,8426.023000065408,82.24330703624499,0.5054828851603684,24.480624499441276,34.42706350956896,2.1249249935330106,963.2636627678419,9.31158055854705,0.8732779926714703,2325.2109993898075,4.756675375832341,125.24215175781069,17.941400861216845,2092.1287493674995,0.7374166374598491,High
6289.226523015181,148.06729215502264,7625.648371929881,15550.802686987143,33.14659208901386,0.1104804095527866,23.229080069096785,23.64048686117805,3.8879125002660677,731.1345784530016,35.17054527485476,0.7243511550771472,3807.8990613450965,2.7836345959853337,-65.06848926656318,9.19784736364829,17994.077437701173,0.17299548977292098,Low
7997.0686288533325,137.0883501373134,34097.346221484855,9935.606659003051,33.610013203089196,0.6011309288266661,8.23425556660216,57.07140617327275,3.4600028325718033,815.4568787479161,11.999544560403688,1.0827871203615196,5807.872066865197,4.66886245362664,185.60828918289127,35.136901113515265,199.62373294321307,0.8991478472997881,High
3241.06019430278,123.10528754312338,20404.047352895144,18001.880367180638,34.518106119057926,0.6953718917315574,12.377650431117784,48.0364012861179,3.11505079968075,932.8349795240501,4.354205301876094,1.5955779925339924,1429.4171332968324,2.0155675492661587,-191.2234129609744,20.030480756619966,172.56952923591138,0.9390200662904556,High
7885.870921106586,125.4351085453851,7517.48014645911,18201.34425117848,75.29581893308922,0.6327229639771631,13.479123589265239,88.38704250830963,2.884546291122534,829.4955287781883,24.59319024892032,1.6864372962793897,5855.471103649604,3.7218150686272864,107.48436350696568,9.774275207378674,189.65646393755856,0.8154311167583616,High
5034.539803614353,110.5865514962314,8778.101405341167,2204.627753486135,58.570948876221166,0.7626519089050793,12.210658357032955,14.503008751379603,4.295481996491331,799.6683292198852,9.295024303366683,0.8084476992272667,2515.3546865150192,2.6729380488771035,186.22283430561754,2.607139133920305,1589.6514682019326,0.6061305872143227,Medium
7353.767251686296,145.2381600397667,47514.382206035225,18761.6199605494,55.27519652870034,0.6142055756077694,20.96991927207826,29.485305824594267,1.557268532750267,823.3968090469809,36.74275542800094,0.8653930299756369,3680.1682531503734,3.320616336104629,-64.43671868651086,27.35380792148813,195.37432541418636,0.8556518658498433,High
6911.9274202913675,104.66328775941254,44100.47333887634,16597.929409648106,30.072872014547595,0.16007522936568125,15.480753397351739,76.42089972927731,2.491119171470833,880.8534240359053,12.640726325790759,0.3048736833556526,3474.4586926262077,2.7696762191261852,59.24423511638878,9.371143845600473,9463.354178590449,0.30988916479617756,Low
5835.081304933339,94.2465938882905,45445.05606033607,15930.558929097004,73.61137591491955,0.20480097167624028,16.4419963394325,14.023731272844651,1.1995353147040577,999.9415432401404,17.781155255555614,0.10461974167351534,2036.718692766019,4.852020278171127,24.88929993768423,39.59370550043236,7206.828950513397,0.30532075265790926,Low
6692.246046256632,74.67318032384318,49585.10601554194,4417.7711238676875,3.452747522013102,0.6368271197895572,22.06027117975851,35.47261933206152,3.18173718078817,847.8977287313595,28.804523311959173,1.2860178305676992,5271.78502918545,3.6144742901626277,104.60292387060946,21.814314563191694,188.43418609379358,0.7982902762822081,High
7392.57780650674,130.75850870349524,11207.45411041738,16199.824570715966,78.37174551043019,0.34748127277627616,21.11856306830717,41.7797624351284,1.6274499092209407,762.5483424862782,14.963445601288267,0.13823087484985763,2729.7344078525375,1.6309353588184194,146.47116865802093,12.27010285367325,6707.39664137856,0.19079919296344683,Low
5020.701608255165,126.09995388680323,18416.527530839026,17077.58832635822,46.147490981453664,0.17168061613128927,7.644230456405994,64.14641067345555,2.002289289545236,748.8539725837284,19.52141769428812,1.4703219376486973,2361.9532350133804,4.59354614857288,41.217827719819184,26.64941991791258,698.9723284091224,0.8326308516788744,High
4635.165807816194,94.59195346717215,33791.73246631847,6138.431521855943,35.84252113770715,0.48664246910369213,19.278291681672684,20.022601343339637,2.6206282248058765,712.7049242429243,40.96546678097895,1.0827893885942725,2130.5547059465293,1.8231338216979696,126.36183455258276,11.733577014085336,1620.894044699612,0.8669382401839156,High
6337.9669278179235,62.26740725633064,24706.324453171714,19069.071528065313,44.74505526459171,0.5988903382752898,13.70872257804071,86.75742658322241,0.6204676356640753,867.6451704754965,9.78128262849026,0.40518012666990594,2138.04796603563,2.172222946853853,-75.08576964429791,32.990697462480114,200.37057259193924,0.7891051279533193,High
7039.229709706293,135.50975949462097,21501.087135538342,1472.2728547837028,60.0673977480448,0.39587138951464595,10.892978061250009,47.51651236929605,0.9137207116437694,863.3716274466503,5.0278778846147505,1.0836506575901728,2647.665928655522,0.9595566410909602,-108.56517651807324,13.021205986267734,303.12875135312197,0.7403389259989545,High
6811.425673883079,61.027618510866624,18532.75121744406,3423.2304383192236,1.1488883866107624,0.7483903320032002,6.000376418043727,92.11706262865286,3.586681493186988,761.5701780340928,17.089531471517944,0.3741654560381767,2196.2023135553313,4.549849339082859,-27.732924186863926,39.541661563440464,160.34413442888635,0.8272030212146584,High
6989.068244293172,123.33298016661459,30095.25096522916,10982.83219200453,78.43966708124229,0.6793935472911202,14.74499120690902,49.447641795223504,2.4303649132287823,908.59882193577,21.79446158368003,0.8830870429457199,3118.5379535041575,1.7875041045253834,71.0946398323133,24.600646632366452,176.62811264320118,0.7954665850261191,High
5177.916574064665,147.32313987534513,29204.07800336402,11727.953186885039,40.20655727802536,0.3995365249825048,12.108733614490628,31.12882459936967,4.391555998999529,922.3321124889043,27.590304824691817,1.6011250293220356,3797.1135976979876,1.6651292806912206,-125.10122042451056,33.93203480876387,300.3480094973911,1.0,High
7089.171080875109,99.3895195333383,8911.433869147764,13080.426624367616,30.866986773007035,0.7793852760177046,10.030260793528017,18.473738725329113,3.6260240163988975,777.7294616146334,19.248761112575345,0.9292193938871685,3329.933258533495,4.641181690977293,72.14087686075658,3.8398033135584666,994.9750837803326,0.6613970814054341,Medium
3601.045276853042,81.14760644963575,24115.252038403512,830.8980216515959,12.44210090706514,0.6838255382797319,18.89343459193915,5.355783997572058,0.5364542374129511,803.2299292089209,39.70567331091745,0.305911643412121,1303.0235268816805,4.12487088082265,-42.36254057117307,14.583677278061339,2532.5964768946665,0.48425523959252786,Medium
5722.445489804248,123.43839090390435,28120.117034282644,19227.15210513154,39.55188369225979,0.6737008408461118,20.389707746311743,55.55496107355938,3.275205488452107,997.141501704177,2.92665489575519,1.4504190768276608,3564.2076294051785,1.1348551468371848,118.2301095570528,29.761996360479838,178.12060298053075,0.8999564943077196,High
3028.793302490608,133.54153278140268,28944.059997838132,1369.4678083158078,44.669049415594095,0.5980849307083612,9.895790380588496,15.179886208057725,0.9217618972687238,812.2793403552203,22.15660937172934,0.3816691483773176,2417.8870745911545,3.961960267566563,-185.26567315867868,26.547301676282725,200.64040044927086,0.8312547488905295,High
4622.929149501351,109.17872844700625,11295.25245270524,3289.7080781063464,36.328202504413,0.11025070127969752,5.988948733586945,42.21413754496193,4.014199309057224,928.2405015268305,19.730539818163827,1.4797142499965177,1923.8869542252878,4.608648941242058,67.19305513175777,8.575481735916554,1088.4284508591854,0.8699779103983942,High
4832.307674356989,147.03317477305316,37371.29822036205,773.2830917581111,61.079408444420736,0.7268564651292002,21.9750540113047,60.98081731752323,4.961784597253259,835.8176279889819,32.73134604953609,0.9639110555395083,2125.1788596970478,0.8533004819483476,59.92893465998708,14.891914289878684,1258.114671284809,0.7750864508309773,High
4980.863458046277,64.6501849492165,2234.755646232412,11553.739449234847,37.88068758833034,0.43843761199824083,5.199194824086066,31.190160205756527,2.890394574086802,938.0034483582928,48.347536342972404,0.9129461005976601,3914.577777152431,4.213467477070578,176.37419045012575,11.274292892014095,273.6991460497269,0.7319128940398781,High
6477.336033449311,105.43160384740753,18386.76092161497,18679.204236458958,86.5275820061916,0.94834873914279,23.74224987842944,21.64630777478095,3.5725077508735867,930.7069716347944,26.008394924814247,1.7043557253363748,2522.197854673326,2.963390233428752,85.34702142562816,24.921436620711876,126.53572999787788,0.898351697230452,High
4942.790506351728,124.6608552590295,39230.41977824605,13485.969738569052,53.934976604123264,0.8361862939694849,17.55239747965412,78.59855414788746,1.5679137240263818,900.3268075595606,49.356965500144305,1.4201210134379307,2746.2491715808223,3.511388522204603,118.52075856931248,14.438160948892223,143.50869042632166,0.8094643724879976,High
5243.468113112653,137.63764240342613,28630.753131714715,16541.820635368334,72.6730142086718,0.628925022578181,11.436932704026406,94.94516136675395,2.469189846892071,956.4335038886738,15.810220350746675,0.07549248594032912,2201.3445927884586,2.7178445250722163,161.83640634126732,13.053115438013643,1994.1684992911125,0.5885394111973354,Medium
4187.7206543716375,76.1330050717011,13796.959193032151,758.9834674423116,9.842031279853096,0.32696378363734246,9.929558191534724,14.54183969688677,4.352428995063727,981.7655484633055,2.5125384945805895,0.5993868860571887,3208.530846303309,3.640113882073754,70.02076731679512,9.087741237017326,1645.1309268517264,0.7830011118367575,High
4866.2589581467,132.00031335873132,35052.702847809334,11069.29832035466,35.756216365131515,0.28334565394989997,5.180113285289504,19.781080816575745,1.2534032648581306,873.9949961356251,9.117495206344225,1.7431321150912982,3848.045402339574,0.6534403775003894,-83.93854601601016,16.952057715671284,423.51099558851155,0.8713627509565458,High
4136.348136315757,109.74363681466907,28802.156263647597,9461.478061357677,30.316293130243743,0.40634635390979423,9.709428340217542,96.20120243900827,1.6949102252619295,771.2406721668237,20.361119353953796,0.0464690754049453,2925.8413996242202,3.9321802545047766,147.9095198334088,8.62460101766559,2748.980326450234,0.5874978998779117,Medium
3365.9796188422183,95.68983137909669,40015.93686336297,10229.874912305464,51.25341493229326,0.5289111492220167,7.754566030342822,8.589501072163397,2.504451538787136,819.5886884932225,16.500361550239056,1.095054358061321,1539.571839836317,0.6500466403653129,99.03124779039001,38.54021390772766,226.88120712998733,0.7988303393348499,High
6017.24296690689,71.85435257211842,37016.23412330134,1908.157114036165,77.50021680552831,0.36645895903505243,17.24332441446291,97.87507197229486,3.705120013298063,927.491714053988,5.755652418185506,1.4583730816561482,3019.113976505385,2.5488493148630456,-30.224958399642617,7.025570648316832,2291.3631527337698,0.6644164624615843,Medium
6341.063992775082,137.87661830180213,30895.288179775496,13846.489540851495,7.0504395985806,0.5634365458532345,8.330911771876027,5.441225893073933,2.191477796580532,895.2650455371609,22.200345276845123,1.247493610114306,2670.557120803471,1.179342469086327,84.21166905998484,36.61888388339228,212.97873005074456,0.9463678022627672,High
6097.451730048073,74.15458873617439,24920.706090229887,10312.798089743372,6.531731824023971,0.24883338296186736,15.572596750732385,87.99852228687648,4.674795259023518,753.3395015695746,17.567672811318573,1.5234590821878284,4544.912372510961,4.206084248080883,147.0755508724568,17.710450828106698,482.25040616189943,0.8099492839389616,High
5317.470219002862,87.88090732881894,7525.924157708647,15420.402572294648,76.5285937341839,0.9799415315429499,16.802328446889415,34.1958921938362,0.9250567307092363,715.3718623439274,7.008341802414484,1.454126779340344,4026.8092682755237,1.9114740912905086,190.2608525565086,15.73677367090716,122.45628554088944,0.8013515128833135,High
4898.92890089615,86.10409787661932,13805.317876383804,9963.16736420345,19.156507743452167,0.19713209946849447,10.96083396693829,94.16594152684317,2.168618888951814,904.8884780626195,15.509739399983538,1.3871410833546955,2495.6874667761795,2.5434209507194963,180.94060158362214,10.021472235289105,608.7288692381544,0.8132291827388561,High
7316.6682478591265,138.4272630771769,21535.87417293718,3412.9419064154254,60.18779290048323,0.9387497256889349,5.701298980374374,35.10980242038062,3.6902935554278984,775.3237072088036,44.43536671241414,1.6448643232420477,4596.817807472123,2.429378335842402,-69.8688692943434,25.794497040333244,127.82959793882628,0.8676565097207821,High
